[2026-04-14 11:24:56,528][__main__][INFO] - Loaded configuration:
[2026-04-14 11:24:56,528][__main__][INFO] - --- training configuration:
[2026-04-14 11:24:56,530][__main__][INFO] - 
epochs: 100
save_epoch: 1
batch_size: 10
learning_rate: 0.0001
weight_decay: 0.0005
momentum: 0.9
milestones:
- 25
- 35
- 45
window_size:
- 256
- 256
num_workers: 0
cache: true
augmentation: true
alpha: 0.01
beta: 0.05
gamma: 0.5
distill:
  enable: false
  teacher_ckpt: /home/wsj/FDMF-Net/Baseline_Vaihingen_42-improved/2026-03-24_11-13-08温度系数1.0/results_Baseline_vaihingen/best_model_vaihingen
  teacher_backbone: /home/wsj/RGBX_Semantic_Segmentation/pretrained/segformer/mit_b4.pth
  T: 4.0
  lambda_kd: 1.0
  lambda_edge: 1.0
  edge_k: 3
  edge_boost: 1.0

[2026-04-14 11:24:56,530][__main__][INFO] - --- model configuration:
[2026-04-14 11:24:56,531][__main__][INFO] - 
pretrained: true
model_dim: 512
num_heads: 8
ffn_dim: 2048
dropout: 0.5
num_layers: 1
backbone: mit_b0
decoder_embed_dim: 512
pretrained_backbone: /home/wsj/CAF-Net/pretrained/mit_b0.pth
bn_eps: 0.01
bn_momentum: 0.01

[2026-04-14 11:24:56,531][__main__][INFO] - Using GPUs: 0 1
[2026-04-14 11:24:56,531][__main__][INFO] - Using model: Baseline
[2026-04-14 11:24:56,531][__main__][INFO] - Using dataset: Vaihingen
[2026-04-14 11:24:56,531][__main__][INFO] - Real Training Configuration:
[2026-04-14 11:24:56,532][__main__][INFO] - batch size: 10
[2026-04-14 11:24:56,532][__main__][INFO] - learning rate: 0.000100
[2026-04-14 11:24:56,816][py.warnings][WARNING] - /home/wsj/.conda/envs/FDMF-Net/lib/python3.9/site-packages/timm/models/layers/__init__.py:48: FutureWarning: Importing from timm.models.layers is deprecated, please import via timm.layers
  warnings.warn(f"Importing from {__name__} is deprecated, please import via timm.layers", FutureWarning)

[2026-04-14 11:24:57,277][py.warnings][WARNING] - /home/wsj/CAF-Net/models/encoder.py:482: FutureWarning: You are using `torch.load` with `weights_only=False` (the current default value), which uses the default pickle module implicitly. It is possible to construct malicious pickle data which will execute arbitrary code during unpickling (See https://github.com/pytorch/pytorch/blob/main/SECURITY.md#untrusted-models for more details). In a future release, the default value for `weights_only` will be flipped to `True`. This limits the functions that could be executed during unpickling. Arbitrary objects will no longer be allowed to be loaded via this mode unless they are explicitly allowlisted by the user via `torch.serialization.add_safe_globals`. We recommend you start setting `weights_only=True` for any use case where you don't have full control of the loaded file. Please open an issue on GitHub for any issues related to this experimental feature.
  raw_state_dict = torch.load(model_file, map_location=torch.device('cpu'))

[2026-04-14 11:24:57,595][__main__][INFO] - All Params: 9350544
[2026-04-14 11:24:57,596][__main__][INFO] - training : ['1', '3', '23', '26', '7', '11', '13', '28', '17', '32', '34', '37']
[2026-04-14 11:24:57,596][__main__][INFO] - testing : ['5', '21', '15', '30']
[2026-04-14 11:24:57,622][__main__][INFO] - Experiment output directory: /home/wsj/CAF-Net/Baseline_Vaihingen_42/2026-04-14_11-24-56
[2026-04-14 11:24:57,622][__main__][INFO] - Start training...
[2026-04-14 11:24:57,623][train][INFO] - Train (epoch 1/100)
[2026-04-14 11:31:37,008][train][INFO] -     Training Loss: 0.5428317827284336
[2026-04-14 11:31:37,008][train][INFO] -     Kappa: 0.8730141877894724
[2026-04-14 11:31:37,008][train][INFO] -     OA: {'total': 90.60822195226464, 'roads': 0.9140161082682102, 'buildings': 0.9805238738272751, 'low veg.': 0.6979274539998829, 'trees': 0.9484290059097242, 'cars': 0.7851180747526517, 'clutter': 0.0}
[2026-04-14 11:31:37,009][train][INFO] -     F1: {'mean': 0.8755908037694757, 'roads': 0.921325553910423, 'buildings': 0.9584222429604168, 'low veg.': 0.7748326754581811, 'trees': 0.9055570015829019, 'cars': 0.8178165449354562, 'clutter': 0.0}
[2026-04-14 11:31:37,009][train][INFO] -     MIoU: {'mean': 0.785183980385101, 'roads': 0.8541275426060413, 'buildings': 0.920163892213372, 'low veg.': 0.6324300852113801, 'trees': 0.8274135819705698, 'cars': 0.6917847999241419, 'clutter': 0.0}
[2026-04-14 11:31:37,009][train][INFO] - 
[2026-04-14 11:31:37,009][train][INFO] - Train (epoch 2/100)
[2026-04-14 11:38:05,498][train][INFO] -     Training Loss: 0.39196585257351396
[2026-04-14 11:38:05,498][train][INFO] -     Kappa: 0.8751293336605401
[2026-04-14 11:38:05,498][train][INFO] -     OA: {'total': 90.70869896635162, 'roads': 0.9109915670437196, 'buildings': 0.9659408436040404, 'low veg.': 0.8400281116611718, 'trees': 0.8811300867791548, 'cars': 0.7483067320432885, 'clutter': 0.0}
[2026-04-14 11:38:05,499][train][INFO] -     F1: {'mean': 0.8813443960471176, 'roads': 0.9210406724907362, 'buildings': 0.9613730802117858, 'low veg.': 0.8026673083551061, 'trees': 0.900108705775708, 'cars': 0.8215322134022521, 'clutter': 0.0}
[2026-04-14 11:38:05,499][train][INFO] -     MIoU: {'mean': 0.7930234437414253, 'roads': 0.8536379908007498, 'buildings': 0.925619259327323, 'low veg.': 0.6703795143623806, 'trees': 0.8183615149081779, 'cars': 0.6971189393084953, 'clutter': 0.0}
[2026-04-14 11:38:05,499][train][INFO] - 
[2026-04-14 11:38:05,499][train][INFO] - Train (epoch 3/100)
[2026-04-14 11:44:35,049][train][INFO] -     Training Loss: 0.3481865750849247
[2026-04-14 11:44:35,050][train][INFO] -     Kappa: 0.8728220001670955
[2026-04-14 11:44:35,050][train][INFO] -     OA: {'total': 90.53641386664253, 'roads': 0.8635865509802024, 'buildings': 0.9863297576022779, 'low veg.': 0.8458957319194821, 'trees': 0.8937610978063906, 'cars': 0.8438830484876612, 'clutter': 0.0}
[2026-04-14 11:44:35,050][train][INFO] -     F1: {'mean': 0.8872099175460633, 'roads': 0.9136336701098897, 'buildings': 0.955576219634746, 'low veg.': 0.8060526746439528, 'trees': 0.9047523905982285, 'cars': 0.8560346327434987, 'clutter': 0.0}
[2026-04-14 11:44:35,050][train][INFO] -     MIoU: {'mean': 0.8010845335442982, 'roads': 0.8409996195319371, 'buildings': 0.9149315034751159, 'low veg.': 0.6751157756508058, 'trees': 0.8260710937250143, 'cars': 0.7483046753386177, 'clutter': 0.0}
[2026-04-14 11:44:35,050][train][INFO] - 
[2026-04-14 11:44:35,051][train][INFO] - Train (epoch 4/100)
[2026-04-14 11:51:07,581][train][INFO] -     Training Loss: 0.3065901475250721
[2026-04-14 11:51:07,581][train][INFO] -     Kappa: 0.8725548595566878
[2026-04-14 11:51:07,581][train][INFO] -     OA: {'total': 90.55230962216469, 'roads': 0.9090104519535881, 'buildings': 0.9566497699498078, 'low veg.': 0.7271921755876405, 'trees': 0.959615367104053, 'cars': 0.8493311003046874, 'clutter': 0.0}
[2026-04-14 11:51:07,581][train][INFO] -     F1: {'mean': 0.8852105960634521, 'roads': 0.9162572789985831, 'buildings': 0.9588985088340523, 'low veg.': 0.7842560858642762, 'trees': 0.9048741827848596, 'cars': 0.8617669238354893, 'clutter': 0.0}
[2026-04-14 11:51:07,581][train][INFO] -     MIoU: {'mean': 0.7989931174204916, 'roads': 0.8454564549710919, 'buildings': 0.9210422970004251, 'low veg.': 0.6450832915925443, 'trees': 0.8262741765013972, 'cars': 0.7571093670369993, 'clutter': 0.0}
[2026-04-14 11:51:07,581][train][INFO] - 
[2026-04-14 11:51:07,581][train][INFO] - Train (epoch 5/100)
[2026-04-14 11:57:37,078][train][INFO] -     Training Loss: 0.2818696452528238
[2026-04-14 11:57:37,079][train][INFO] -     Kappa: 0.8835670984847922
[2026-04-14 11:57:37,079][train][INFO] -     OA: {'total': 91.36152237214452, 'roads': 0.9316563167036642, 'buildings': 0.9695460789124437, 'low veg.': 0.7783347285812223, 'trees': 0.9190900481701709, 'cars': 0.8081747681214982, 'clutter': 0.0}
[2026-04-14 11:57:37,079][train][INFO] -     F1: {'mean': 0.8911863190924727, 'roads': 0.9252262516862164, 'buildings': 0.9657492031756338, 'low veg.': 0.8027143232995819, 'trees': 0.9102397468047926, 'cars': 0.8520020704961391, 'clutter': 0.0}
[2026-04-14 11:57:37,079][train][INFO] -     MIoU: {'mean': 0.8084996575778183, 'roads': 0.8608567646333074, 'buildings': 0.9337669413849481, 'low veg.': 0.6704451067282209, 'trees': 0.83526605428666, 'cars': 0.7421634208559552, 'clutter': 0.0}
[2026-04-14 11:57:37,079][train][INFO] - 
[2026-04-14 11:57:37,079][train][INFO] - Train (epoch 6/100)
[2026-04-14 12:04:07,133][train][INFO] -     Training Loss: 0.2685204595774412
[2026-04-14 12:04:07,134][train][INFO] -     Kappa: 0.8820597078274817
[2026-04-14 12:04:07,134][train][INFO] -     OA: {'total': 91.22477927668655, 'roads': 0.9138885159641285, 'buildings': 0.9727891495159366, 'low veg.': 0.8295423931429595, 'trees': 0.8937663336945337, 'cars': 0.8498960834560827, 'clutter': 0.0}
[2026-04-14 12:04:07,134][train][INFO] -     F1: {'mean': 0.8936836269948346, 'roads': 0.9284730743265212, 'buildings': 0.9679952680862713, 'low veg.': 0.8038110841774377, 'trees': 0.9019799743082462, 'cars': 0.8661587340756963, 'clutter': 0.0}
[2026-04-14 12:04:07,134][train][INFO] -     MIoU: {'mean': 0.8123646766820615, 'roads': 0.8664953274440163, 'buildings': 0.9379756101420588, 'low veg.': 0.6719767032991567, 'trees': 0.8214604043673955, 'cars': 0.76391533815768, 'clutter': 0.0}
[2026-04-14 12:04:07,134][train][INFO] - 
[2026-04-14 12:04:07,134][train][INFO] - Train (epoch 7/100)
[2026-04-14 12:10:36,355][train][INFO] -     Training Loss: 0.24630939966440202
[2026-04-14 12:10:36,355][train][INFO] -     Kappa: 0.8860409048464204
[2026-04-14 12:10:36,355][train][INFO] -     OA: {'total': 91.53472388195846, 'roads': 0.8895631368557552, 'buildings': 0.9872482618767987, 'low veg.': 0.8095335048971478, 'trees': 0.9280192862801518, 'cars': 0.8557006127376797, 'clutter': 0.0}
[2026-04-14 12:10:36,356][train][INFO] -     F1: {'mean': 0.8970066754370862, 'roads': 0.9263320021791783, 'buildings': 0.966603945137258, 'low veg.': 0.8111148198633714, 'trees': 0.9105699228870441, 'cars': 0.8704126871185791, 'clutter': 0.0}
[2026-04-14 12:10:36,356][train][INFO] -     MIoU: {'mean': 0.8173536528733644, 'roads': 0.8627732260431671, 'buildings': 0.9353663976060412, 'low veg.': 0.6822482384465056, 'trees': 0.8358222725960529, 'cars': 0.7705581296750552, 'clutter': 0.0}
[2026-04-14 12:10:36,356][train][INFO] - 
[2026-04-14 12:10:36,356][train][INFO] - Train (epoch 8/100)
[2026-04-14 12:17:06,533][train][INFO] -     Training Loss: 0.23429700535535813
[2026-04-14 12:17:06,533][train][INFO] -     Kappa: 0.8906802602796225
[2026-04-14 12:17:06,534][train][INFO] -     OA: {'total': 91.89336833039413, 'roads': 0.9344604333767313, 'buildings': 0.9813236234836888, 'low veg.': 0.7739081754636185, 'trees': 0.9239091140877261, 'cars': 0.8643838656954337, 'clutter': 0.0}
[2026-04-14 12:17:06,534][train][INFO] -     F1: {'mean': 0.8999082020707341, 'roads': 0.9321243819690846, 'buildings': 0.9707360883210037, 'low veg.': 0.8081611493688846, 'trees': 0.9123702093106695, 'cars': 0.8761491813840285, 'clutter': 0.0}
[2026-04-14 12:17:06,534][train][INFO] -     MIoU: {'mean': 0.8225098724775025, 'roads': 0.8728772960355194, 'buildings': 0.9431362329001522, 'low veg.': 0.6780792125889658, 'trees': 0.8388609958287525, 'cars': 0.7795956250341225, 'clutter': 0.0}
[2026-04-14 12:17:06,534][train][INFO] - 
[2026-04-14 12:17:06,534][train][INFO] - Train (epoch 9/100)
[2026-04-14 12:23:34,762][train][INFO] -     Training Loss: 0.22236758111417293
[2026-04-14 12:23:34,762][train][INFO] -     Kappa: 0.886296793967305
[2026-04-14 12:23:34,762][train][INFO] -     OA: {'total': 91.5406805476399, 'roads': 0.9146734271854865, 'buildings': 0.9693666561742167, 'low veg.': 0.8203285894905106, 'trees': 0.9139008277256212, 'cars': 0.9090578905950484, 'clutter': 0.021879021879021878}
[2026-04-14 12:23:34,762][train][INFO] -     F1: {'mean': 0.8989684612240554, 'roads': 0.9271376959586276, 'buildings': 0.9690609066967908, 'low veg.': 0.8073709793794858, 'trees': 0.9115112222758065, 'cars': 0.8797615018095659, 'clutter': 0.022512829001820892}
[2026-04-14 12:23:34,762][train][INFO] -     MIoU: {'mean': 0.8207724609920621, 'roads': 0.8641721239213888, 'buildings': 0.9399788144533778, 'low veg.': 0.676967410167009, 'trees': 0.8374098483418353, 'cars': 0.7853341080766996, 'clutter': 0.011384563870751716}
[2026-04-14 12:23:34,762][train][INFO] - 
[2026-04-14 12:23:34,762][train][INFO] - Train (epoch 10/100)
[2026-04-14 12:30:03,124][train][INFO] -     Training Loss: 0.2131262849494815
[2026-04-14 12:30:03,124][train][INFO] -     Kappa: 0.8809140702578677
[2026-04-14 12:30:03,124][train][INFO] -     OA: {'total': 91.14922635471011, 'roads': 0.9300098972496885, 'buildings': 0.959904457852898, 'low veg.': 0.8104264635461345, 'trees': 0.9012429543157378, 'cars': 0.8595882348984711, 'clutter': 0.043114543114543116}
[2026-04-14 12:30:03,124][train][INFO] -     F1: {'mean': 0.8952157082953434, 'roads': 0.9225323650278998, 'buildings': 0.9614444150365119, 'low veg.': 0.8061144451256015, 'trees': 0.9097707869134549, 'cars': 0.8762165293732496, 'clutter': 0.06048296095689461}
[2026-04-14 12:30:03,124][train][INFO] -     MIoU: {'mean': 0.8142674217881265, 'roads': 0.8562042469626364, 'buildings': 0.9257515235164933, 'low veg.': 0.675202444517731, 'trees': 0.8344766183047007, 'cars': 0.7797022756390702, 'clutter': 0.031184547358622295}
[2026-04-14 12:30:03,124][train][INFO] - 
[2026-04-14 12:30:03,124][train][INFO] - Train (epoch 11/100)
[2026-04-14 12:36:40,569][train][INFO] -     Training Loss: 0.20587792985141276
[2026-04-14 12:36:40,569][train][INFO] -     Kappa: 0.8864556142016731
[2026-04-14 12:36:40,569][train][INFO] -     OA: {'total': 91.56886298678984, 'roads': 0.9244147769788515, 'buildings': 0.9744253447433655, 'low veg.': 0.7935853047669247, 'trees': 0.9170412223749989, 'cars': 0.857220686454529, 'clutter': 0.38996138996138996}
[2026-04-14 12:36:40,569][train][INFO] -     F1: {'mean': 0.8967448049195921, 'roads': 0.9274749802287265, 'buildings': 0.9680672425934733, 'low veg.': 0.8060458301075552, 'trees': 0.9111692217425242, 'cars': 0.8709667499256819, 'clutter': 0.4521544487968663}
[2026-04-14 12:36:40,569][train][INFO] -     MIoU: {'mean': 0.8172470098527163, 'roads': 0.8647583628645975, 'buildings': 0.9381107786775164, 'low veg.': 0.6751061727772736, 'trees': 0.8368327199573892, 'cars': 0.7714270149868049, 'clutter': 0.292118582791034}
[2026-04-14 12:36:40,570][train][INFO] - 
[2026-04-14 12:36:40,570][train][INFO] - Train (epoch 12/100)
[2026-04-14 12:43:38,372][train][INFO] -     Training Loss: 0.1949336416348815
[2026-04-14 12:43:38,372][train][INFO] -     Kappa: 0.8855293303252256
[2026-04-14 12:43:38,372][train][INFO] -     OA: {'total': 91.49775069402509, 'roads': 0.9079564104725598, 'buildings': 0.9831460643078386, 'low veg.': 0.798138635964323, 'trees': 0.9179030950928345, 'cars': 0.8773246702583453, 'clutter': 0.263996138996139}
[2026-04-14 12:43:38,372][train][INFO] -     F1: {'mean': 0.8971615962664053, 'roads': 0.9297093567296955, 'buildings': 0.9672774225572863, 'low veg.': 0.8050861446153664, 'trees': 0.9080595269074472, 'cars': 0.8756755305222312, 'clutter': 0.2409337835853766}
[2026-04-14 12:43:38,372][train][INFO] -     MIoU: {'mean': 0.817897649136112, 'roads': 0.8686512982015252, 'buildings': 0.9366285231727128, 'low veg.': 0.6737608246715119, 'trees': 0.831601675442687, 'cars': 0.7788459241921231, 'clutter': 0.1369668642016526}
[2026-04-14 12:43:38,372][train][INFO] - 
[2026-04-14 12:43:38,372][train][INFO] - Train (epoch 13/100)
[2026-04-14 12:50:34,508][train][INFO] -     Training Loss: 0.18950517186522484
[2026-04-14 12:50:34,508][train][INFO] -     Kappa: 0.8885231375731152
[2026-04-14 12:50:34,508][train][INFO] -     OA: {'total': 91.7307111936383, 'roads': 0.9214784888325512, 'buildings': 0.9786558858126403, 'low veg.': 0.7633104926086313, 'trees': 0.9413689798668718, 'cars': 0.8788312919953994, 'clutter': 0.0}
[2026-04-14 12:50:34,508][train][INFO] -     F1: {'mean': 0.898178079256261, 'roads': 0.9325298948683483, 'buildings': 0.9724461031375373, 'low veg.': 0.8013896929000046, 'trees': 0.9078015305400576, 'cars': 0.8767231748353569, 'clutter': 0.0}
[2026-04-14 12:50:34,508][train][INFO] -     MIoU: {'mean': 0.8200463484203528, 'roads': 0.8735887687958612, 'buildings': 0.946369923861715, 'low veg.': 0.6685990335248702, 'trees': 0.8311690191151219, 'cars': 0.7805049968041957, 'clutter': 0.0}
[2026-04-14 12:50:34,508][train][INFO] - 
[2026-04-14 12:50:34,508][train][INFO] - Train (epoch 14/100)
[2026-04-14 12:57:31,728][train][INFO] -     Training Loss: 0.1852184429615736
[2026-04-14 12:57:31,729][train][INFO] -     Kappa: 0.8884056750104173
[2026-04-14 12:57:31,729][train][INFO] -     OA: {'total': 91.71853199020799, 'roads': 0.9074023310052421, 'buildings': 0.9883546713622685, 'low veg.': 0.7879192203148092, 'trees': 0.9278257860661634, 'cars': 0.8851402705193137, 'clutter': 0.0}
[2026-04-14 12:57:31,729][train][INFO] -     F1: {'mean': 0.9000641135949008, 'roads': 0.9300199006917402, 'buildings': 0.9682079645737943, 'low veg.': 0.8071016871456294, 'trees': 0.912293825639235, 'cars': 0.8826971899241055, 'clutter': 0.0}
[2026-04-14 12:57:31,729][train][INFO] -     MIoU: {'mean': 0.8225828980728611, 'roads': 0.8691936432210248, 'buildings': 0.9383751098387316, 'low veg.': 0.6765888411849573, 'trees': 0.8387318626515857, 'cars': 0.7900250334680058, 'clutter': 0.0}
[2026-04-14 12:57:31,729][train][INFO] - 
[2026-04-14 12:57:31,729][train][INFO] - Train (epoch 15/100)
[2026-04-14 13:04:18,753][train][INFO] -     Training Loss: 0.1784735501408577
[2026-04-14 13:04:18,753][train][INFO] -     Kappa: 0.8882907406989292
[2026-04-14 13:04:18,753][train][INFO] -     OA: {'total': 91.70949799676711, 'roads': 0.9195406677053055, 'buildings': 0.9856590890525022, 'low veg.': 0.7944603491220273, 'trees': 0.9140401478796929, 'cars': 0.8421948250233728, 'clutter': 0.4277670527670528}
[2026-04-14 13:04:18,753][train][INFO] -     F1: {'mean': 0.8987373303666757, 'roads': 0.9286182653741261, 'buildings': 0.9692141891522503, 'low veg.': 0.807923372828745, 'trees': 0.912160595700202, 'cars': 0.8757702287780552, 'clutter': 0.4298068374686818}
[2026-04-14 13:04:18,753][train][INFO] -     MIoU: {'mean': 0.8204524993927865, 'roads': 0.8667482703523961, 'buildings': 0.9402672979706027, 'low veg.': 0.6777444959607264, 'trees': 0.8385066693620334, 'cars': 0.7789957633181742, 'clutter': 0.2737286390776199}
[2026-04-14 13:04:18,753][train][INFO] - 
[2026-04-14 13:04:18,753][train][INFO] - Train (epoch 16/100)
[2026-04-14 13:11:04,007][train][INFO] -     Training Loss: 0.1729902125597
[2026-04-14 13:11:04,008][train][INFO] -     Kappa: 0.8901125995595378
[2026-04-14 13:11:04,008][train][INFO] -     OA: {'total': 91.84383692991301, 'roads': 0.9291966784372129, 'buildings': 0.9794967570215973, 'low veg.': 0.7888772905319512, 'trees': 0.9192812719110537, 'cars': 0.8867007001755484, 'clutter': 0.0}
[2026-04-14 13:11:04,008][train][INFO] -     F1: {'mean': 0.9009002060280696, 'roads': 0.9326473473440745, 'buildings': 0.9698192150863392, 'low veg.': 0.8087479248277746, 'trees': 0.9118002818370028, 'cars': 0.8814862610451568, 'clutter': 0.0}
[2026-04-14 13:11:04,008][train][INFO] -     MIoU: {'mean': 0.824018515105206, 'roads': 0.8737949402414846, 'buildings': 0.9414068183844251, 'low veg.': 0.6789057846642994, 'trees': 0.8378979213266327, 'cars': 0.7880871109091887, 'clutter': 0.0}
[2026-04-14 13:11:04,008][train][INFO] - 
[2026-04-14 13:11:04,009][train][INFO] - Train (epoch 17/100)
[2026-04-14 13:17:47,324][train][INFO] -     Training Loss: 0.16757185479998588
[2026-04-14 13:17:47,324][train][INFO] -     Kappa: 0.8872699841631008
[2026-04-14 13:17:47,324][train][INFO] -     OA: {'total': 91.62190729267282, 'roads': 0.9199937973072404, 'buildings': 0.9749219382007606, 'low veg.': 0.8029369106800197, 'trees': 0.9164541199610268, 'cars': 0.8961103600422392, 'clutter': 0.0}
[2026-04-14 13:17:47,324][train][INFO] -     F1: {'mean': 0.8986674278444251, 'roads': 0.9281391255557828, 'buildings': 0.9713698566586637, 'low veg.': 0.8048830477970461, 'trees': 0.9106601351344473, 'cars': 0.878284974076186, 'clutter': 0.0}
[2026-04-14 13:17:47,324][train][INFO] -     MIoU: {'mean': 0.8205363997169879, 'roads': 0.8659138025138223, 'buildings': 0.9443334544944678, 'low veg.': 0.6734763876567967, 'trees': 0.8359743038017267, 'cars': 0.7829840501181256, 'clutter': 0.0}
[2026-04-14 13:17:47,324][train][INFO] - 
[2026-04-14 13:17:47,324][train][INFO] - Train (epoch 18/100)
[2026-04-14 13:24:19,993][train][INFO] -     Training Loss: 0.16832378770411013
[2026-04-14 13:24:19,993][train][INFO] -     Kappa: 0.8796590520028543
[2026-04-14 13:24:19,993][train][INFO] -     OA: {'total': 91.07161999527652, 'roads': 0.9259329796965884, 'buildings': 0.9626503817942532, 'low veg.': 0.752010018224349, 'trees': 0.9359509738751947, 'cars': 0.9002333918494454, 'clutter': 0.37065637065637064}
[2026-04-14 13:24:19,993][train][INFO] -     F1: {'mean': 0.8935220988358626, 'roads': 0.9215060969104775, 'buildings': 0.9637428891359188, 'low veg.': 0.7934990186076497, 'trees': 0.9091114731816065, 'cars': 0.8797510163436606, 'clutter': 0.29138737827241684}
[2026-04-14 13:24:19,993][train][INFO] -     MIoU: {'mean': 0.8121664682208827, 'roads': 0.8544379289216864, 'buildings': 0.9300229441439521, 'low veg.': 0.6576861775047379, 'trees': 0.8333678930816654, 'cars': 0.7853173974523713, 'clutter': 0.170540340488527}
[2026-04-14 13:24:19,993][train][INFO] - 
[2026-04-14 13:24:19,993][train][INFO] - Train (epoch 19/100)
[2026-04-14 13:30:52,512][train][INFO] -     Training Loss: 0.159779753677547
[2026-04-14 13:30:52,512][train][INFO] -     Kappa: 0.8855484787668532
[2026-04-14 13:30:52,512][train][INFO] -     OA: {'total': 91.51355593990725, 'roads': 0.9252893982867663, 'buildings': 0.9784897399882388, 'low veg.': 0.753772853643664, 'trees': 0.9346982307251022, 'cars': 0.8868486719532948, 'clutter': 0.0}
[2026-04-14 13:30:52,512][train][INFO] -     F1: {'mean': 0.8968476576354398, 'roads': 0.92751969746365, 'buildings': 0.9698583101232003, 'low veg.': 0.7950399030829097, 'trees': 0.9108026106877595, 'cars': 0.8810177668196791, 'clutter': 0.0}
[2026-04-14 13:30:52,512][train][INFO] -     MIoU: {'mean': 0.8179351105181137, 'roads': 0.8648361142578777, 'buildings': 0.9414804969588126, 'low veg.': 0.659806001142305, 'trees': 0.8362144636270877, 'cars': 0.7873384766044856, 'clutter': 0.0}
[2026-04-14 13:30:52,512][train][INFO] - 
[2026-04-14 13:30:52,512][train][INFO] - Train (epoch 20/100)
[2026-04-14 13:37:25,725][train][INFO] -     Training Loss: 0.1603339761272073
[2026-04-14 13:37:25,725][train][INFO] -     Kappa: 0.8882120108023015
[2026-04-14 13:37:25,725][train][INFO] -     OA: {'total': 91.7017367951385, 'roads': 0.9141688860026247, 'buildings': 0.985129672113705, 'low veg.': 0.7863021107861274, 'trees': 0.9250509929975688, 'cars': 0.8777013256926088, 'clutter': 0.0}
[2026-04-14 13:37:25,725][train][INFO] -     F1: {'mean': 0.8988756447145704, 'roads': 0.9302066648911133, 'buildings': 0.9712052854392816, 'low veg.': 0.8032382112731026, 'trees': 0.9109332447401436, 'cars': 0.878794817229211, 'clutter': 0.0}
[2026-04-14 13:37:25,725][train][INFO] -     MIoU: {'mean': 0.8209896576383805, 'roads': 0.8695199664862691, 'buildings': 0.9440224290557065, 'low veg.': 0.6711763517513197, 'trees': 0.8364347183867445, 'cars': 0.7837948225118626, 'clutter': 0.0}
[2026-04-14 13:37:25,725][train][INFO] - 
[2026-04-14 13:37:25,725][train][INFO] - Train (epoch 21/100)
[2026-04-14 13:43:58,748][train][INFO] -     Training Loss: 0.15298362206667662
[2026-04-14 13:43:58,748][train][INFO] -     Kappa: 0.8857243731614735
[2026-04-14 13:43:58,748][train][INFO] -     OA: {'total': 91.51908834165127, 'roads': 0.9280204563974636, 'buildings': 0.9804820146684081, 'low veg.': 0.7807490241877418, 'trees': 0.9123047924311822, 'cars': 0.8672962193210786, 'clutter': 0.004021879021879022}
[2026-04-14 13:43:58,748][train][INFO] -     F1: {'mean': 0.8968413779363397, 'roads': 0.926558691605857, 'buildings': 0.9709931186268956, 'low veg.': 0.7988004711830402, 'trees': 0.9104432870490009, 'cars': 0.8774113212169049, 'clutter': 0.006297229219143577}
[2026-04-14 13:43:58,748][train][INFO] -     MIoU: {'mean': 0.8177991739644407, 'roads': 0.8631666066512562, 'buildings': 0.9436215988480122, 'low veg.': 0.6650023181159292, 'trees': 0.8356089005987765, 'cars': 0.7815964456082289, 'clutter': 0.003158559696778269}
[2026-04-14 13:43:58,748][train][INFO] - 
[2026-04-14 13:43:58,748][train][INFO] - Train (epoch 22/100)
[2026-04-14 13:50:32,240][train][INFO] -     Training Loss: 0.15783422241359948
[2026-04-14 13:50:32,240][train][INFO] -     Kappa: 0.8826442052689417
[2026-04-14 13:50:32,240][train][INFO] -     OA: {'total': 91.28859422972761, 'roads': 0.9170970565308839, 'buildings': 0.9730843764469762, 'low veg.': 0.7726531413747842, 'trees': 0.928518061537621, 'cars': 0.8844609455396598, 'clutter': 0.25788288288288286}
[2026-04-14 13:50:32,240][train][INFO] -     F1: {'mean': 0.8949497913570991, 'roads': 0.9236005056455402, 'buildings': 0.9680780092942725, 'low veg.': 0.7966334349495131, 'trees': 0.9091453569081778, 'cars': 0.8772916499879914, 'clutter': 0.35157363746024783}
[2026-04-14 13:50:32,240][train][INFO] -     MIoU: {'mean': 0.8146025110535824, 'roads': 0.8580462091348747, 'buildings': 0.9381310002243556, 'low veg.': 0.6620039629537908, 'trees': 0.8334248404822996, 'cars': 0.7814065424725911, 'clutter': 0.21327833954230974}
[2026-04-14 13:50:32,240][train][INFO] - 
[2026-04-14 13:50:32,240][train][INFO] - Train (epoch 23/100)
[2026-04-14 13:57:04,753][train][INFO] -     Training Loss: 0.14769803030788897
[2026-04-14 13:57:04,753][train][INFO] -     Kappa: 0.8813170521782511
[2026-04-14 13:57:04,754][train][INFO] -     OA: {'total': 91.18905059630296, 'roads': 0.9314748150900275, 'buildings': 0.9679688921909065, 'low veg.': 0.7730252074785287, 'trees': 0.9146324861818083, 'cars': 0.9018610814046557, 'clutter': 0.0}
[2026-04-14 13:57:04,754][train][INFO] -     F1: {'mean': 0.8962059507111582, 'roads': 0.923386094627398, 'buildings': 0.968316904009188, 'low veg.': 0.794702662251156, 'trees': 0.9065697044199369, 'cars': 0.8880543882481116, 'clutter': 0.0}
[2026-04-14 13:57:04,754][train][INFO] -     MIoU: {'mean': 0.8166705510265541, 'roads': 0.8576761734354769, 'buildings': 0.9385797904144507, 'low veg.': 0.6593415893006425, 'trees': 0.8291060784437136, 'cars': 0.7986491235384863, 'clutter': 0.0}
[2026-04-14 13:57:04,754][train][INFO] - 
[2026-04-14 13:57:04,754][train][INFO] - Train (epoch 24/100)
[2026-04-14 14:03:48,422][train][INFO] -     Training Loss: 0.14398212128132581
[2026-04-14 14:03:48,422][train][INFO] -     Kappa: 0.8858561699255222
[2026-04-14 14:03:48,422][train][INFO] -     OA: {'total': 91.52064397608848, 'roads': 0.9180447364011686, 'buildings': 0.9742265598391429, 'low veg.': 0.8007286294531661, 'trees': 0.9174304992760816, 'cars': 0.8783201167631847, 'clutter': 0.0}
[2026-04-14 14:03:48,423][train][INFO] -     F1: {'mean': 0.8990568263342732, 'roads': 0.924506553952861, 'buildings': 0.9685075232776279, 'low veg.': 0.8057804588402577, 'trees': 0.9126707640450406, 'cars': 0.8838188315555796, 'clutter': 0.0}
[2026-04-14 14:03:48,423][train][INFO] -     MIoU: {'mean': 0.8208953200855336, 'roads': 0.8596115181833844, 'buildings': 0.938938038942482, 'low veg.': 0.6747339421843158, 'trees': 0.8393692856455541, 'cars': 0.7918238154719315, 'clutter': 0.0}
[2026-04-14 14:03:48,423][train][INFO] - 
[2026-04-14 14:03:48,423][train][INFO] - Train (epoch 25/100)
[2026-04-14 14:10:28,635][train][INFO] -     Training Loss: 0.14195530930161476
[2026-04-14 14:10:28,636][train][INFO] -     Kappa: 0.8845806196283067
[2026-04-14 14:10:28,636][train][INFO] -     OA: {'total': 91.43070002135461, 'roads': 0.9268558904246451, 'buildings': 0.9690334425175093, 'low veg.': 0.777086929111072, 'trees': 0.926069942359701, 'cars': 0.8782461308743115, 'clutter': 0.09893822393822393}
[2026-04-14 14:10:28,636][train][INFO] -     F1: {'mean': 0.8972139292326198, 'roads': 0.9263736496919198, 'buildings': 0.9693998982087282, 'low veg.': 0.7988248128665709, 'trees': 0.90940444894725, 'cars': 0.8820668364486297, 'clutter': 0.12556145365455287}
[2026-04-14 14:10:28,636][train][INFO] -     MIoU: {'mean': 0.8182749184620152, 'roads': 0.8628454857000243, 'buildings': 0.9406169245702845, 'low veg.': 0.6650360592054385, 'trees': 0.83386040596755, 'cars': 0.7890157168667783, 'clutter': 0.06698616708419562}
[2026-04-14 14:10:28,636][train][INFO] - 
[2026-04-14 14:10:28,636][train][INFO] - Train (epoch 26/100)
[2026-04-14 14:17:05,762][train][INFO] -     Training Loss: 0.13906656114012003
[2026-04-14 14:17:05,763][train][INFO] -     Kappa: 0.8905827153968964
[2026-04-14 14:17:05,763][train][INFO] -     OA: {'total': 91.87103507672813, 'roads': 0.9265205703563322, 'buildings': 0.9803510895459608, 'low veg.': 0.805673663576451, 'trees': 0.9118845554958613, 'cars': 0.8649690268165218, 'clutter': 0.0}
[2026-04-14 14:17:05,763][train][INFO] -     F1: {'mean': 0.9004578299605782, 'roads': 0.9307766514131566, 'buildings': 0.974266758429622, 'low veg.': 0.8066656307274518, 'trees': 0.9127276227996771, 'cars': 0.8778524864329841, 'clutter': 0.0}
[2026-04-14 14:17:05,763][train][INFO] -     MIoU: {'mean': 0.8236159623946546, 'roads': 0.8705165788264283, 'buildings': 0.9498246902265136, 'low veg.': 0.6759761987071502, 'trees': 0.8394654752012641, 'cars': 0.7822968690119169, 'clutter': 0.0}
[2026-04-14 14:17:05,763][train][INFO] - 
[2026-04-14 14:17:05,763][train][INFO] - Train (epoch 27/100)
[2026-04-14 14:23:36,959][train][INFO] -     Training Loss: 0.13848851545155047
[2026-04-14 14:23:36,959][train][INFO] -     Kappa: 0.8882771484870151
[2026-04-14 14:23:36,960][train][INFO] -     OA: {'total': 91.69304786970005, 'roads': 0.9143087588057943, 'buildings': 0.9800886860963236, 'low veg.': 0.8172146029055607, 'trees': 0.9105393875376756, 'cars': 0.8718362625019337, 'clutter': 0.0027348777348777348}
[2026-04-14 14:23:36,960][train][INFO] -     F1: {'mean': 0.9005732934348879, 'roads': 0.9289277212730239, 'buildings': 0.9740409695200369, 'low veg.': 0.8047989984698846, 'trees': 0.9102133463470626, 'cars': 0.8848854315644318, 'clutter': 0.004257450538442274}
[2026-04-14 14:23:36,960][train][INFO] -     MIoU: {'mean': 0.8237602355447118, 'roads': 0.8672876142188105, 'buildings': 0.9493955807030249, 'low veg.': 0.6733587048869336, 'trees': 0.8352215943332124, 'cars': 0.7935376835815778, 'clutter': 0.0021332664073283976}
[2026-04-14 14:23:36,960][train][INFO] - 
[2026-04-14 14:23:36,960][train][INFO] - Train (epoch 28/100)
[2026-04-14 14:30:10,202][train][INFO] -     Training Loss: 0.1393616797104478
[2026-04-14 14:30:10,202][train][INFO] -     Kappa: 0.8884302599142481
[2026-04-14 14:30:10,202][train][INFO] -     OA: {'total': 91.71354264630388, 'roads': 0.9206296773871261, 'buildings': 0.9772876260822759, 'low veg.': 0.7949464465964564, 'trees': 0.9224599113086078, 'cars': 0.8767865910665402, 'clutter': 0.0}
[2026-04-14 14:30:10,202][train][INFO] -     F1: {'mean': 0.8993318969573686, 'roads': 0.9283694956101732, 'buildings': 0.9715681635734373, 'low veg.': 0.805628684792709, 'trees': 0.9123146589445401, 'cars': 0.8787784818659835, 'clutter': 0.0}
[2026-04-14 14:30:10,202][train][INFO] -     MIoU: {'mean': 0.8216160664467103, 'roads': 0.8663149208679678, 'buildings': 0.9447083697343458, 'low veg.': 0.6745211263323808, 'trees': 0.8387670813502508, 'cars': 0.7837688339486057, 'clutter': 0.0}
[2026-04-14 14:30:10,202][train][INFO] - 
[2026-04-14 14:30:10,202][train][INFO] - Train (epoch 29/100)
[2026-04-14 14:36:40,270][train][INFO] -     Training Loss: 0.13237682618945837
[2026-04-14 14:36:40,270][train][INFO] -     Kappa: 0.8850038593606112
[2026-04-14 14:36:40,271][train][INFO] -     OA: {'total': 91.46068133959923, 'roads': 0.9229673432389088, 'buildings': 0.9679945240106532, 'low veg.': 0.7846419380509937, 'trees': 0.9277697848277621, 'cars': 0.8838556064488791, 'clutter': 0.0}
[2026-04-14 14:36:40,271][train][INFO] -     F1: {'mean': 0.8987569367168053, 'roads': 0.9251310495848379, 'buildings': 0.9685649881092367, 'low veg.': 0.8034924022189291, 'trees': 0.9101022088815508, 'cars': 0.8864940347894721, 'clutter': 0.0}
[2026-04-14 14:36:40,271][train][INFO] -     MIoU: {'mean': 0.8204865060702986, 'roads': 0.8606919468903733, 'buildings': 0.9390460639238171, 'low veg.': 0.6715313832599222, 'trees': 0.8350344557975544, 'cars': 0.7961286804798255, 'clutter': 0.0}
[2026-04-14 14:36:40,271][train][INFO] - 
[2026-04-14 14:36:40,271][train][INFO] - Train (epoch 30/100)
[2026-04-14 14:43:18,086][train][INFO] -     Training Loss: 0.13072975473105908
[2026-04-14 14:43:18,086][train][INFO] -     Kappa: 0.8867503736851469
[2026-04-14 14:43:18,086][train][INFO] -     OA: {'total': 91.59285369823803, 'roads': 0.9204423477400239, 'buildings': 0.9785345495724004, 'low veg.': 0.7780401762490914, 'trees': 0.9277135559420501, 'cars': 0.8687086771995668, 'clutter': 0.0}
[2026-04-14 14:43:18,086][train][INFO] -     F1: {'mean': 0.8985043240963625, 'roads': 0.9280752056936921, 'buildings': 0.9735661361217124, 'low veg.': 0.7979950701806705, 'trees': 0.9093073052875167, 'cars': 0.8835779031982213, 'clutter': 0.0}
[2026-04-14 14:43:18,086][train][INFO] -     MIoU: {'mean': 0.820663441533163, 'roads': 0.8658025363563797, 'buildings': 0.9484937806350042, 'low veg.': 0.6638866866383113, 'trees': 0.8336970713159664, 'cars': 0.7914371327201535, 'clutter': 0.0}
[2026-04-14 14:43:18,087][train][INFO] - 
[2026-04-14 14:43:18,087][train][INFO] - Train (epoch 31/100)
[2026-04-14 14:49:57,000][train][INFO] -     Training Loss: 0.12856805810332297
[2026-04-14 14:49:57,000][train][INFO] -     Kappa: 0.8865068458992612
[2026-04-14 14:49:57,000][train][INFO] -     OA: {'total': 91.57558898441113, 'roads': 0.9272738436817353, 'buildings': 0.982984344121379, 'low veg.': 0.7845602902115609, 'trees': 0.9085538476948434, 'cars': 0.9011212225159237, 'clutter': 0.06676319176319176}
[2026-04-14 14:49:57,000][train][INFO] -     F1: {'mean': 0.8991935121793082, 'roads': 0.9274557880344692, 'buildings': 0.9709349115745531, 'low veg.': 0.8006710255552942, 'trees': 0.9104547564170314, 'cars': 0.8864510793151931, 'clutter': 0.08338356439622262}
[2026-04-14 14:49:57,000][train][INFO] -     MIoU: {'mean': 0.8215046884706675, 'roads': 0.8647249947252296, 'buildings': 0.9435116616968927, 'low veg.': 0.667599168048123, 'trees': 0.8356282235907907, 'cars': 0.7960593942923012, 'clutter': 0.043505608554355805}
[2026-04-14 14:49:57,000][train][INFO] - 
[2026-04-14 14:49:57,000][train][INFO] - Train (epoch 32/100)
[2026-04-14 14:56:35,674][train][INFO] -     Training Loss: 0.12653245401382446
[2026-04-14 14:56:35,675][train][INFO] -     Kappa: 0.884694389154243
[2026-04-14 14:56:35,675][train][INFO] -     OA: {'total': 91.43623807995112, 'roads': 0.9056999208011881, 'buildings': 0.9802157387855718, 'low veg.': 0.7877955427858794, 'trees': 0.928917354920369, 'cars': 0.8715335929565434, 'clutter': 0.0}
[2026-04-14 14:56:35,675][train][INFO] -     F1: {'mean': 0.8971569701372394, 'roads': 0.9268113454762943, 'buildings': 0.9712556699053074, 'low veg.': 0.7998342089247364, 'trees': 0.9069557685498683, 'cars': 0.8809278578299902, 'clutter': 0.0}
[2026-04-14 14:56:35,675][train][INFO] -     MIoU: {'mean': 0.8182212623007864, 'roads': 0.863605239926455, 'buildings': 0.9441176407902112, 'low veg.': 0.6664364330932493, 'trees': 0.8297521202290399, 'cars': 0.787194877464977, 'clutter': 0.0}
[2026-04-14 14:56:35,675][train][INFO] - 
[2026-04-14 14:56:35,675][train][INFO] - Train (epoch 33/100)
[2026-04-14 15:03:14,521][train][INFO] -     Training Loss: 0.12619775573909284
[2026-04-14 15:03:14,521][train][INFO] -     Kappa: 0.8886540135717941
[2026-04-14 15:03:14,521][train][INFO] -     OA: {'total': 91.7229443351572, 'roads': 0.9238873399502328, 'buildings': 0.9745070346437094, 'low veg.': 0.8136124518122719, 'trees': 0.9106661870896657, 'cars': 0.8681436940481715, 'clutter': 0.0}
[2026-04-14 15:03:14,521][train][INFO] -     F1: {'mean': 0.9001202166987756, 'roads': 0.9301554414568599, 'buildings': 0.9729593091210126, 'low veg.': 0.8070420340479684, 'trees': 0.9095953404458437, 'cars': 0.880848958422193, 'clutter': 0.0}
[2026-04-14 15:03:14,521][train][INFO] -     MIoU: {'mean': 0.8229056608923816, 'roads': 0.86943045513406, 'buildings': 0.9473425130686014, 'low veg.': 0.676505004435688, 'trees': 0.8341814504147096, 'cars': 0.7870688814088492, 'clutter': 0.0}
[2026-04-14 15:03:14,521][train][INFO] - 
[2026-04-14 15:03:14,521][train][INFO] - Train (epoch 34/100)
[2026-04-14 15:09:52,768][train][INFO] -     Training Loss: 0.12272711183130741
[2026-04-14 15:09:52,769][train][INFO] -     Kappa: 0.8909828002243201
[2026-04-14 15:09:52,769][train][INFO] -     OA: {'total': 91.90364683138478, 'roads': 0.9200527020740514, 'buildings': 0.9809856153858778, 'low veg.': 0.7957456997082037, 'trees': 0.9255447600142052, 'cars': 0.8798334644901363, 'clutter': 0.0}
[2026-04-14 15:09:52,769][train][INFO] -     F1: {'mean': 0.901826796328686, 'roads': 0.9309494474666868, 'buildings': 0.9740444703709532, 'low veg.': 0.8068231851648869, 'trees': 0.9128940546079898, 'cars': 0.884422824032913, 'clutter': 0.0}
[2026-04-14 15:09:52,769][train][INFO] -     MIoU: {'mean': 0.8257919374488353, 'roads': 0.8708189198917019, 'buildings': 0.9494022325930024, 'low veg.': 0.6761975049577066, 'trees': 0.8397470904078262, 'cars': 0.7927939393939394, 'clutter': 0.0}
[2026-04-14 15:09:52,769][train][INFO] - 
[2026-04-14 15:09:52,770][train][INFO] - Train (epoch 35/100)
[2026-04-14 15:16:24,188][train][INFO] -     Training Loss: 0.12137416288256646
[2026-04-14 15:16:24,189][train][INFO] -     Kappa: 0.8871684421490746
[2026-04-14 15:16:24,189][train][INFO] -     OA: {'total': 91.6220487139853, 'roads': 0.9285164636741796, 'buildings': 0.9730519217687357, 'low veg.': 0.7871592408473461, 'trees': 0.9204261102359337, 'cars': 0.8797662045911607, 'clutter': 0.0}
[2026-04-14 15:16:24,189][train][INFO] -     F1: {'mean': 0.8998595586873692, 'roads': 0.9276839479636445, 'buildings': 0.9711822478317852, 'low veg.': 0.8028570374443728, 'trees': 0.9108963243207441, 'cars': 0.8866782358762998, 'clutter': 0.0}
[2026-04-14 15:16:24,189][train][INFO] -     MIoU: {'mean': 0.8225086433760944, 'roads': 0.8651217579014592, 'buildings': 0.9439788979000763, 'low veg.': 0.6706442443018302, 'trees': 0.8363724635789453, 'cars': 0.7964258531981612, 'clutter': 0.0}
[2026-04-14 15:16:24,189][train][INFO] - 
[2026-04-14 15:16:24,189][train][INFO] - Train (epoch 36/100)
[2026-04-14 15:23:01,144][train][INFO] -     Training Loss: 0.11811557158827782
[2026-04-14 15:23:01,145][train][INFO] -     Kappa: 0.8905470087355942
[2026-04-14 15:23:01,145][train][INFO] -     OA: {'total': 91.87005078439331, 'roads': 0.9213461092152657, 'buildings': 0.9808779248626255, 'low veg.': 0.7978203127422305, 'trees': 0.9209442355148016, 'cars': 0.8974421060419567, 'clutter': 0.0}
[2026-04-14 15:23:01,145][train][INFO] -     F1: {'mean': 0.9012516224883029, 'roads': 0.9308670082137, 'buildings': 0.9734776809256445, 'low veg.': 0.8072110928736422, 'trees': 0.9122645803541257, 'cars': 0.8824377500744023, 'clutter': 0.0}
[2026-04-14 15:23:01,145][train][INFO] -     MIoU: {'mean': 0.8248070148022257, 'roads': 0.8706746638305624, 'buildings': 0.9483258793666143, 'low veg.': 0.67674262231224, 'trees': 0.8386824257788027, 'cars': 0.7896094827229097, 'clutter': 0.0}
[2026-04-14 15:23:01,145][train][INFO] - 
[2026-04-14 15:23:01,145][train][INFO] - Train (epoch 37/100)
[2026-04-14 15:30:09,913][train][INFO] -     Training Loss: 0.11911669041961431
[2026-04-14 15:30:09,914][train][INFO] -     Kappa: 0.8891338894847045
[2026-04-14 15:30:09,914][train][INFO] -     OA: {'total': 91.77546255375778, 'roads': 0.9238396749622478, 'buildings': 0.979190650397284, 'low veg.': 0.7658525998118999, 'trees': 0.9385397790910498, 'cars': 0.8701951209669283, 'clutter': 0.0}
[2026-04-14 15:30:09,914][train][INFO] -     F1: {'mean': 0.9000458517570304, 'roads': 0.9314578943314801, 'buildings': 0.9738653167543343, 'low veg.': 0.7995983031473207, 'trees': 0.9100726110257328, 'cars': 0.8852351335262845, 'clutter': 0.0}
[2026-04-14 15:30:09,914][train][INFO] -     MIoU: {'mean': 0.8231929765480098, 'roads': 0.871709115991012, 'buildings': 0.9490618850090874, 'low veg.': 0.66610894106846, 'trees': 0.8349846239594033, 'cars': 0.7941003167120866, 'clutter': 0.0}
[2026-04-14 15:30:09,914][train][INFO] - 
[2026-04-14 15:30:09,914][train][INFO] - Train (epoch 38/100)
[2026-04-14 15:37:04,814][train][INFO] -     Training Loss: 0.11670791064575314
[2026-04-14 15:37:04,814][train][INFO] -     Kappa: 0.8890950939890242
[2026-04-14 15:37:04,814][train][INFO] -     OA: {'total': 91.76299485085, 'roads': 0.9208134685853385, 'buildings': 0.9789118352069456, 'low veg.': 0.7986168098087649, 'trees': 0.9201618117083564, 'cars': 0.8666437983010149, 'clutter': 0.0}
[2026-04-14 15:37:04,814][train][INFO] -     F1: {'mean': 0.8996115209867069, 'roads': 0.9295864025901109, 'buildings': 0.9717212427577431, 'low veg.': 0.8065105950162813, 'trees': 0.9122424377289958, 'cars': 0.8779969268404035, 'clutter': 0.0}
[2026-04-14 15:37:04,814][train][INFO] -     MIoU: {'mean': 0.8220728654753812, 'roads': 0.8684366536817714, 'buildings': 0.9449978771941223, 'low veg.': 0.6757584873803582, 'trees': 0.838644997166859, 'cars': 0.7825263119537954, 'clutter': 0.0}
[2026-04-14 15:37:04,814][train][INFO] - 
[2026-04-14 15:37:04,814][train][INFO] - Train (epoch 39/100)
[2026-04-14 15:43:50,830][train][INFO] -     Training Loss: 0.11551504453271627
[2026-04-14 15:43:50,830][train][INFO] -     Kappa: 0.8889063375499283
[2026-04-14 15:43:50,830][train][INFO] -     OA: {'total': 91.75784145822344, 'roads': 0.9261184360472196, 'buildings': 0.9842133806581551, 'low veg.': 0.7726586534652101, 'trees': 0.9241797867399995, 'cars': 0.8838017985296986, 'clutter': 0.0}
[2026-04-14 15:43:50,830][train][INFO] -     F1: {'mean': 0.899975301520348, 'roads': 0.9299294246883174, 'buildings': 0.9730569396529485, 'low veg.': 0.7998507860834485, 'trees': 0.9122139304237176, 'cars': 0.884825426753308, 'clutter': 0.0}
[2026-04-14 15:43:50,830][train][INFO] -     MIoU: {'mean': 0.8230121372504448, 'roads': 0.8690356002149243, 'buildings': 0.947527645129719, 'low veg.': 0.6664594508821331, 'trees': 0.8385968123116762, 'cars': 0.7934411777137715, 'clutter': 0.0}
[2026-04-14 15:43:50,830][train][INFO] - 
[2026-04-14 15:43:50,830][train][INFO] - Train (epoch 40/100)
[2026-04-14 15:50:34,491][train][INFO] -     Training Loss: 0.11342544139176607
[2026-04-14 15:50:34,491][train][INFO] -     Kappa: 0.8833517944603022
[2026-04-14 15:50:34,492][train][INFO] -     OA: {'total': 91.34854555251185, 'roads': 0.9283128987909953, 'buildings': 0.9679618849308319, 'low veg.': 0.758015785248957, 'trees': 0.9352195430663182, 'cars': 0.8787102241772433, 'clutter': 0.0}
[2026-04-14 15:50:34,492][train][INFO] -     F1: {'mean': 0.8968876821658125, 'roads': 0.9232909160278953, 'buildings': 0.9663874581122733, 'low veg.': 0.7968014954649164, 'trees': 0.9123535873026307, 'cars': 0.885604953921346, 'clutter': 0.0}
[2026-04-14 15:50:34,492][train][INFO] -     MIoU: {'mean': 0.8176475408870824, 'roads': 0.8575119591466323, 'buildings': 0.9349610409596253, 'low veg.': 0.6622361085570007, 'trees': 0.8388328933481136, 'cars': 0.7946957024240396, 'clutter': 0.0}
[2026-04-14 15:50:34,492][train][INFO] - 
[2026-04-14 15:50:34,492][train][INFO] - Train (epoch 41/100)
[2026-04-14 15:57:17,773][train][INFO] -     Training Loss: 0.11279028653353453
[2026-04-14 15:57:17,773][train][INFO] -     Kappa: 0.8872273765763422
[2026-04-14 15:57:17,773][train][INFO] -     OA: {'total': 91.62572566810964, 'roads': 0.9283761745829053, 'buildings': 0.9751952213436716, 'low veg.': 0.7926427373041055, 'trees': 0.9148068640217084, 'cars': 0.8694619880680939, 'clutter': 0.0}
[2026-04-14 15:57:17,773][train][INFO] -     F1: {'mean': 0.899747127585365, 'roads': 0.927814391274556, 'buildings': 0.9712424248406916, 'low veg.': 0.8038668420807143, 'trees': 0.9106079505045926, 'cars': 0.8852040292262707, 'clutter': 0.0}
[2026-04-14 15:57:17,773][train][INFO] -     MIoU: {'mean': 0.8222865077943246, 'roads': 0.8653486707189545, 'buildings': 0.9440926106330634, 'low veg.': 0.6720546427114086, 'trees': 0.8358863559967917, 'cars': 0.794050258911405, 'clutter': 0.0}
[2026-04-14 15:57:17,774][train][INFO] - 
[2026-04-14 15:57:17,774][train][INFO] - Train (epoch 42/100)
[2026-04-14 16:04:02,005][train][INFO] -     Training Loss: 0.11127354880422353
[2026-04-14 16:04:02,006][train][INFO] -     Kappa: 0.8752185220347507
[2026-04-14 16:04:02,006][train][INFO] -     OA: {'total': 90.73157527785752, 'roads': 0.933045470108953, 'buildings': 0.9484088632988669, 'low veg.': 0.7897113387145116, 'trees': 0.9080689589233193, 'cars': 0.8887655790741003, 'clutter': 0.0}
[2026-04-14 16:04:02,006][train][INFO] -     F1: {'mean': 0.8940659035209275, 'roads': 0.9128896047330979, 'buildings': 0.9563352547415396, 'low veg.': 0.8024602026049205, 'trees': 0.9107806126998048, 'cars': 0.8878638428252749, 'clutter': 0.0}
[2026-04-14 16:04:02,006][train][INFO] -     MIoU: {'mean': 0.8121345443350247, 'roads': 0.8397395597610576, 'buildings': 0.9163241923101524, 'low veg.': 0.6700906344410876, 'trees': 0.8361773792489321, 'cars': 0.7983409559138941, 'clutter': 0.0}
[2026-04-14 16:04:02,006][train][INFO] - 
[2026-04-14 16:04:02,006][train][INFO] - Train (epoch 43/100)
[2026-04-14 16:11:02,160][train][INFO] -     Training Loss: 0.10962558516114951
[2026-04-14 16:11:02,160][train][INFO] -     Kappa: 0.887878282967829
[2026-04-14 16:11:02,160][train][INFO] -     OA: {'total': 91.66695846597474, 'roads': 0.928660499358396, 'buildings': 0.9704476182415207, 'low veg.': 0.8148840221723838, 'trees': 0.9075822489733106, 'cars': 0.8616934697364085, 'clutter': 0.0}
[2026-04-14 16:11:02,160][train][INFO] -     F1: {'mean': 0.9005236729295835, 'roads': 0.9280686204622055, 'buildings': 0.9699813143505714, 'low veg.': 0.8104265102441158, 'trees': 0.9108407612898657, 'cars': 0.8833011583011583, 'clutter': 0.0}
[2026-04-14 16:11:02,160][train][INFO] -     MIoU: {'mean': 0.8232100465275044, 'roads': 0.8657910741099667, 'buildings': 0.9417123474211504, 'low veg.': 0.6812748579412491, 'trees': 0.8362787817588114, 'cars': 0.7909931714063445, 'clutter': 0.0}
[2026-04-14 16:11:02,160][train][INFO] - 
[2026-04-14 16:11:02,160][train][INFO] - Train (epoch 44/100)
[2026-04-14 16:17:58,782][train][INFO] -     Training Loss: 0.1079129785746336
[2026-04-14 16:17:58,782][train][INFO] -     Kappa: 0.8866739963844491
[2026-04-14 16:17:58,782][train][INFO] -     OA: {'total': 91.5829994611848, 'roads': 0.9261937841941651, 'buildings': 0.9726764801499996, 'low veg.': 0.7922568909742964, 'trees': 0.9184687986596126, 'cars': 0.880391721651634, 'clutter': 0.0}
[2026-04-14 16:17:58,782][train][INFO] -     F1: {'mean': 0.8992395129810176, 'roads': 0.9275969479461278, 'buildings': 0.9708433531593292, 'low veg.': 0.8031430147496015, 'trees': 0.9101774023571908, 'cars': 0.8844368466928384, 'clutter': 0.0}
[2026-04-14 16:17:58,783][train][INFO] -     MIoU: {'mean': 0.8214660350037735, 'roads': 0.8649704476032487, 'buildings': 0.9433387581372058, 'low veg.': 0.6710434284523754, 'trees': 0.8351610659623179, 'cars': 0.792816474863719, 'clutter': 0.0}
[2026-04-14 16:17:58,783][train][INFO] - 
[2026-04-14 16:17:58,783][train][INFO] - Train (epoch 45/100)
[2026-04-14 16:24:56,056][train][INFO] -     Training Loss: 0.10730194861069321
[2026-04-14 16:24:56,056][train][INFO] -     Kappa: 0.8875929585426663
[2026-04-14 16:24:56,056][train][INFO] -     OA: {'total': 91.65232418855986, 'roads': 0.9290201722808321, 'buildings': 0.9762459415517061, 'low veg.': 0.7881197226040493, 'trees': 0.9164445587739827, 'cars': 0.881871439429098, 'clutter': 0.0}
[2026-04-14 16:24:56,056][train][INFO] -     F1: {'mean': 0.8997507225043139, 'roads': 0.9291424949245196, 'buildings': 0.9733049989768966, 'low veg.': 0.8002424147022943, 'trees': 0.9098948429051253, 'cars': 0.8861688610127335, 'clutter': 0.0}
[2026-04-14 16:24:56,056][train][INFO] -     MIoU: {'mean': 0.8225906861340387, 'roads': 0.8676621217302186, 'buildings': 0.9479981864205012, 'low veg.': 0.6670034217818457, 'trees': 0.8346853851512739, 'cars': 0.7956043155863542, 'clutter': 0.0}
[2026-04-14 16:24:56,056][train][INFO] - 
[2026-04-14 16:24:56,056][train][INFO] - Train (epoch 46/100)
[2026-04-14 16:31:53,139][train][INFO] -     Training Loss: 0.10655784975737333
[2026-04-14 16:31:53,140][train][INFO] -     Kappa: 0.887034137079394
[2026-04-14 16:31:53,140][train][INFO] -     OA: {'total': 91.60619255643064, 'roads': 0.9227323486038217, 'buildings': 0.973136746495955, 'low veg.': 0.797524382387493, 'trees': 0.9189220444549668, 'cars': 0.8868015900240118, 'clutter': 0.0}
[2026-04-14 16:31:53,140][train][INFO] -     F1: {'mean': 0.8991014323558295, 'roads': 0.9285971032391556, 'buildings': 0.9721360084715391, 'low veg.': 0.803227368372477, 'trees': 0.909116379213268, 'cars': 0.8824303024827074, 'clutter': 0.0}
[2026-04-14 16:31:53,140][train][INFO] -     MIoU: {'mean': 0.8213258061769073, 'roads': 0.8667113987152439, 'buildings': 0.9457827265900688, 'low veg.': 0.6711612106972622, 'trees': 0.8333761382883579, 'cars': 0.789597556593604, 'clutter': 0.0}
[2026-04-14 16:31:53,140][train][INFO] - 
[2026-04-14 16:31:53,140][train][INFO] - Train (epoch 47/100)
[2026-04-14 16:38:51,131][train][INFO] -     Training Loss: 0.10523888741433621
[2026-04-14 16:38:51,131][train][INFO] -     Kappa: 0.8886445780248808
[2026-04-14 16:38:51,131][train][INFO] -     OA: {'total': 91.73598903701986, 'roads': 0.9296493917510431, 'buildings': 0.9788070951089878, 'low veg.': 0.7765553568906298, 'trees': 0.9239093417350367, 'cars': 0.8728249830168755, 'clutter': 0.0}
[2026-04-14 16:38:51,131][train][INFO] -     F1: {'mean': 0.8992335517331004, 'roads': 0.9297438298274497, 'buildings': 0.9735992844401031, 'low veg.': 0.7999608912188543, 'trees': 0.9113048281498838, 'cars': 0.8815589250292112, 'clutter': 0.0}
[2026-04-14 16:38:51,131][train][INFO] -     MIoU: {'mean': 0.8218290682951107, 'roads': 0.8687114877156499, 'buildings': 0.948556708584336, 'low veg.': 0.6666123506852686, 'trees': 0.8370615133722167, 'cars': 0.7882032811180826, 'clutter': 0.0}
[2026-04-14 16:38:51,131][train][INFO] - 
[2026-04-14 16:38:51,131][train][INFO] - Train (epoch 48/100)
[2026-04-14 16:45:48,282][train][INFO] -     Training Loss: 0.10476097875088454
[2026-04-14 16:45:48,282][train][INFO] -     Kappa: 0.8885441897819718
[2026-04-14 16:45:48,282][train][INFO] -     OA: {'total': 91.73055280176833, 'roads': 0.9277536157223691, 'buildings': 0.9796525763574676, 'low veg.': 0.7708696356163723, 'trees': 0.9288659066281791, 'cars': 0.8613437182617352, 'clutter': 0.0}
[2026-04-14 16:45:48,282][train][INFO] -     F1: {'mean': 0.8990922758968617, 'roads': 0.930456848447324, 'buildings': 0.9737393369611019, 'low veg.': 0.7984017058366603, 'trees': 0.9107935560499589, 'cars': 0.8820699321892639, 'clutter': 0.0}
[2026-04-14 16:45:48,282][train][INFO] -     MIoU: {'mean': 0.8216899079503157, 'roads': 0.8699572776437886, 'buildings': 0.9488226257038117, 'low veg.': 0.6644497663776887, 'trees': 0.8361991990672931, 'cars': 0.789020670958997, 'clutter': 0.0}
[2026-04-14 16:45:48,282][train][INFO] - 
[2026-04-14 16:45:48,282][train][INFO] - Train (epoch 49/100)
[2026-04-14 16:52:44,333][train][INFO] -     Training Loss: 0.10496135459840297
[2026-04-14 16:52:44,333][train][INFO] -     Kappa: 0.8879931473654648
[2026-04-14 16:52:44,333][train][INFO] -     OA: {'total': 91.68607862742131, 'roads': 0.9224952725282113, 'buildings': 0.9766945905980641, 'low veg.': 0.778731599091883, 'trees': 0.931081825549313, 'cars': 0.8673096713008737, 'clutter': 0.0}
[2026-04-14 16:52:44,334][train][INFO] -     F1: {'mean': 0.8993848393079429, 'roads': 0.9290659227437942, 'buildings': 0.9723359798034092, 'low veg.': 0.8004220888440361, 'trees': 0.9115520070320673, 'cars': 0.8835481981164073, 'clutter': 0.0}
[2026-04-14 16:52:44,334][train][INFO] -     MIoU: {'mean': 0.8219622418614156, 'roads': 0.8675285832010444, 'buildings': 0.9461613530241165, 'low veg.': 0.667253107447365, 'trees': 0.8374786971185338, 'cars': 0.7913894685160182, 'clutter': 0.0}
[2026-04-14 16:52:44,334][train][INFO] - 
[2026-04-14 16:52:44,334][train][INFO] - Train (epoch 50/100)
[2026-04-14 16:59:41,535][train][INFO] -     Training Loss: 0.10329495510458946
[2026-04-14 16:59:41,535][train][INFO] -     Kappa: 0.8885413925085981
[2026-04-14 16:59:41,535][train][INFO] -     OA: {'total': 91.73278725850543, 'roads': 0.9343305514880739, 'buildings': 0.9782057615536349, 'low veg.': 0.7629587523383321, 'trees': 0.9282564947777707, 'cars': 0.876699153197872, 'clutter': 0.0}
[2026-04-14 16:59:41,535][train][INFO] -     F1: {'mean': 0.9000623724151964, 'roads': 0.9300012637955718, 'buildings': 0.973877504487063, 'low veg.': 0.7967351332216168, 'trees': 0.9113989463590828, 'cars': 0.8882990142126479, 'clutter': 0.0}
[2026-04-14 16:59:41,535][train][INFO] -     MIoU: {'mean': 0.8233311612687559, 'roads': 0.8691610862032744, 'buildings': 0.949085034920945, 'low veg.': 0.6621444332159323, 'trees': 0.8372203419341115, 'cars': 0.7990449100695168, 'clutter': 0.0}
[2026-04-14 16:59:41,535][train][INFO] - 
[2026-04-14 16:59:41,535][train][INFO] - Train (epoch 51/100)
[2026-04-14 17:06:38,506][train][INFO] -     Training Loss: 0.10089509924128652
[2026-04-14 17:06:38,506][train][INFO] -     Kappa: 0.8869867404138774
[2026-04-14 17:06:38,506][train][INFO] -     OA: {'total': 91.6081045725753, 'roads': 0.9333083560470531, 'buildings': 0.9714186769666013, 'low veg.': 0.7920639678093919, 'trees': 0.9132905052859706, 'cars': 0.8829812277621959, 'clutter': 0.0}
[2026-04-14 17:06:38,506][train][INFO] -     F1: {'mean': 0.9001783009730856, 'roads': 0.9272171527007286, 'buildings': 0.9696513659268989, 'low veg.': 0.8051227943125665, 'trees': 0.9114211909551375, 'cars': 0.887479000970096, 'clutter': 0.0}
[2026-04-14 17:06:38,506][train][INFO] -     MIoU: {'mean': 0.822837934484179, 'roads': 0.8643101957073567, 'buildings': 0.9410905531011788, 'low veg.': 0.673812162856823, 'trees': 0.8372578846678393, 'cars': 0.7977188760876963, 'clutter': 0.0}
[2026-04-14 17:06:38,506][train][INFO] - 
[2026-04-14 17:06:38,506][train][INFO] - Train (epoch 52/100)
[2026-04-14 17:13:35,309][train][INFO] -     Training Loss: 0.10051411952078343
[2026-04-14 17:13:35,309][train][INFO] -     Kappa: 0.8897133214376975
[2026-04-14 17:13:35,309][train][INFO] -     OA: {'total': 91.81138356712633, 'roads': 0.9248042145007717, 'buildings': 0.9781607675678925, 'low veg.': 0.790795153494493, 'trees': 0.9235528460466768, 'cars': 0.8751319975517396, 'clutter': 0.0}
[2026-04-14 17:13:35,309][train][INFO] -     F1: {'mean': 0.9003829079683012, 'roads': 0.9305967585863113, 'buildings': 0.9723185515763727, 'low veg.': 0.8062863987298643, 'trees': 0.9118069559637677, 'cars': 0.8809058749851898, 'clutter': 0.0}
[2026-04-14 17:13:35,309][train][INFO] -     MIoU: {'mean': 0.8233685986974827, 'roads': 0.8702019243518626, 'buildings': 0.9461283484953665, 'low veg.': 0.6754437562510465, 'trees': 0.8379091935579478, 'cars': 0.7871597708311907, 'clutter': 0.0}
[2026-04-14 17:13:35,309][train][INFO] - 
[2026-04-14 17:13:35,309][train][INFO] - Train (epoch 53/100)
[2026-04-14 17:20:18,178][train][INFO] -     Training Loss: 0.10033497914671897
[2026-04-14 17:20:18,179][train][INFO] -     Kappa: 0.888608629109396
[2026-04-14 17:20:18,179][train][INFO] -     OA: {'total': 91.72895191251112, 'roads': 0.926240824749993, 'buildings': 0.9793204691102457, 'low veg.': 0.789719951355802, 'trees': 0.9178079385170144, 'cars': 0.8791272355508922, 'clutter': 0.0}
[2026-04-14 17:20:18,179][train][INFO] -     F1: {'mean': 0.901069577990979, 'roads': 0.9304321963066016, 'buildings': 0.9727767193129169, 'low veg.': 0.8023880580296981, 'trees': 0.9105763073000521, 'cars': 0.889174609005626, 'clutter': 0.0}
[2026-04-14 17:20:18,179][train][INFO] -     MIoU: {'mean': 0.8246393186510079, 'roads': 0.8699141775712226, 'buildings': 0.9469963712877025, 'low veg.': 0.6699900275790633, 'trees': 0.8358330311720561, 'cars': 0.8004629856449953, 'clutter': 0.0}
[2026-04-14 17:20:18,179][train][INFO] - 
[2026-04-14 17:20:18,179][train][INFO] - Train (epoch 54/100)
[2026-04-14 17:26:58,288][train][INFO] -     Training Loss: 0.09799365299195051
[2026-04-14 17:26:58,288][train][INFO] -     Kappa: 0.8900531130021839
[2026-04-14 17:26:58,289][train][INFO] -     OA: {'total': 91.8377840977391, 'roads': 0.9248853906811826, 'buildings': 0.981943212795552, 'low veg.': 0.7869608055920158, 'trees': 0.9225084001857602, 'cars': 0.8716546607746996, 'clutter': 0.0}
[2026-04-14 17:26:58,289][train][INFO] -     F1: {'mean': 0.9009360641718167, 'roads': 0.9312781371364774, 'buildings': 0.9742307616663564, 'low veg.': 0.8027355967034805, 'trees': 0.9117467925750049, 'cars': 0.8846890327777645, 'clutter': 0.0}
[2026-04-14 17:26:58,289][train][INFO] -     MIoU: {'mean': 0.8245309582187103, 'roads': 0.871394297709247, 'buildings': 0.9497562660866969, 'low veg.': 0.6704747877688899, 'trees': 0.8378075859131751, 'cars': 0.7932218536155419, 'clutter': 0.0}
[2026-04-14 17:26:58,289][train][INFO] - 
[2026-04-14 17:26:58,289][train][INFO] - Train (epoch 55/100)
[2026-04-14 17:33:38,923][train][INFO] -     Training Loss: 0.097678577542305
[2026-04-14 17:33:38,923][train][INFO] -     Kappa: 0.8889620936906903
[2026-04-14 17:33:38,923][train][INFO] -     OA: {'total': 91.76055109057044, 'roads': 0.9304911262986888, 'buildings': 0.9747952543146743, 'low veg.': 0.7730221069276642, 'trees': 0.930882178857939, 'cars': 0.8841246460447817, 'clutter': 0.0}
[2026-04-14 17:33:38,924][train][INFO] -     F1: {'mean': 0.9004279687840693, 'roads': 0.9291005788045051, 'buildings': 0.9723507267113951, 'low veg.': 0.8021987490061263, 'trees': 0.9125715816019103, 'cars': 0.8859182077964092, 'clutter': 0.0}
[2026-04-14 17:33:38,924][train][INFO] -     MIoU: {'mean': 0.8235812479526086, 'roads': 0.8675890194872894, 'buildings': 0.9461892807063955, 'low veg.': 0.6697260904849641, 'trees': 0.8392015199917581, 'cars': 0.7952003290926359, 'clutter': 0.0}
[2026-04-14 17:33:38,924][train][INFO] - 
[2026-04-14 17:33:38,924][train][INFO] - Train (epoch 56/100)
[2026-04-14 17:40:20,622][train][INFO] -     Training Loss: 0.09718395110219717
[2026-04-14 17:40:20,623][train][INFO] -     Kappa: 0.8898211157562409
[2026-04-14 17:40:20,623][train][INFO] -     OA: {'total': 91.81612966637299, 'roads': 0.9256638494369183, 'buildings': 0.9792332471624746, 'low veg.': 0.8014514023102549, 'trees': 0.9146247461732487, 'cars': 0.8696166858357379, 'clutter': 0.0}
[2026-04-14 17:40:20,623][train][INFO] -     F1: {'mean': 0.9014604139679936, 'roads': 0.930893819678723, 'buildings': 0.9731093989196408, 'low veg.': 0.8063852059827726, 'trees': 0.9113216729310112, 'cars': 0.8855919723278195, 'clutter': 0.0}
[2026-04-14 17:40:20,623][train][INFO] -     MIoU: {'mean': 0.8251391792244023, 'roads': 0.8707215773450867, 'buildings': 0.9476271356421639, 'low veg.': 0.6755824492328922, 'trees': 0.8370899376536054, 'cars': 0.7946747962482636, 'clutter': 0.0}
[2026-04-14 17:40:20,623][train][INFO] - 
[2026-04-14 17:40:20,623][train][INFO] - Train (epoch 57/100)
[2026-04-14 17:47:13,067][train][INFO] -     Training Loss: 0.09646281496807933
[2026-04-14 17:47:13,067][train][INFO] -     Kappa: 0.889533903691081
[2026-04-14 17:47:13,067][train][INFO] -     OA: {'total': 91.79527850806173, 'roads': 0.9299389201278421, 'buildings': 0.9770761174689703, 'low veg.': 0.798205814566388, 'trees': 0.913531128493248, 'cars': 0.8810374166818001, 'clutter': 0.0}
[2026-04-14 17:47:13,068][train][INFO] -     F1: {'mean': 0.9012337998741667, 'roads': 0.9303199079209915, 'buildings': 0.9731033657592033, 'low veg.': 0.8060028594984397, 'trees': 0.9111128038553095, 'cars': 0.8856300623368897, 'clutter': 0.0}
[2026-04-14 17:47:13,068][train][INFO] -     MIoU: {'mean': 0.8247706310044076, 'roads': 0.8697178855716018, 'buildings': 0.9476156930620736, 'low veg.': 0.675045887597238, 'trees': 0.8367375491981094, 'cars': 0.7947361395930155, 'clutter': 0.0}
[2026-04-14 17:47:13,068][train][INFO] - 
[2026-04-14 17:47:13,068][train][INFO] - Train (epoch 58/100)
[2026-04-14 17:54:03,052][train][INFO] -     Training Loss: 0.09522963316366076
[2026-04-14 17:54:03,052][train][INFO] -     Kappa: 0.8900619532057198
[2026-04-14 17:54:03,052][train][INFO] -     OA: {'total': 91.83685637392927, 'roads': 0.9266277645432851, 'buildings': 0.9795695956460574, 'low veg.': 0.7920467425268112, 'trees': 0.9198517560713537, 'cars': 0.8800217922072681, 'clutter': 0.0}
[2026-04-14 17:54:03,052][train][INFO] -     F1: {'mean': 0.9011316512503911, 'roads': 0.930630683362251, 'buildings': 0.9730075171443643, 'low veg.': 0.8050566539726238, 'trees': 0.9127129658617638, 'cars': 0.8842504359109525, 'clutter': 0.0}
[2026-04-14 17:54:03,052][train][INFO] -     MIoU: {'mean': 0.8246744637501454, 'roads': 0.8702612548191374, 'buildings': 0.9474339232151322, 'low veg.': 0.6737195170374043, 'trees': 0.8394406786844132, 'cars': 0.7925169449946394, 'clutter': 0.0}
[2026-04-14 17:54:03,052][train][INFO] - 
[2026-04-14 17:54:03,052][train][INFO] - Train (epoch 59/100)
[2026-04-14 18:00:34,706][train][INFO] -     Training Loss: 0.094844209484756
[2026-04-14 18:00:34,706][train][INFO] -     Kappa: 0.8884120709004201
[2026-04-14 18:00:34,706][train][INFO] -     OA: {'total': 91.71251875600157, 'roads': 0.9282007091467863, 'buildings': 0.9756665517844818, 'low veg.': 0.7905777704283239, 'trees': 0.9188910844207286, 'cars': 0.8807818290656927, 'clutter': 0.0}
[2026-04-14 18:00:34,706][train][INFO] -     F1: {'mean': 0.8999379985905215, 'roads': 0.929742485923812, 'buildings': 0.9733515212446271, 'low veg.': 0.802160376985854, 'trees': 0.9104848581772971, 'cars': 0.8839507506210174, 'clutter': 0.0}
[2026-04-14 18:00:34,706][train][INFO] -     MIoU: {'mean': 0.8228365508389064, 'roads': 0.8687091412073251, 'buildings': 0.948086459373749, 'low veg.': 0.6696726018858542, 'trees': 0.8356789393987701, 'cars': 0.7920356123288335, 'clutter': 0.0}
[2026-04-14 18:00:34,707][train][INFO] - 
[2026-04-14 18:00:34,707][train][INFO] - Train (epoch 60/100)
[2026-04-14 18:07:06,897][train][INFO] -     Training Loss: 0.09458616276457905
[2026-04-14 18:07:06,897][train][INFO] -     Kappa: 0.8892649791637406
[2026-04-14 18:07:06,897][train][INFO] -     OA: {'total': 91.77347699853063, 'roads': 0.9287393859542312, 'buildings': 0.9748867174988065, 'low veg.': 0.799971406030916, 'trees': 0.9161479343283039, 'cars': 0.8619490573525158, 'clutter': 0.0}
[2026-04-14 18:07:06,897][train][INFO] -     F1: {'mean': 0.9003215521517236, 'roads': 0.930504479274966, 'buildings': 0.9733593558191987, 'low veg.': 0.804096447872945, 'trees': 0.9116228792217217, 'cars': 0.8820245985697865, 'clutter': 0.0}
[2026-04-14 18:07:06,897][train][INFO] -     MIoU: {'mean': 0.8234128050565495, 'roads': 0.8700405576679341, 'buildings': 0.948101325752481, 'low veg.': 0.6723756664513328, 'trees': 0.8375983487872631, 'cars': 0.7889481266237364, 'clutter': 0.0}
[2026-04-14 18:07:06,897][train][INFO] - 
[2026-04-14 18:07:06,897][train][INFO] - Train (epoch 61/100)
[2026-04-14 18:13:38,950][train][INFO] -     Training Loss: 0.09401000590249896
[2026-04-14 18:13:38,950][train][INFO] -     Kappa: 0.8901432151751928
[2026-04-14 18:13:38,951][train][INFO] -     OA: {'total': 91.84066343566109, 'roads': 0.9244278900541487, 'buildings': 0.9781358733544694, 'low veg.': 0.7994632601947835, 'trees': 0.919524626886058, 'cars': 0.8727980790572852, 'clutter': 0.0}
[2026-04-14 18:13:38,951][train][INFO] -     F1: {'mean': 0.9016259670903741, 'roads': 0.9306838614391804, 'buildings': 0.9725236772152461, 'low veg.': 0.8071619576045278, 'trees': 0.9125181280827906, 'cars': 0.8852422111101257, 'clutter': 0.0}
[2026-04-14 18:13:38,951][train][INFO] -     MIoU: {'mean': 0.8253535034117132, 'roads': 0.8703542646347572, 'buildings': 0.9465168740622943, 'low veg.': 0.6766735540925365, 'trees': 0.8391111168354826, 'cars': 0.7941117074334951, 'clutter': 0.0}
[2026-04-14 18:13:38,951][train][INFO] - 
[2026-04-14 18:13:38,951][train][INFO] - Train (epoch 62/100)
[2026-04-14 18:20:11,359][train][INFO] -     Training Loss: 0.09334461287036538
[2026-04-14 18:20:11,359][train][INFO] -     Kappa: 0.8903960952393651
[2026-04-14 18:20:11,359][train][INFO] -     OA: {'total': 91.86096587927995, 'roads': 0.9312506439456619, 'buildings': 0.9782144284279378, 'low veg.': 0.7953088665419557, 'trees': 0.9155294165854725, 'cars': 0.8727509971280023, 'clutter': 0.0}
[2026-04-14 18:20:11,359][train][INFO] -     F1: {'mean': 0.9017184865102271, 'roads': 0.9305951704217504, 'buildings': 0.974075867783391, 'low veg.': 0.8058552986738851, 'trees': 0.9120738113526933, 'cars': 0.8859922843194156, 'clutter': 0.0}
[2026-04-14 18:20:11,359][train][INFO] -     MIoU: {'mean': 0.8256359307015361, 'roads': 0.8701991469299397, 'buildings': 0.9494618921564942, 'low veg.': 0.6748389016665829, 'trees': 0.838360010881563, 'cars': 0.7953197018731, 'clutter': 0.0}
[2026-04-14 18:20:11,359][train][INFO] - 
[2026-04-14 18:20:11,359][train][INFO] - Train (epoch 63/100)
[2026-04-14 18:26:44,833][train][INFO] -     Training Loss: 0.09303352031856775
[2026-04-14 18:26:44,833][train][INFO] -     Kappa: 0.8895283069487483
[2026-04-14 18:26:44,833][train][INFO] -     OA: {'total': 91.79500132228927, 'roads': 0.9279257508536508, 'buildings': 0.9776499751887673, 'low veg.': 0.7983925366295634, 'trees': 0.9151537985230243, 'cars': 0.8732419943905244, 'clutter': 0.0}
[2026-04-14 18:26:44,833][train][INFO] -     F1: {'mean': 0.9009141240617351, 'roads': 0.9305627583820113, 'buildings': 0.972771986336866, 'low veg.': 0.8059336137319145, 'trees': 0.9114127148622548, 'cars': 0.8838895469956293, 'clutter': 0.0}
[2026-04-14 18:26:44,833][train][INFO] -     MIoU: {'mean': 0.8242519075563466, 'roads': 0.8701424657459382, 'buildings': 0.9469874004583697, 'low veg.': 0.6749487490815026, 'trees': 0.8372435791833897, 'cars': 0.7919373433125332, 'clutter': 0.0}
[2026-04-14 18:26:44,833][train][INFO] - 
[2026-04-14 18:26:44,833][train][INFO] - Train (epoch 64/100)
[2026-04-14 18:33:18,163][train][INFO] -     Training Loss: 0.09231891940534115
[2026-04-14 18:33:18,164][train][INFO] -     Kappa: 0.8894564908770028
[2026-04-14 18:33:18,164][train][INFO] -     OA: {'total': 91.79358710916452, 'roads': 0.9331060400281828, 'buildings': 0.9750390332046395, 'low veg.': 0.7862187404184365, 'trees': 0.9212098999262422, 'cars': 0.8581421470704951, 'clutter': 0.0}
[2026-04-14 18:33:18,164][train][INFO] -     F1: {'mean': 0.9006485238163018, 'roads': 0.9302695530662497, 'buildings': 0.9736432786733106, 'low veg.': 0.8032589117191824, 'trees': 0.9115526824286182, 'cars': 0.8845181931941474, 'clutter': 0.0}
[2026-04-14 18:33:18,164][train][INFO] -     MIoU: {'mean': 0.8239804835435981, 'roads': 0.8696298733318771, 'buildings': 0.948640232427922, 'low veg.': 0.6712052586688627, 'trees': 0.8374798372993716, 'cars': 0.7929472159899565, 'clutter': 0.0}
[2026-04-14 18:33:18,164][train][INFO] - 
[2026-04-14 18:33:18,164][train][INFO] - Train (epoch 65/100)
[2026-04-14 18:39:50,884][train][INFO] -     Training Loss: 0.0909895055666566
[2026-04-14 18:39:50,885][train][INFO] -     Kappa: 0.8895321015328814
[2026-04-14 18:39:50,885][train][INFO] -     OA: {'total': 91.79865564900362, 'roads': 0.9318602978749533, 'buildings': 0.9785065205321019, 'low veg.': 0.7880611566432747, 'trees': 0.9164709658620093, 'cars': 0.8819925072472541, 'clutter': 0.0}
[2026-04-14 18:39:50,885][train][INFO] -     F1: {'mean': 0.9015117846911691, 'roads': 0.929954751657567, 'buildings': 0.9736550746719981, 'low veg.': 0.802902788592773, 'trees': 0.9121242786795232, 'cars': 0.8889220298539839, 'clutter': 0.0}
[2026-04-14 18:39:50,885][train][INFO] -     MIoU: {'mean': 0.8253899088868849, 'roads': 0.8690798385377863, 'buildings': 0.9486626285610902, 'low veg.': 0.6707080936634499, 'trees': 0.8384452937072404, 'cars': 0.8000536899648575, 'clutter': 0.0}
[2026-04-14 18:39:50,885][train][INFO] - 
[2026-04-14 18:39:50,885][train][INFO] - Train (epoch 66/100)
[2026-04-14 18:46:23,894][train][INFO] -     Training Loss: 0.09063503899425268
[2026-04-14 18:46:23,894][train][INFO] -     Kappa: 0.8891051103390107
[2026-04-14 18:46:23,894][train][INFO] -     OA: {'total': 91.7636567025924, 'roads': 0.9288482452936028, 'buildings': 0.977953315789367, 'low veg.': 0.7953367714997365, 'trees': 0.9142026880594433, 'cars': 0.8828601599440398, 'clutter': 0.0}
[2026-04-14 18:46:23,894][train][INFO] -     F1: {'mean': 0.9008698568426275, 'roads': 0.9301885327442695, 'buildings': 0.9736004372894844, 'low veg.': 0.8041256934904548, 'trees': 0.9105535381486043, 'cars': 0.8858810825403253, 'clutter': 0.0}
[2026-04-14 18:46:23,894][train][INFO] -     MIoU: {'mean': 0.8242797827347909, 'roads': 0.8694882801456406, 'buildings': 0.9485588971982809, 'low veg.': 0.6724165651133475, 'trees': 0.8357946627328686, 'cars': 0.7951405084838168, 'clutter': 0.0}
[2026-04-14 18:46:23,894][train][INFO] - 
[2026-04-14 18:46:23,894][train][INFO] - Train (epoch 67/100)
[2026-04-14 18:52:56,533][train][INFO] -     Training Loss: 0.08958859607949853
[2026-04-14 18:52:56,533][train][INFO] -     Kappa: 0.8902918094935511
[2026-04-14 18:52:56,533][train][INFO] -     OA: {'total': 91.85429079333113, 'roads': 0.9295896544080227, 'buildings': 0.9771161326120281, 'low veg.': 0.7892872522573733, 'trees': 0.9223326564619966, 'cars': 0.8751050935921494, 'clutter': 0.0}
[2026-04-14 18:52:56,533][train][INFO] -     F1: {'mean': 0.9015850099568514, 'roads': 0.9311244200393375, 'buildings': 0.9738916451720689, 'low veg.': 0.8049251014556706, 'trees': 0.9117680847886939, 'cars': 0.8862157983284858, 'clutter': 0.0}
[2026-04-14 18:52:56,533][train][INFO] -     MIoU: {'mean': 0.8254591740501755, 'roads': 0.8711251688186247, 'buildings': 0.9491118950448284, 'low veg.': 0.6735352758526818, 'trees': 0.8378435442335399, 'cars': 0.7956799863012023, 'clutter': 0.0}
[2026-04-14 18:52:56,533][train][INFO] - 
[2026-04-14 18:52:56,533][train][INFO] - Train (epoch 68/100)
[2026-04-14 18:59:28,857][train][INFO] -     Training Loss: 0.0889411394186318
[2026-04-14 18:59:28,857][train][INFO] -     Kappa: 0.8899768604896071
[2026-04-14 18:59:28,857][train][INFO] -     OA: {'total': 91.83257979344003, 'roads': 0.9296924775698766, 'buildings': 0.9788432378188465, 'low veg.': 0.7846794891670198, 'trees': 0.9220251049454101, 'cars': 0.8820194112068444, 'clutter': 0.0}
[2026-04-14 18:59:28,857][train][INFO] -     F1: {'mean': 0.9012799997687203, 'roads': 0.930934533566905, 'buildings': 0.9737975953420311, 'low veg.': 0.8031793630906561, 'trees': 0.91185034995011, 'cars': 0.8866381568938997, 'clutter': 0.0}
[2026-04-14 18:59:28,857][train][INFO] -     MIoU: {'mean': 0.8250327869314725, 'roads': 0.8707928212038692, 'buildings': 0.9489332620172488, 'low veg.': 0.671094179295552, 'trees': 0.8379824869753009, 'cars': 0.7963611851653923, 'clutter': 0.0}
[2026-04-14 18:59:28,857][train][INFO] - 
[2026-04-14 18:59:28,857][train][INFO] - Train (epoch 69/100)
[2026-04-14 19:05:58,325][train][INFO] -     Training Loss: 0.08952105462178588
[2026-04-14 19:05:58,325][train][INFO] -     Kappa: 0.8895249326311538
[2026-04-14 19:05:58,325][train][INFO] -     OA: {'total': 91.79497869487928, 'roads': 0.9323315360094414, 'buildings': 0.9756698710129381, 'low veg.': 0.7967564792900428, 'trees': 0.9137364663673864, 'cars': 0.8768874809150037, 'clutter': 0.0}
[2026-04-14 19:05:58,325][train][INFO] -     F1: {'mean': 0.9016060035803758, 'roads': 0.9297093317639132, 'buildings': 0.9732901058854184, 'low veg.': 0.8052839651640058, 'trees': 0.9119465204338092, 'cars': 0.8878000946547315, 'clutter': 0.0}
[2026-04-14 19:05:58,325][train][INFO] -     MIoU: {'mean': 0.8254083942574815, 'roads': 0.868651254613047, 'buildings': 0.9479699294461056, 'low veg.': 0.6740379652429724, 'trees': 0.8381449419171971, 'cars': 0.7982378800680847, 'clutter': 0.0}
[2026-04-14 19:05:58,325][train][INFO] - 
[2026-04-14 19:05:58,325][train][INFO] - Train (epoch 70/100)
[2026-04-14 19:12:28,575][train][INFO] -     Training Loss: 0.08858592445403338
[2026-04-14 19:12:28,575][train][INFO] -     Kappa: 0.8885072320450809
[2026-04-14 19:12:28,575][train][INFO] -     OA: {'total': 91.72162628852493, 'roads': 0.9331503747113302, 'buildings': 0.9758168390729247, 'low veg.': 0.7888077003903249, 'trees': 0.9146609420956301, 'cars': 0.8857254316404016, 'clutter': 0.0}
[2026-04-14 19:12:28,575][train][INFO] -     F1: {'mean': 0.9004558730259378, 'roads': 0.9286290640383374, 'buildings': 0.9724867164799816, 'low veg.': 0.8030410399046176, 'trees': 0.9121587537260404, 'cars': 0.8859637909807114, 'clutter': 0.0}
[2026-04-14 19:12:28,575][train][INFO] -     MIoU: {'mean': 0.8235784691144735, 'roads': 0.8667670858597635, 'buildings': 0.9464468557997335, 'low veg.': 0.6709010640102695, 'trees': 0.8385035563326345, 'cars': 0.7952737835699663, 'clutter': 0.0}
[2026-04-14 19:12:28,575][train][INFO] - 
[2026-04-14 19:12:28,575][train][INFO] - Train (epoch 71/100)
[2026-04-14 19:19:00,515][train][INFO] -     Training Loss: 0.08801516738161444
[2026-04-14 19:19:00,516][train][INFO] -     Kappa: 0.8909472893467314
[2026-04-14 19:19:00,516][train][INFO] -     OA: {'total': 91.9002018082129, 'roads': 0.9251160142911706, 'buildings': 0.9800055209833325, 'low veg.': 0.7995848706898037, 'trees': 0.9186062976351997, 'cars': 0.8779165573693308, 'clutter': 0.0}
[2026-04-14 19:19:00,516][train][INFO] -     F1: {'mean': 0.9021068003129041, 'roads': 0.9318104199944275, 'buildings': 0.9739611734520104, 'low veg.': 0.8072626975907815, 'trees': 0.9118451352175537, 'cars': 0.8856545753097477, 'clutter': 0.0}
[2026-04-14 19:19:00,516][train][INFO] -     MIoU: {'mean': 0.8262270522113951, 'roads': 0.8723268204784084, 'buildings': 0.9492439742546688, 'low veg.': 0.6768151679000782, 'trees': 0.8379736788658828, 'cars': 0.7947756195579371, 'clutter': 0.0}
[2026-04-14 19:19:00,516][train][INFO] - 
[2026-04-14 19:19:00,516][train][INFO] - Train (epoch 72/100)
[2026-04-14 19:25:32,962][train][INFO] -     Training Loss: 0.08801239417865872
[2026-04-14 19:25:32,962][train][INFO] -     Kappa: 0.8896593732695056
[2026-04-14 19:25:32,962][train][INFO] -     OA: {'total': 91.80965822711414, 'roads': 0.9264090051442803, 'buildings': 0.9793036885663828, 'low veg.': 0.7814590503357207, 'trees': 0.926307606151941, 'cars': 0.8804186256112243, 'clutter': 0.0}
[2026-04-14 19:25:32,962][train][INFO] -     F1: {'mean': 0.9009490792882323, 'roads': 0.9308955264462343, 'buildings': 0.9736726527895052, 'low veg.': 0.8023906004569881, 'trees': 0.9115232320372185, 'cars': 0.8862633847112152, 'clutter': 0.0}
[2026-04-14 19:25:32,962][train][INFO] -     MIoU: {'mean': 0.8245201943618039, 'roads': 0.8707245638509801, 'buildings': 0.9486960037028125, 'low veg.': 0.6699935728319827, 'trees': 0.8374301214928517, 'cars': 0.795756709930393, 'clutter': 0.0}
[2026-04-14 19:25:32,962][train][INFO] - 
[2026-04-14 19:25:32,962][train][INFO] - Train (epoch 73/100)
[2026-04-14 19:32:05,941][train][INFO] -     Training Loss: 0.08758876545727252
[2026-04-14 19:32:05,941][train][INFO] -     Kappa: 0.8895178460620874
[2026-04-14 19:32:05,942][train][INFO] -     OA: {'total': 91.79501263599427, 'roads': 0.9274896890640074, 'buildings': 0.978426674647567, 'low veg.': 0.7934671393284207, 'trees': 0.9175798359118186, 'cars': 0.8834991289843083, 'clutter': 0.0}
[2026-04-14 19:32:05,942][train][INFO] -     F1: {'mean': 0.9013085317855296, 'roads': 0.9301231275814654, 'buildings': 0.9736725458490991, 'low veg.': 0.8039850792533763, 'trees': 0.9116559277534411, 'cars': 0.8871059784902666, 'clutter': 0.0}
[2026-04-14 19:32:05,942][train][INFO] -     MIoU: {'mean': 0.8250120390001114, 'roads': 0.8693739920546691, 'buildings': 0.9486958006542229, 'low veg.': 0.6722199408277288, 'trees': 0.8376541490887176, 'cars': 0.7971163123752192, 'clutter': 0.0}
[2026-04-14 19:32:05,942][train][INFO] - 
[2026-04-14 19:32:05,942][train][INFO] - Train (epoch 74/100)
[2026-04-14 19:38:39,232][train][INFO] -     Training Loss: 0.0867040975280106
[2026-04-14 19:38:39,232][train][INFO] -     Kappa: 0.8899773123795055
[2026-04-14 19:38:39,232][train][INFO] -     OA: {'total': 91.83418633954975, 'roads': 0.9276108289024668, 'buildings': 0.9800132658497308, 'low veg.': 0.7791487954359891, 'trees': 0.9266716142015499, 'cars': 0.8792146734195605, 'clutter': 0.0}
[2026-04-14 19:38:39,232][train][INFO] -     F1: {'mean': 0.9008247694468494, 'roads': 0.9311869236276578, 'buildings': 0.9739113097415321, 'low veg.': 0.8015856321271795, 'trees': 0.9122327128520811, 'cars': 0.8852072688857964, 'clutter': 0.0}
[2026-04-14 19:38:39,232][train][INFO] -     MIoU: {'mean': 0.8243879438615134, 'roads': 0.8712345911674273, 'buildings': 0.9491492489759412, 'low veg.': 0.66887184734775, 'trees': 0.8386285592793636, 'cars': 0.794055472537085, 'clutter': 0.0}
[2026-04-14 19:38:39,232][train][INFO] - 
[2026-04-14 19:38:39,232][train][INFO] - Train (epoch 75/100)
[2026-04-14 19:45:12,647][train][INFO] -     Training Loss: 0.08680959159880877
[2026-04-14 19:45:12,647][train][INFO] -     Kappa: 0.8902078239283592
[2026-04-14 19:45:12,647][train][INFO] -     OA: {'total': 91.84596956330513, 'roads': 0.9264779008256033, 'buildings': 0.9791233438202512, 'low veg.': 0.794560944772299, 'trees': 0.9193379560913867, 'cars': 0.8780712551369748, 'clutter': 0.0}
[2026-04-14 19:45:12,647][train][INFO] -     F1: {'mean': 0.9013264151309842, 'roads': 0.9312026587511665, 'buildings': 0.9741538174203023, 'low veg.': 0.8044184805099298, 'trees': 0.9117881535731711, 'cars': 0.8850689654003518, 'clutter': 0.0}
[2026-04-14 19:45:12,647][train][INFO] -     MIoU: {'mean': 0.8250817303387613, 'roads': 0.8712621399891443, 'buildings': 0.9496100233765997, 'low veg.': 0.6728261246903716, 'trees': 0.8378774377131167, 'cars': 0.7938329259245747, 'clutter': 0.0}
[2026-04-14 19:45:12,647][train][INFO] - 
[2026-04-14 19:45:12,647][train][INFO] - Train (epoch 76/100)
[2026-04-14 19:51:48,797][train][INFO] -     Training Loss: 0.08630149916186929
[2026-04-14 19:51:48,797][train][INFO] -     Kappa: 0.8907406104983812
[2026-04-14 19:51:48,798][train][INFO] -     OA: {'total': 91.88474728718568, 'roads': 0.9272232646770177, 'buildings': 0.9806920480690665, 'low veg.': 0.8002931743095245, 'trees': 0.914431928901192, 'cars': 0.8759122123798571, 'clutter': 0.0}
[2026-04-14 19:51:48,798][train][INFO] -     F1: {'mean': 0.9021070232624364, 'roads': 0.9318339795920715, 'buildings': 0.9743640995894958, 'low veg.': 0.8062408710800849, 'trees': 0.9114283873157689, 'cars': 0.8866677787347615, 'clutter': 0.0}
[2026-04-14 19:51:48,798][train][INFO] -     MIoU: {'mean': 0.8262873459369475, 'roads': 0.8723681167429458, 'buildings': 0.9500097443932226, 'low veg.': 0.675379858087077, 'trees': 0.8372700304652834, 'cars': 0.7964089799962084, 'clutter': 0.0}
[2026-04-14 19:51:48,798][train][INFO] - 
[2026-04-14 19:51:48,798][train][INFO] - Train (epoch 77/100)
[2026-04-14 19:58:21,844][train][INFO] -     Training Loss: 0.08572226637974381
[2026-04-14 19:58:21,844][train][INFO] -     Kappa: 0.8899712017448321
[2026-04-14 19:58:21,844][train][INFO] -     OA: {'total': 91.82952509309058, 'roads': 0.929931426941958, 'buildings': 0.9766221207767658, 'low veg.': 0.7908723227604549, 'trees': 0.9204236061155173, 'cars': 0.8780914331066675, 'clutter': 0.0}
[2026-04-14 19:58:21,844][train][INFO] -     F1: {'mean': 0.9015871338658753, 'roads': 0.9307585651160483, 'buildings': 0.9739077954440011, 'low veg.': 0.8045578244405232, 'trees': 0.9115712530846863, 'cars': 0.8871402312441178, 'clutter': 0.0}
[2026-04-14 19:58:21,845][train][INFO] -     MIoU: {'mean': 0.8254662880025639, 'roads': 0.8704849389016303, 'buildings': 0.9491425732694475, 'low veg.': 0.6730211137682033, 'trees': 0.8375111881858557, 'cars': 0.7971716258876833, 'clutter': 0.0}
[2026-04-14 19:58:21,845][train][INFO] - 
[2026-04-14 19:58:21,845][train][INFO] - Train (epoch 78/100)
[2026-04-14 20:04:59,317][train][INFO] -     Training Loss: 0.08518266488984227
[2026-04-14 20:04:59,317][train][INFO] -     Kappa: 0.8901574482298805
[2026-04-14 20:04:59,317][train][INFO] -     OA: {'total': 91.8456131815977, 'roads': 0.9296448125818917, 'buildings': 0.9787921585809339, 'low veg.': 0.7863024552917791, 'trees': 0.9219574936941695, 'cars': 0.871230923411153, 'clutter': 0.0}
[2026-04-14 20:04:59,317][train][INFO] -     F1: {'mean': 0.90135752424944, 'roads': 0.9313044206252403, 'buildings': 0.9742490916783142, 'low veg.': 0.8033331309520981, 'trees': 0.9115454285184391, 'cars': 0.886355549473108, 'clutter': 0.0}
[2026-04-14 20:04:59,317][train][INFO] -     MIoU: {'mean': 0.8251826515689131, 'roads': 0.8714403227625401, 'buildings': 0.9497911079331746, 'low veg.': 0.6713089095474416, 'trees': 0.8374675915758982, 'cars': 0.7959053260255118, 'clutter': 0.0}
[2026-04-14 20:04:59,317][train][INFO] - 
[2026-04-14 20:04:59,318][train][INFO] - Train (epoch 79/100)
[2026-04-14 20:11:37,915][train][INFO] -     Training Loss: 0.08502253206074238
[2026-04-14 20:11:37,915][train][INFO] -     Kappa: 0.8897343972167024
[2026-04-14 20:11:37,915][train][INFO] -     OA: {'total': 91.81011643216657, 'roads': 0.9292299814855866, 'buildings': 0.9759215791708825, 'low veg.': 0.7947077041798871, 'trees': 0.9186431764995129, 'cars': 0.8809567048030293, 'clutter': 0.0}
[2026-04-14 20:11:37,915][train][INFO] -     F1: {'mean': 0.901350858886596, 'roads': 0.9303365602475112, 'buildings': 0.973745578595143, 'low veg.': 0.8046041037562686, 'trees': 0.9117940727428099, 'cars': 0.8862739790912474, 'clutter': 0.0}
[2026-04-14 20:11:37,915][train][INFO] -     MIoU: {'mean': 0.8250657164652294, 'roads': 0.8697469930006988, 'buildings': 0.9488344783569032, 'low veg.': 0.6730858841698887, 'trees': 0.8378874346337883, 'cars': 0.7957737921648683, 'clutter': 0.0}
[2026-04-14 20:11:37,915][train][INFO] - 
[2026-04-14 20:11:37,915][train][INFO] - Train (epoch 80/100)
[2026-04-14 20:18:14,148][train][INFO] -     Training Loss: 0.08463811127468944
[2026-04-14 20:18:14,148][train][INFO] -     Kappa: 0.8895480975289156
[2026-04-14 20:18:14,148][train][INFO] -     OA: {'total': 91.79836714952617, 'roads': 0.930164548280574, 'buildings': 0.9785869196213793, 'low veg.': 0.790951903565978, 'trees': 0.9164079075569801, 'cars': 0.8789389078337604, 'clutter': 0.0}
[2026-04-14 20:18:14,148][train][INFO] -     F1: {'mean': 0.9013493300499158, 'roads': 0.9306326379801866, 'buildings': 0.9739186911657413, 'low veg.': 0.8030647856582582, 'trees': 0.9113573056011359, 'cars': 0.8877732298442569, 'clutter': 0.0}
[2026-04-14 20:18:14,148][train][INFO] -     MIoU: {'mean': 0.8251413340056553, 'roads': 0.8702646733321039, 'buildings': 0.9491632707667389, 'low veg.': 0.6709342126757514, 'trees': 0.8371500679608904, 'cars': 0.7981944452927918, 'clutter': 0.0}
[2026-04-14 20:18:14,148][train][INFO] - 
[2026-04-14 20:18:14,148][train][INFO] - Train (epoch 81/100)
[2026-04-14 20:24:47,818][train][INFO] -     Training Loss: 0.08481207072362304
[2026-04-14 20:24:47,818][train][INFO] -     Kappa: 0.889576442817604
[2026-04-14 20:24:47,818][train][INFO] -     OA: {'total': 91.79939103982848, 'roads': 0.9304780132233916, 'buildings': 0.9757751643156387, 'low veg.': 0.7942360759428259, 'trees': 0.9174892322822098, 'cars': 0.8765175514706377, 'clutter': 0.0}
[2026-04-14 20:24:47,818][train][INFO] -     F1: {'mean': 0.9014573124204379, 'roads': 0.9299244366552429, 'buildings': 0.9731708346517339, 'low veg.': 0.804905115136348, 'trees': 0.9121385094607855, 'cars': 0.8871476661980796, 'clutter': 0.0}
[2026-04-14 20:24:47,818][train][INFO] -     MIoU: {'mean': 0.8251861630737862, 'roads': 0.8690268879223436, 'buildings': 0.947743663203866, 'low veg.': 0.6735072882754236, 'trees': 0.8384693431961366, 'cars': 0.797183632771161, 'clutter': 0.0}
[2026-04-14 20:24:47,818][train][INFO] - 
[2026-04-14 20:24:47,818][train][INFO] - Train (epoch 82/100)
[2026-04-14 20:31:21,896][train][INFO] -     Training Loss: 0.08526667701080441
[2026-04-14 20:31:21,896][train][INFO] -     Kappa: 0.8893513954172549
[2026-04-14 20:31:21,896][train][INFO] -     OA: {'total': 91.78080827936931, 'roads': 0.9308643285845268, 'buildings': 0.9764615069997918, 'low veg.': 0.7996124311419329, 'trees': 0.9120127209317149, 'cars': 0.8737464436328417, 'clutter': 0.0}
[2026-04-14 20:31:21,896][train][INFO] -     F1: {'mean': 0.9011153872096817, 'roads': 0.9308355570236195, 'buildings': 0.9732676217200482, 'low veg.': 0.8047930938173375, 'trees': 0.9108512340334008, 'cars': 0.8858294294540024, 'clutter': 0.0}
[2026-04-14 20:31:21,896][train][INFO] -     MIoU: {'mean': 0.8246502136766809, 'roads': 0.8706196349294261, 'buildings': 0.9479272713212071, 'low veg.': 0.6733504380323098, 'trees': 0.8362964385540459, 'cars': 0.795057285546416, 'clutter': 0.0}
[2026-04-14 20:31:21,896][train][INFO] - 
[2026-04-14 20:31:21,896][train][INFO] - Train (epoch 83/100)
[2026-04-14 20:37:59,570][train][INFO] -     Training Loss: 0.0843676950596273
[2026-04-14 20:37:59,570][train][INFO] -     Kappa: 0.8893871404357583
[2026-04-14 20:37:59,570][train][INFO] -     OA: {'total': 91.78717789528318, 'roads': 0.9286342732078017, 'buildings': 0.9769409511101621, 'low veg.': 0.7891470384571659, 'trees': 0.9209658620093062, 'cars': 0.8756902547132375, 'clutter': 0.0}
[2026-04-14 20:37:59,570][train][INFO] -     F1: {'mean': 0.9013034188005488, 'roads': 0.9298306327800927, 'buildings': 0.9729819720340404, 'low veg.': 0.8037501427645856, 'trees': 0.9123055470458125, 'cars': 0.887648799378213, 'clutter': 0.0}
[2026-04-14 20:37:59,570][train][INFO] -     MIoU: {'mean': 0.8249770089641751, 'roads': 0.8688630615503531, 'buildings': 0.947385484518768, 'low veg.': 0.6718915265930205, 'trees': 0.8387516775211851, 'cars': 0.7979932946375488, 'clutter': 0.0}
[2026-04-14 20:37:59,570][train][INFO] - 
[2026-04-14 20:37:59,570][train][INFO] - Train (epoch 84/100)
[2026-04-14 20:44:32,265][train][INFO] -     Training Loss: 0.08491842738538981
[2026-04-14 20:44:32,265][train][INFO] -     Kappa: 0.888960907161521
[2026-04-14 20:44:32,265][train][INFO] -     OA: {'total': 91.75389297517914, 'roads': 0.9294399988343933, 'buildings': 0.9767736988762752, 'low veg.': 0.7917253187538541, 'trees': 0.9171901037161146, 'cars': 0.8773986561472185, 'clutter': 0.0}
[2026-04-14 20:44:32,265][train][INFO] -     F1: {'mean': 0.9007339374687733, 'roads': 0.9295341253947201, 'buildings': 0.9735858607255478, 'low veg.': 0.8029120269157233, 'trees': 0.9115044578132401, 'cars': 0.8861332164946353, 'clutter': 0.0}
[2026-04-14 20:44:32,265][train][INFO] -     MIoU: {'mean': 0.8241085806986537, 'roads': 0.868345406842113, 'buildings': 0.9485312248462909, 'low veg.': 0.6707209870691744, 'trees': 0.8373984297464836, 'cars': 0.7955468549892056, 'clutter': 0.0}
[2026-04-14 20:44:32,265][train][INFO] - 
[2026-04-14 20:44:32,265][train][INFO] - Train (epoch 85/100)
[2026-04-14 20:51:03,841][train][INFO] -     Training Loss: 0.0843682852126658
[2026-04-14 20:51:03,841][train][INFO] -     Kappa: 0.8896504648005727
[2026-04-14 20:51:03,841][train][INFO] -     OA: {'total': 91.80756519168952, 'roads': 0.9305768816482511, 'buildings': 0.9771637082199033, 'low veg.': 0.787124445776533, 'trees': 0.9208030941822454, 'cars': 0.8733294322591928, 'clutter': 0.0}
[2026-04-14 20:51:03,841][train][INFO] -     F1: {'mean': 0.901041483623259, 'roads': 0.9300953170499823, 'buildings': 0.9734201415279118, 'low veg.': 0.803557213068601, 'trees': 0.9123324563075372, 'cars': 0.8858022901622624, 'clutter': 0.0}
[2026-04-14 20:51:03,841][train][INFO] -     MIoU: {'mean': 0.8245949474857849, 'roads': 0.8693254005445205, 'buildings': 0.9482166764665568, 'low veg.': 0.6716219294777485, 'trees': 0.8387971688575995, 'cars': 0.7950135620824991, 'clutter': 0.0}
[2026-04-14 20:51:03,841][train][INFO] - 
[2026-04-14 20:51:03,841][train][INFO] - Train (epoch 86/100)
[2026-04-14 20:57:44,183][train][INFO] -     Training Loss: 0.0831621992662549
[2026-04-14 20:57:44,183][train][INFO] -     Kappa: 0.8901081175470144
[2026-04-14 20:57:44,183][train][INFO] -     OA: {'total': 91.83909083066636, 'roads': 0.9283541113133578, 'buildings': 0.9783103172500118, 'low veg.': 0.7944269320738206, 'trees': 0.9181325635818939, 'cars': 0.8771497945210086, 'clutter': 0.0}
[2026-04-14 20:57:44,184][train][INFO] -     F1: {'mean': 0.9017443558775164, 'roads': 0.9308405882336368, 'buildings': 0.9737190872305252, 'low veg.': 0.8048175463474281, 'trees': 0.9120462479822816, 'cars': 0.8872983095937106, 'clutter': 0.0}
[2026-04-14 20:57:44,184][train][INFO] -     MIoU: {'mean': 0.8257075330257825, 'roads': 0.87062843762072, 'buildings': 0.9487841731391959, 'low veg.': 0.6733846735181245, 'trees': 0.838313435925747, 'cars': 0.7974269449251258, 'clutter': 0.0}
[2026-04-14 20:57:44,184][train][INFO] - 
[2026-04-14 20:57:44,184][train][INFO] - Train (epoch 87/100)
[2026-04-14 21:04:25,739][train][INFO] -     Training Loss: 0.08397731847688555
[2026-04-14 21:04:25,740][train][INFO] -     Kappa: 0.8901122666056577
[2026-04-14 21:04:25,740][train][INFO] -     OA: {'total': 91.84077657271106, 'roads': 0.9284434051118098, 'buildings': 0.978318246517991, 'low veg.': 0.789452270464497, 'trees': 0.9212943570784655, 'cars': 0.8796854927123899, 'clutter': 0.0}
[2026-04-14 21:04:25,740][train][INFO] -     F1: {'mean': 0.9014142699360466, 'roads': 0.9309067102535827, 'buildings': 0.9738204557494006, 'low veg.': 0.8040040369472244, 'trees': 0.9121127235445559, 'cars': 0.8862274231854695, 'clutter': 0.0}
[2026-04-14 21:04:25,740][train][INFO] -     MIoU: {'mean': 0.8252183508737299, 'roads': 0.8707441335399162, 'buildings': 0.9489766787941231, 'low veg.': 0.6722464471326532, 'trees': 0.838425766423524, 'cars': 0.7956987284784328, 'clutter': 0.0}
[2026-04-14 21:04:25,740][train][INFO] - 
[2026-04-14 21:04:25,740][train][INFO] - Train (epoch 88/100)
[2026-04-14 21:11:05,784][train][INFO] -     Training Loss: 0.08339787780493498
[2026-04-14 21:11:05,784][train][INFO] -     Kappa: 0.8903710878148707
[2026-04-14 21:11:05,785][train][INFO] -     OA: {'total': 91.85823927637543, 'roads': 0.9284852420663293, 'buildings': 0.9779383792613131, 'low veg.': 0.794723895945513, 'trees': 0.9189411668290551, 'cars': 0.8795576989043362, 'clutter': 0.0}
[2026-04-14 21:11:05,785][train][INFO] -     F1: {'mean': 0.9016068699669741, 'roads': 0.9307734456408837, 'buildings': 0.9740343009868527, 'low veg.': 0.8052649602246368, 'trees': 0.9122920572702438, 'cars': 0.8856695857122538, 'clutter': 0.0}
[2026-04-14 21:11:05,785][train][INFO] -     MIoU: {'mean': 0.8254867771390512, 'roads': 0.8705109706135011, 'buildings': 0.9493829100950975, 'low veg.': 0.6740113359159907, 'trees': 0.8387288732862594, 'cars': 0.7947997957844066, 'clutter': 0.0}
[2026-04-14 21:11:05,785][train][INFO] - 
[2026-04-14 21:11:05,785][train][INFO] - Train (epoch 89/100)
[2026-04-14 21:17:37,287][train][INFO] -     Training Loss: 0.08296461152657866
[2026-04-14 21:17:37,287][train][INFO] -     Kappa: 0.890079811732456
[2026-04-14 21:17:37,287][train][INFO] -     OA: {'total': 91.8366527272393, 'roads': 0.9289383716682642, 'buildings': 0.9774451050323745, 'low veg.': 0.7947473223298228, 'trees': 0.9183221937916025, 'cars': 0.8750714636426616, 'clutter': 0.0}
[2026-04-14 21:17:37,287][train][INFO] -     F1: {'mean': 0.90145678366721, 'roads': 0.9307394597949393, 'buildings': 0.9738016184119853, 'low veg.': 0.8049353613374597, 'trees': 0.9120118811146978, 'cars': 0.8857955976769678, 'clutter': 0.0}
[2026-04-14 21:17:37,287][train][INFO] -     MIoU: {'mean': 0.8252400423910842, 'roads': 0.8704515174724805, 'buildings': 0.9489409025426968, 'low veg.': 0.6735496435057313, 'trees': 0.8382553681276402, 'cars': 0.7950027803068725, 'clutter': 0.0}
[2026-04-14 21:17:37,287][train][INFO] - 
[2026-04-14 21:17:37,287][train][INFO] - Train (epoch 90/100)
[2026-04-14 21:24:08,704][train][INFO] -     Training Loss: 0.08328245807811618
[2026-04-14 21:24:08,704][train][INFO] -     Kappa: 0.8896279844446874
[2026-04-14 21:24:08,704][train][INFO] -     OA: {'total': 91.80398440405766, 'roads': 0.9293727683054889, 'buildings': 0.9764803159610448, 'low veg.': 0.7912915861384706, 'trees': 0.9199398555805461, 'cars': 0.8770556306624427, 'clutter': 0.0}
[2026-04-14 21:24:08,704][train][INFO] -     F1: {'mean': 0.9012430891250227, 'roads': 0.9302940844948346, 'buildings': 0.9734190330646049, 'low veg.': 0.8042833201789187, 'trees': 0.9118481878792104, 'cars': 0.8863708200075452, 'clutter': 0.0}
[2026-04-14 21:24:08,704][train][INFO] -     MIoU: {'mean': 0.8248866285449242, 'roads': 0.8696727493140076, 'buildings': 0.9482145728558633, 'low veg.': 0.6726370332972741, 'trees': 0.8379788350506293, 'cars': 0.7959299522068473, 'clutter': 0.0}
[2026-04-14 21:24:08,704][train][INFO] - 
[2026-04-14 21:24:08,704][train][INFO] - Train (epoch 91/100)
[2026-04-14 21:30:42,240][train][INFO] -     Training Loss: 0.08358970164135099
[2026-04-14 21:30:42,241][train][INFO] -     Kappa: 0.88953012984512
[2026-04-14 21:30:42,241][train][INFO] -     OA: {'total': 91.79665878007147, 'roads': 0.9291161266889589, 'buildings': 0.9767996994991838, 'low veg.': 0.7915940621005888, 'trees': 0.9193108660614283, 'cars': 0.877667695743121, 'clutter': 0.0}
[2026-04-14 21:30:42,241][train][INFO] -     F1: {'mean': 0.9011912322036763, 'roads': 0.9300982311557622, 'buildings': 0.9734198908591607, 'low veg.': 0.8041011198011171, 'trees': 0.911880800780842, 'cars': 0.8864561184214995, 'clutter': 0.0}
[2026-04-14 21:30:42,241][train][INFO] -     MIoU: {'mean': 0.8248060674361744, 'roads': 0.8693304920511548, 'buildings': 0.9482162007540071, 'low veg.': 0.6723821997955143, 'trees': 0.8380339226026102, 'cars': 0.7960675219775862, 'clutter': 0.0}
[2026-04-14 21:30:42,241][train][INFO] - 
[2026-04-14 21:30:42,241][train][INFO] - Train (epoch 92/100)
[2026-04-14 21:37:16,959][train][INFO] -     Training Loss: 0.0835802582539618
[2026-04-14 21:37:16,960][train][INFO] -     Kappa: 0.8901784493672579
[2026-04-14 21:37:16,960][train][INFO] -     OA: {'total': 91.843882184733, 'roads': 0.9284101020634361, 'buildings': 0.9774749780884822, 'low veg.': 0.7946694640525578, 'trees': 0.9191119023119861, 'cars': 0.87783584549056, 'clutter': 0.0}
[2026-04-14 21:37:16,960][train][INFO] -     F1: {'mean': 0.901591470585644, 'roads': 0.9305945280573326, 'buildings': 0.9738581273955269, 'low veg.': 0.8050653578233068, 'trees': 0.9122769279192999, 'cars': 0.8861624117327539, 'clutter': 0.0}
[2026-04-14 21:37:16,960][train][INFO] -     MIoU: {'mean': 0.8254550356397872, 'roads': 0.8701980235493159, 'buildings': 0.9490482294848336, 'low veg.': 0.6737317083357794, 'trees': 0.8387032980501277, 'cars': 0.7955939187788791, 'clutter': 0.0}
[2026-04-14 21:37:16,960][train][INFO] - 
[2026-04-14 21:37:16,960][train][INFO] - Train (epoch 93/100)
[2026-04-14 21:43:50,761][train][INFO] -     Training Loss: 0.08347360292077065
[2026-04-14 21:43:50,761][train][INFO] -     Kappa: 0.8902840692678843
[2026-04-14 21:43:50,761][train][INFO] -     OA: {'total': 91.85304062892887, 'roads': 0.9290239188737741, 'buildings': 0.9781072911094282, 'low veg.': 0.7913043328475804, 'trees': 0.9202735865378486, 'cars': 0.8772036024401891, 'clutter': 0.0}
[2026-04-14 21:43:50,761][train][INFO] -     F1: {'mean': 0.9014962497737118, 'roads': 0.9309090408531534, 'buildings': 0.9740317823211699, 'low veg.': 0.8045360180541239, 'trees': 0.9121524322689971, 'cars': 0.8858519753711144, 'clutter': 0.0}
[2026-04-14 21:43:50,761][train][INFO] -     MIoU: {'mean': 0.825340683145899, 'roads': 0.8707482117293698, 'buildings': 0.9493781245240109, 'low veg.': 0.6729905962909627, 'trees': 0.8384928728310116, 'cars': 0.7950936103541404, 'clutter': 0.0}
[2026-04-14 21:43:50,761][train][INFO] - 
[2026-04-14 21:43:50,761][train][INFO] - Train (epoch 94/100)
[2026-04-14 21:50:22,667][train][INFO] -     Training Loss: 0.08305473081767559
[2026-04-14 21:50:22,667][train][INFO] -     Kappa: 0.8900937096314872
[2026-04-14 21:50:22,667][train][INFO] -     OA: {'total': 91.8389437525014, 'roads': 0.9289891588170341, 'buildings': 0.9782395070429418, 'low veg.': 0.7913380944014387, 'trees': 0.9196165963995301, 'cars': 0.875495201006208, 'clutter': 0.0}
[2026-04-14 21:50:22,667][train][INFO] -     F1: {'mean': 0.9014179894211244, 'roads': 0.9307389080174411, 'buildings': 0.9739977350858265, 'low veg.': 0.8041920461125772, 'trees': 0.9120483408841505, 'cars': 0.8861129170056264, 'clutter': 0.0}
[2026-04-14 21:50:22,667][train][INFO] -     MIoU: {'mean': 0.8252208913549754, 'roads': 0.8704505522516691, 'buildings': 0.9493134356455859, 'low veg.': 0.6725093636467704, 'trees': 0.8383169723049543, 'cars': 0.7955141329258977, 'clutter': 0.0}
[2026-04-14 21:50:22,667][train][INFO] - 
[2026-04-14 21:50:22,667][train][INFO] - Train (epoch 95/100)
[2026-04-14 21:56:52,866][train][INFO] -     Training Loss: 0.08280728098377585
[2026-04-14 21:56:52,866][train][INFO] -     Kappa: 0.8902473225952262
[2026-04-14 21:56:52,866][train][INFO] -     OA: {'total': 91.84973702706945, 'roads': 0.928955647624608, 'buildings': 0.9786663967027522, 'low veg.': 0.7932215067988191, 'trees': 0.9183196896711863, 'cars': 0.8753875851678471, 'clutter': 0.0}
[2026-04-14 21:56:52,866][train][INFO] -     F1: {'mean': 0.9014779970684114, 'roads': 0.930988493753852, 'buildings': 0.9742777025631612, 'low veg.': 0.8044414405648473, 'trees': 0.9118532321453537, 'cars': 0.885829116314842, 'clutter': 0.0}
[2026-04-14 21:56:52,866][train][INFO] -     MIoU: {'mean': 0.8253270267291868, 'roads': 0.8708872526761042, 'buildings': 0.9498454942412466, 'low veg.': 0.6728582504105107, 'trees': 0.8379873552748156, 'cars': 0.7950567810432562, 'clutter': 0.0}
[2026-04-14 21:56:52,866][train][INFO] - 
[2026-04-14 21:56:52,866][train][INFO] - Train (epoch 96/100)
[2026-04-14 22:03:25,062][train][INFO] -     Training Loss: 0.08314822750538588
[2026-04-14 22:03:25,063][train][INFO] -     Kappa: 0.8901279308698059
[2026-04-14 22:03:25,063][train][INFO] -     OA: {'total': 91.84083314123605, 'roads': 0.9289275481775428, 'buildings': 0.9782310245702198, 'low veg.': 0.7931415814876444, 'trees': 0.9185502963967984, 'cars': 0.8763359497434035, 'clutter': 0.0}
[2026-04-14 22:03:25,063][train][INFO] -     F1: {'mean': 0.9014889957719069, 'roads': 0.9308524683851886, 'buildings': 0.9740285433651874, 'low veg.': 0.8045154006065682, 'trees': 0.9118960806153569, 'cars': 0.8861524858872339, 'clutter': 0.0}
[2026-04-14 22:03:25,063][train][INFO] -     MIoU: {'mean': 0.8253241177795839, 'roads': 0.8706492236663114, 'buildings': 0.9493719704054946, 'low veg.': 0.6729617437269919, 'trees': 0.8380597334223947, 'cars': 0.7955779176767276, 'clutter': 0.0}
[2026-04-14 22:03:25,063][train][INFO] - 
[2026-04-14 22:03:25,063][train][INFO] - Train (epoch 97/100)
[2026-04-14 22:09:54,848][train][INFO] -     Training Loss: 0.08341128581762314
[2026-04-14 22:09:54,849][train][INFO] -     Kappa: 0.8900219200357014
[2026-04-14 22:09:54,849][train][INFO] -     OA: {'total': 91.83339438019988, 'roads': 0.9291325700690934, 'buildings': 0.9777792406969863, 'low veg.': 0.7916316132166148, 'trees': 0.9195829045975651, 'cars': 0.8763157717737108, 'clutter': 0.0}
[2026-04-14 22:09:54,849][train][INFO] -     F1: {'mean': 0.9014342193143466, 'roads': 0.9306757006662707, 'buildings': 0.9738797328245046, 'low veg.': 0.8042692955336864, 'trees': 0.9120243982754765, 'cars': 0.8863219692717953, 'clutter': 0.0}
[2026-04-14 22:09:54,849][train][INFO] -     MIoU: {'mean': 0.8252348730947754, 'roads': 0.8703399906334801, 'buildings': 0.9490892675818708, 'low veg.': 0.6726174150496982, 'trees': 0.8382765172581527, 'cars': 0.7958511749506747, 'clutter': 0.0}
[2026-04-14 22:09:54,849][train][INFO] - 
[2026-04-14 22:09:54,849][train][INFO] - Train (epoch 98/100)
[2026-04-14 22:16:31,349][train][INFO] -     Training Loss: 0.08316757383570075
[2026-04-14 22:16:31,349][train][INFO] -     Kappa: 0.8899685096884893
[2026-04-14 22:16:31,349][train][INFO] -     OA: {'total': 91.82913477026815, 'roads': 0.9286367709364297, 'buildings': 0.9775269793342992, 'low veg.': 0.7920822266089275, 'trees': 0.919931432630055, 'cars': 0.8773784781775258, 'clutter': 0.0}
[2026-04-14 22:16:31,349][train][INFO] -     F1: {'mean': 0.9014466932744831, 'roads': 0.9306432938712119, 'buildings': 0.9737205798668882, 'low veg.': 0.8043781378587596, 'trees': 0.912065501982838, 'cars': 0.8864259527927181, 'clutter': 0.0}
[2026-04-14 22:16:31,349][train][INFO] -     MIoU: {'mean': 0.8252409672014884, 'roads': 0.8702833100848668, 'buildings': 0.9487870074804711, 'low veg.': 0.6727696802216362, 'trees': 0.8383459699505275, 'cars': 0.7960188682699407, 'clutter': 0.0}
[2026-04-14 22:16:31,349][train][INFO] - 
[2026-04-14 22:16:31,349][train][INFO] - Train (epoch 99/100)
[2026-04-14 22:23:04,613][train][INFO] -     Training Loss: 0.08272996171936393
[2026-04-14 22:23:04,613][train][INFO] -     Kappa: 0.8898539099655454
[2026-04-14 22:23:04,613][train][INFO] -     OA: {'total': 91.82062120725718, 'roads': 0.9296693735800673, 'buildings': 0.9771917372602019, 'low veg.': 0.7920229716368496, 'trees': 0.9189147597410284, 'cars': 0.8773112182785502, 'clutter': 0.0}
[2026-04-14 22:23:04,613][train][INFO] -     F1: {'mean': 0.9013271546432111, 'roads': 0.9304182607721115, 'buildings': 0.9737758569047605, 'low veg.': 0.8042110477124628, 'trees': 0.9120201501682795, 'cars': 0.8862104576584411, 'clutter': 0.0}
[2026-04-14 22:23:04,613][train][INFO] -     MIoU: {'mean': 0.825051689693004, 'roads': 0.8698898145398065, 'buildings': 0.9488919778945297, 'low veg.': 0.6725359405386809, 'trees': 0.838269339555639, 'cars': 0.7956713759363638, 'clutter': 0.0}
[2026-04-14 22:23:04,613][train][INFO] - 
[2026-04-14 22:23:04,613][train][INFO] - Train (epoch 100/100)
[2026-04-14 22:29:36,834][train][INFO] -     Training Loss: 0.08322585863247514
[2026-04-14 22:29:36,834][train][INFO] -     Kappa: 0.8898751720077922
[2026-04-14 22:29:36,835][train][INFO] -     OA: {'total': 91.82240877264685, 'roads': 0.9292164521221847, 'buildings': 0.9774071183067067, 'low veg.': 0.7914393790630135, 'trees': 0.9196168240468408, 'cars': 0.876867302945311, 'clutter': 0.0}
[2026-04-14 22:29:36,835][train][INFO] -     F1: {'mean': 0.9013905776798572, 'roads': 0.9305296310539574, 'buildings': 0.973788014057794, 'low veg.': 0.804111002312767, 'trees': 0.9119701191475288, 'cars': 0.8865541218272386, 'clutter': 0.0}
[2026-04-14 22:29:36,835][train][INFO] -     MIoU: {'mean': 0.8251612082965643, 'roads': 0.8700845372378005, 'buildings': 0.9489150656954378, 'low veg.': 0.6723960199214661, 'trees': 0.8381848101754341, 'cars': 0.7962256084526826, 'clutter': 0.0}
[2026-04-14 22:29:36,835][train][INFO] - 
[2026-04-14 22:29:36,835][train][INFO] - Best epoch 76, MIoU best: 0.8262873459369475
[2026-04-14 22:29:36,917][train][INFO] - End of training !
[2026-04-14 22:29:36,919][__main__][INFO] - Training time: 11.08 hours
[2026-04-14 22:29:36,920][__main__][INFO] - 
[2026-04-14 22:29:36,920][__main__][INFO] - Start testing...
[2026-04-14 22:32:33,570][__main__][INFO] - Final model result:
[2026-04-14 22:32:33,570][__main__][INFO] -     Kappa: 0.8898751720077922
[2026-04-14 22:32:33,570][__main__][INFO] -     OA: {'total': 91.82240877264685, 'roads': 0.9292164521221847, 'buildings': 0.9774071183067067, 'low veg.': 0.7914393790630135, 'trees': 0.9196168240468408, 'cars': 0.876867302945311, 'clutter': 0.0}
[2026-04-14 22:32:33,570][__main__][INFO] -     F1: {'mean': 0.9013905776798572, 'roads': 0.9305296310539574, 'buildings': 0.973788014057794, 'low veg.': 0.804111002312767, 'trees': 0.9119701191475288, 'cars': 0.8865541218272386, 'clutter': 0.0}
[2026-04-14 22:32:33,570][__main__][INFO] -     MIoU: {'mean': 0.8251612082965643, 'roads': 0.8700845372378005, 'buildings': 0.9489150656954378, 'low veg.': 0.6723960199214661, 'trees': 0.8381848101754341, 'cars': 0.7962256084526826, 'clutter': 0.0}
[2026-04-14 22:32:35,285][__main__][INFO] - Testing time: 0.05 hours
