[2026-04-15 20:33:58,520][__main__][INFO] - Loaded configuration:
[2026-04-15 20:33:58,520][__main__][INFO] - --- training configuration:
[2026-04-15 20:33:58,522][__main__][INFO] - 
epochs: 100
save_epoch: 1
batch_size: 10
learning_rate: 0.0001
weight_decay: 0.0005
momentum: 0.9
milestones:
- 25
- 35
- 45
window_size:
- 256
- 256
num_workers: 0
cache: true
augmentation: true
alpha: 0.01
beta: 0.05
gamma: 0.5
distill:
  enable: false
  teacher_ckpt: ''
  teacher_backbone: mit_b4
  T: 4.0
  lambda_kd: 1.0
  lambda_edge: 1.0
  edge_k: 3
  edge_boost: 1.0

[2026-04-15 20:33:58,522][__main__][INFO] - --- model configuration:
[2026-04-15 20:33:58,523][__main__][INFO] - 
pretrained: true
model_dim: 512
num_heads: 8
ffn_dim: 2048
dropout: 0.5
num_layers: 1
backbone: mit_b2
decoder_embed_dim: 512
pretrained_backbone: /home/wsj/CAF-Net-KD/pretrained/mit_b2.pth
bn_eps: 0.01
bn_momentum: 0.01

[2026-04-15 20:33:58,523][__main__][INFO] - Using GPUs: 0 1
[2026-04-15 20:33:58,523][__main__][INFO] - Using model: Baseline
[2026-04-15 20:33:58,523][__main__][INFO] - Using dataset: Vaihingen
[2026-04-15 20:33:58,523][__main__][INFO] - Real Training Configuration:
[2026-04-15 20:33:58,523][__main__][INFO] - batch size: 10
[2026-04-15 20:33:58,523][__main__][INFO] - learning rate: 0.000100
[2026-04-15 20:33:58,827][py.warnings][WARNING] - /home/wsj/.conda/envs/FDMF-Net/lib/python3.9/site-packages/timm/models/layers/__init__.py:48: FutureWarning: Importing from timm.models.layers is deprecated, please import via timm.layers
  warnings.warn(f"Importing from {__name__} is deprecated, please import via timm.layers", FutureWarning)

[2026-04-15 20:34:00,627][py.warnings][WARNING] - /home/wsj/CAF-Net-KD/models/encoder.py:482: FutureWarning: You are using `torch.load` with `weights_only=False` (the current default value), which uses the default pickle module implicitly. It is possible to construct malicious pickle data which will execute arbitrary code during unpickling (See https://github.com/pytorch/pytorch/blob/main/SECURITY.md#untrusted-models for more details). In a future release, the default value for `weights_only` will be flipped to `True`. This limits the functions that could be executed during unpickling. Arbitrary objects will no longer be allowed to be loaded via this mode unless they are explicitly allowlisted by the user via `torch.serialization.add_safe_globals`. We recommend you start setting `weights_only=True` for any use case where you don't have full control of the loaded file. Please open an issue on GitHub for any issues related to this experimental feature.
  raw_state_dict = torch.load(model_file, map_location=torch.device('cpu'))

[2026-04-15 20:34:01,498][__main__][INFO] - All Params: 55512336
[2026-04-15 20:34:01,498][__main__][INFO] - training : ['1', '3', '23', '26', '7', '11', '13', '28', '17', '32', '34', '37']
[2026-04-15 20:34:01,498][__main__][INFO] - testing : ['5', '21', '15', '30']
[2026-04-15 20:34:01,525][__main__][INFO] - Experiment output directory: /home/wsj/CAF-Net-KD/Baseline_Vaihingen_42/2026-04-15_20-33-58
[2026-04-15 20:34:01,525][__main__][INFO] - Start training...
[2026-04-15 20:34:01,528][train][INFO] - Train (epoch 1/100)
[2026-04-15 20:46:35,875][train][INFO] -     Training Loss: 0.4669805497825146
[2026-04-15 20:46:35,876][train][INFO] -     Kappa: 0.8897963824063994
[2026-04-15 20:46:35,876][train][INFO] -     OA: {'total': 91.83470676997965, 'roads': 0.9234098574941746, 'buildings': 0.9852921299064881, 'low veg.': 0.7526414970837597, 'trees': 0.9438567096768319, 'cars': 0.8328120691162721, 'clutter': 0.0}
[2026-04-15 20:46:35,876][train][INFO] -     F1: {'mean': 0.8976121169235437, 'roads': 0.9373926088702009, 'buildings': 0.9687690346345019, 'low veg.': 0.8020717954667359, 'trees': 0.9096447039067586, 'cars': 0.8701824417395215, 'clutter': 0.0}
[2026-04-15 20:46:35,876][train][INFO] -     MIoU: {'mean': 0.8191206748584291, 'roads': 0.8821627034548803, 'buildings': 0.9394297370532723, 'low veg.': 0.669549136944512, 'trees': 0.8342644889844884, 'cars': 0.7701973078549924, 'clutter': 0.0}
[2026-04-15 20:46:35,876][train][INFO] - 
[2026-04-15 20:46:35,876][train][INFO] - Train (epoch 2/100)
[2026-04-15 20:59:00,902][train][INFO] -     Training Loss: 0.3078078784644604
[2026-04-15 20:59:00,903][train][INFO] -     Kappa: 0.8921822423290672
[2026-04-15 20:59:00,903][train][INFO] -     OA: {'total': 91.97898479296627, 'roads': 0.936439675170392, 'buildings': 0.9719466186927513, 'low veg.': 0.8450120749230892, 'trees': 0.8893957329788106, 'cars': 0.8757642406021107, 'clutter': 0.0}
[2026-04-15 20:59:00,903][train][INFO] -     F1: {'mean': 0.9038578601892535, 'roads': 0.9384220485685251, 'buildings': 0.971094060328964, 'low veg.': 0.82080852898643, 'trees': 0.9050345459911315, 'cars': 0.8839301170712169, 'clutter': 0.0}
[2026-04-15 20:59:00,903][train][INFO] -     MIoU: {'mean': 0.8284843373370295, 'roads': 0.8839878854898207, 'buildings': 0.9438122795164775, 'low veg.': 0.6960773963883123, 'trees': 0.8265416435538078, 'cars': 0.792002481736729, 'clutter': 0.0}
[2026-04-15 20:59:00,903][train][INFO] - 
[2026-04-15 20:59:00,903][train][INFO] - Train (epoch 3/100)
[2026-04-15 21:11:23,645][train][INFO] -     Training Loss: 0.2465548260062933
[2026-04-15 21:11:23,646][train][INFO] -     Kappa: 0.8905529986445525
[2026-04-15 21:11:23,646][train][INFO] -     OA: {'total': 91.87936196360664, 'roads': 0.9213635933156619, 'buildings': 0.9841460740811223, 'low veg.': 0.7926268900441312, 'trees': 0.9215912091714549, 'cars': 0.8710224177243285, 'clutter': 0.0}
[2026-04-15 21:11:23,646][train][INFO] -     F1: {'mean': 0.9041600205801903, 'roads': 0.9337050941368891, 'buildings': 0.9677153629019646, 'low veg.': 0.8126772172387746, 'trees': 0.9114713121508524, 'cars': 0.895231116472471, 'clutter': 0.0}
[2026-04-15 21:11:23,646][train][INFO] -     MIoU: {'mean': 0.8290483240250577, 'roads': 0.8756537136235334, 'buildings': 0.9374501257932227, 'low veg.': 0.6844619079479137, 'trees': 0.8373424810253303, 'cars': 0.810333391735289, 'clutter': 0.0}
[2026-04-15 21:11:23,646][train][INFO] - 
[2026-04-15 21:11:23,646][train][INFO] - Train (epoch 4/100)
[2026-04-15 21:23:52,621][train][INFO] -     Training Loss: 0.2066748925074935
[2026-04-15 21:23:52,621][train][INFO] -     Kappa: 0.8885569725486475
[2026-04-15 21:23:52,622][train][INFO] -     OA: {'total': 91.74330334730105, 'roads': 0.9275163315027064, 'buildings': 0.9796405902547084, 'low veg.': 0.7332882030929717, 'trees': 0.9525956346351724, 'cars': 0.91722324233069, 'clutter': 0.0}
[2026-04-15 21:23:52,622][train][INFO] -     F1: {'mean': 0.9037291704986119, 'roads': 0.934506312246654, 'buildings': 0.9723558292876001, 'low veg.': 0.7949769651517387, 'trees': 0.9067876605640969, 'cars': 0.9100190852429698, 'clutter': 0.0}
[2026-04-15 21:23:52,622][train][INFO] -     MIoU: {'mean': 0.8294695331263423, 'roads': 0.8770641468717789, 'buildings': 0.9461989441476889, 'low veg.': 0.6597193100560469, 'trees': 0.8294707513382065, 'cars': 0.8348945132179897, 'clutter': 0.0}
[2026-04-15 21:23:52,622][train][INFO] - 
[2026-04-15 21:23:52,622][train][INFO] - Train (epoch 5/100)
[2026-04-15 21:36:14,011][train][INFO] -     Training Loss: 0.18590953935682775
[2026-04-15 21:36:14,011][train][INFO] -     Kappa: 0.8898871230949738
[2026-04-15 21:36:14,011][train][INFO] -     OA: {'total': 91.83641513943434, 'roads': 0.931346182065684, 'buildings': 0.9823433642261302, 'low veg.': 0.7684098652638397, 'trees': 0.9262504666769866, 'cars': 0.8982761287892546, 'clutter': 0.0}
[2026-04-15 21:36:14,011][train][INFO] -     F1: {'mean': 0.9040455124957706, 'roads': 0.9308647034960525, 'buildings': 0.9693711283787195, 'low veg.': 0.8071092394312276, 'trees': 0.91252619943835, 'cars': 0.9003562917345037, 'clutter': 0.0}
[2026-04-15 21:36:14,011][train][INFO] -     MIoU: {'mean': 0.8291457055015238, 'roads': 0.8706706312474789, 'buildings': 0.9405627525782424, 'low veg.': 0.6765994558012977, 'trees': 0.8391247669296084, 'cars': 0.8187709209509914, 'clutter': 0.0}
[2026-04-15 21:36:14,011][train][INFO] - 
[2026-04-15 21:36:14,011][train][INFO] - Train (epoch 6/100)
[2026-04-15 21:48:36,939][train][INFO] -     Training Loss: 0.16989779390394688
[2026-04-15 21:48:36,940][train][INFO] -     Kappa: 0.8878539690950507
[2026-04-15 21:48:36,940][train][INFO] -     OA: {'total': 91.64906018466795, 'roads': 0.9160398928890706, 'buildings': 0.9732818705401325, 'low veg.': 0.8541394076569826, 'trees': 0.8895509884446225, 'cars': 0.9111967553824735, 'clutter': 0.0}
[2026-04-15 21:48:36,940][train][INFO] -     F1: {'mean': 0.9055163884574131, 'roads': 0.9302091115256891, 'buildings': 0.9705969080067602, 'low veg.': 0.8141939187309798, 'trees': 0.9065498821974483, 'cars': 0.906032121826189, 'clutter': 0.0}
[2026-04-15 21:48:36,940][train][INFO] -     MIoU: {'mean': 0.8312588663289617, 'roads': 0.869524242118301, 'buildings': 0.9428735114127036, 'low veg.': 0.6866164135873294, 'trees': 0.8290729201431639, 'cars': 0.8282072443833104, 'clutter': 0.0}
[2026-04-15 21:48:36,940][train][INFO] - 
[2026-04-15 21:48:36,940][train][INFO] - Train (epoch 7/100)
[2026-04-15 22:00:58,491][train][INFO] -     Training Loss: 0.1513637550994754
[2026-04-15 22:00:58,491][train][INFO] -     Kappa: 0.8690199642621153
[2026-04-15 22:00:58,491][train][INFO] -     OA: {'total': 90.26870332212805, 'roads': 0.9169276272722826, 'buildings': 0.9409643870758833, 'low veg.': 0.7955617336902412, 'trees': 0.9110308780812063, 'cars': 0.9258190574197758, 'clutter': 0.07722007722007722}
[2026-04-15 22:00:58,491][train][INFO] -     F1: {'mean': 0.892415950646863, 'roads': 0.9090755257706962, 'buildings': 0.9442148475508803, 'low veg.': 0.8067519142272478, 'trees': 0.9080567419175328, 'cars': 0.8939807237679578, 'clutter': 0.12099823544239979}
[2026-04-15 22:00:58,491][train][INFO] -     MIoU: {'mean': 0.8087226846417591, 'roads': 0.8333074811736376, 'buildings': 0.8943248021252921, 'low veg.': 0.6760973881678529, 'trees': 0.8315970039616778, 'cars': 0.8082867477803354, 'clutter': 0.06439495572846794}
[2026-04-15 22:00:58,491][train][INFO] - 
[2026-04-15 22:00:58,491][train][INFO] - Train (epoch 8/100)
[2026-04-15 22:13:28,532][train][INFO] -     Training Loss: 0.1558187523186207
[2026-04-15 22:13:28,533][train][INFO] -     Kappa: 0.8927871036453615
[2026-04-15 22:13:28,533][train][INFO] -     OA: {'total': 92.04388586168713, 'roads': 0.9364631954483059, 'buildings': 0.9794185707512908, 'low veg.': 0.7893744121872319, 'trees': 0.9183064861271729, 'cars': 0.9116944786348931, 'clutter': 0.0}
[2026-04-15 22:13:28,533][train][INFO] -     F1: {'mean': 0.9072306648135415, 'roads': 0.9324943785386086, 'buildings': 0.9711763850252987, 'low veg.': 0.8127565885665519, 'trees': 0.9146879304003639, 'cars': 0.9050380415368847, 'clutter': 0.0}
[2026-04-15 22:13:28,534][train][INFO] -     MIoU: {'mean': 0.8342808389780508, 'roads': 0.8735264337643905, 'buildings': 0.9439678200321828, 'low veg.': 0.684574520051663, 'trees': 0.8427879464546872, 'cars': 0.8265474745873299, 'clutter': 0.0}
[2026-04-15 22:13:28,534][train][INFO] - 
[2026-04-15 22:13:28,534][train][INFO] - Train (epoch 9/100)
[2026-04-15 22:26:00,404][train][INFO] -     Training Loss: 0.13293940485268832
[2026-04-15 22:26:00,405][train][INFO] -     Kappa: 0.8948114428565818
[2026-04-15 22:26:00,405][train][INFO] -     OA: {'total': 92.18400044123449, 'roads': 0.9229950263978695, 'buildings': 0.9823566411399558, 'low veg.': 0.8098335693197047, 'trees': 0.9213139347471749, 'cars': 0.9146606401797185, 'clutter': 0.08092020592020592}
[2026-04-15 22:26:00,405][train][INFO] -     F1: {'mean': 0.9091540581755225, 'roads': 0.9366793714471114, 'buildings': 0.9758666952921151, 'low veg.': 0.8128451492424417, 'trees': 0.9116532649953782, 'cars': 0.9087258099005666, 'clutter': 0.14073866815892558}
[2026-04-15 22:26:00,405][train][INFO] -     MIoU: {'mean': 0.8377681601213472, 'roads': 0.8809002160729941, 'buildings': 0.9528707745428346, 'low veg.': 0.6847001877840463, 'trees': 0.8376496530689798, 'cars': 0.8327199691378814, 'clutter': 0.07569601203912717}
[2026-04-15 22:26:00,406][train][INFO] - 
[2026-04-15 22:26:00,406][train][INFO] - Train (epoch 10/100)
[2026-04-15 22:38:17,919][train][INFO] -     Training Loss: 0.13120202872902154
[2026-04-15 22:38:17,919][train][INFO] -     Kappa: 0.892533233150313
[2026-04-15 22:38:17,919][train][INFO] -     OA: {'total': 92.01485489466234, 'roads': 0.9273812460127405, 'buildings': 0.9771342039669575, 'low veg.': 0.8030158024742395, 'trees': 0.9202569682841767, 'cars': 0.9300160751158552, 'clutter': 0.0}
[2026-04-15 22:38:17,919][train][INFO] -     F1: {'mean': 0.9078069932925661, 'roads': 0.9345104314678304, 'buildings': 0.9745585981517594, 'low veg.': 0.8095778592669723, 'trees': 0.9108205549887056, 'cars': 0.9095675225875628, 'clutter': 0.0}
[2026-04-15 22:38:17,919][train][INFO] -     MIoU: {'mean': 0.8355813330034364, 'roads': 0.8770714036696038, 'buildings': 0.9503796086204722, 'low veg.': 0.6800762784607296, 'trees': 0.836244715377695, 'cars': 0.8341346588886811, 'clutter': 0.0}
[2026-04-15 22:38:17,919][train][INFO] - 
[2026-04-15 22:38:17,919][train][INFO] - Train (epoch 11/100)
[2026-04-15 22:50:41,510][train][INFO] -     Training Loss: 0.11939588487893343
[2026-04-15 22:50:41,510][train][INFO] -     Kappa: 0.8924267190227009
[2026-04-15 22:50:41,510][train][INFO] -     OA: {'total': 92.00638658647135, 'roads': 0.9306089358323109, 'buildings': 0.9759385441163264, 'low veg.': 0.8150955486424755, 'trees': 0.9104979557271511, 'cars': 0.9117550125439712, 'clutter': 0.0}
[2026-04-15 22:50:41,510][train][INFO] -     F1: {'mean': 0.9084464879203556, 'roads': 0.9339580212557109, 'buildings': 0.9715349735760832, 'low veg.': 0.8147852368719707, 'trees': 0.9118244598408776, 'cars': 0.9101297480571361, 'clutter': 0.0}
[2026-04-15 22:50:41,510][train][INFO] -     MIoU: {'mean': 0.8362443614886231, 'roads': 0.8760987277028599, 'buildings': 0.9446456112894909, 'low veg.': 0.6874578871440837, 'trees': 0.8379387572960357, 'cars': 0.8350808240106451, 'clutter': 0.0}
[2026-04-15 22:50:41,510][train][INFO] - 
[2026-04-15 22:50:41,510][train][INFO] - Train (epoch 12/100)
[2026-04-15 23:03:05,742][train][INFO] -     Training Loss: 0.11599903199076653
[2026-04-15 23:03:05,743][train][INFO] -     Kappa: 0.888954288786528
[2026-04-15 23:03:05,743][train][INFO] -     OA: {'total': 91.75379680868666, 'roads': 0.9274661687860934, 'buildings': 0.9773418401470639, 'low veg.': 0.7953850022909625, 'trees': 0.9142523151731485, 'cars': 0.9356928105893985, 'clutter': 0.0}
[2026-04-15 23:03:05,743][train][INFO] -     F1: {'mean': 0.9045349885392646, 'roads': 0.9298713798049975, 'buildings': 0.9690633528325697, 'low veg.': 0.8094487316624578, 'trees': 0.9115914764496496, 'cars': 0.9027000019466488, 'clutter': 0.0}
[2026-04-15 23:03:05,743][train][INFO] -     MIoU: {'mean': 0.8298025277872195, 'roads': 0.8689342217906041, 'buildings': 0.9399834175020728, 'low veg.': 0.6798940568034109, 'trees': 0.837545330383917, 'cars': 0.8226556124560926, 'clutter': 0.0}
[2026-04-15 23:03:05,743][train][INFO] - 
[2026-04-15 23:03:05,743][train][INFO] - Train (epoch 13/100)
[2026-04-15 23:15:36,960][train][INFO] -     Training Loss: 0.11052744490653277
[2026-04-15 23:15:36,960][train][INFO] -     Kappa: 0.8857584893411069
[2026-04-15 23:15:36,960][train][INFO] -     OA: {'total': 91.50639436464354, 'roads': 0.9267563975676286, 'buildings': 0.9658801754839205, 'low veg.': 0.8179776829238884, 'trees': 0.9043009406386873, 'cars': 0.9354574009429838, 'clutter': 0.0}
[2026-04-15 23:15:36,960][train][INFO] -     F1: {'mean': 0.9035443198602163, 'roads': 0.9246926457722731, 'buildings': 0.9660042449163867, 'low veg.': 0.8128651937637765, 'trees': 0.910775095324822, 'cars': 0.9033844195238234, 'clutter': 0.0}
[2026-04-15 23:15:36,960][train][INFO] -     MIoU: {'mean': 0.8277734270237674, 'roads': 0.859933341045897, 'buildings': 0.9342439175084151, 'low veg.': 0.6847286335921209, 'trees': 0.8361680782504949, 'cars': 0.8237931647219097, 'clutter': 0.0}
[2026-04-15 23:15:36,960][train][INFO] - 
[2026-04-15 23:15:36,960][train][INFO] - Train (epoch 14/100)
[2026-04-15 23:28:19,701][train][INFO] -     Training Loss: 0.10693280493468046
[2026-04-15 23:28:19,701][train][INFO] -     Kappa: 0.8941055097288831
[2026-04-15 23:28:19,701][train][INFO] -     OA: {'total': 92.13334332710608, 'roads': 0.930444710175018, 'buildings': 0.9818170821142084, 'low veg.': 0.8087249501328069, 'trees': 0.9124204372649541, 'cars': 0.9211713984005596, 'clutter': 0.0}
[2026-04-15 23:28:19,701][train][INFO] -     F1: {'mean': 0.908169635321109, 'roads': 0.9349596735272337, 'buildings': 0.9745598380474911, 'low veg.': 0.8133157538884648, 'trees': 0.9125180714388167, 'cars': 0.9054948397035392, 'clutter': 0.0}
[2026-04-15 23:28:19,701][train][INFO] -     MIoU: {'mean': 0.8360068481151457, 'roads': 0.8778631665747929, 'buildings': 0.9503819668929897, 'low veg.': 0.685368291146946, 'trees': 0.8391110210411897, 'cars': 0.8273097949198103, 'clutter': 0.0}
[2026-04-15 23:28:19,702][train][INFO] - 
[2026-04-15 23:28:19,702][train][INFO] - Train (epoch 15/100)
[2026-04-15 23:40:52,237][train][INFO] -     Training Loss: 0.10306306279450655
[2026-04-15 23:40:52,238][train][INFO] -     Kappa: 0.888299355185777
[2026-04-15 23:40:52,238][train][INFO] -     OA: {'total': 91.70095614949363, 'roads': 0.9292397642560464, 'buildings': 0.9674579154102004, 'low veg.': 0.8082739922348426, 'trees': 0.9140394649377612, 'cars': 0.9307155780652018, 'clutter': 0.0}
[2026-04-15 23:40:52,238][train][INFO] -     F1: {'mean': 0.9065139603642016, 'roads': 0.9261931403435378, 'buildings': 0.9664144164389845, 'low veg.': 0.8143303199239741, 'trees': 0.9141361276808447, 'cars': 0.9114957974336679, 'clutter': 0.0}
[2026-04-15 23:40:52,238][train][INFO] -     MIoU: {'mean': 0.8327179200027551, 'roads': 0.8625323371838491, 'buildings': 0.9350115092640843, 'low veg.': 0.6868104444331904, 'trees': 0.8418514981334267, 'cars': 0.8373838109992254, 'clutter': 0.0}
[2026-04-15 23:40:52,238][train][INFO] - 
[2026-04-15 23:40:52,238][train][INFO] - Train (epoch 16/100)
[2026-04-15 23:53:33,500][train][INFO] -     Training Loss: 0.09797987922281026
[2026-04-15 23:53:33,501][train][INFO] -     Kappa: 0.8893258694607126
[2026-04-15 23:53:33,501][train][INFO] -     OA: {'total': 91.7915506422649, 'roads': 0.9350082685224791, 'buildings': 0.9786274879691799, 'low veg.': 0.7661898708448313, 'trees': 0.9256064524353709, 'cars': 0.9245007633998533, 'clutter': 0.0}
[2026-04-15 23:53:33,501][train][INFO] -     F1: {'mean': 0.9045366423528997, 'roads': 0.930026789308748, 'buildings': 0.9708377058313521, 'low veg.': 0.8014543481073259, 'trees': 0.9134675665271405, 'cars': 0.9068968019899316, 'clutter': 0.0}
[2026-04-15 23:53:33,501][train][INFO] -     MIoU: {'mean': 0.8303188819909865, 'roads': 0.8692056773158908, 'buildings': 0.9433280944436366, 'low veg.': 0.6686890456293554, 'trees': 0.8407181768218775, 'cars': 0.8296534157441723, 'clutter': 0.0}
[2026-04-15 23:53:33,501][train][INFO] - 
[2026-04-15 23:53:33,501][train][INFO] - Train (epoch 17/100)
[2026-04-16 00:06:11,966][train][INFO] -     Training Loss: 0.09479734045639635
[2026-04-16 00:06:11,967][train][INFO] -     Kappa: 0.8908861367597914
[2026-04-16 00:06:11,967][train][INFO] -     OA: {'total': 91.89720933324094, 'roads': 0.9318165876239628, 'buildings': 0.973733654413366, 'low veg.': 0.7951900120921483, 'trees': 0.9203195712945847, 'cars': 0.9217834634812379, 'clutter': 0.0}
[2026-04-16 00:06:11,967][train][INFO] -     F1: {'mean': 0.9071167287434235, 'roads': 0.9313757492501518, 'buildings': 0.9702274368174665, 'low veg.': 0.8095255965071456, 'trees': 0.9140032825271502, 'cars': 0.9104515786152032, 'clutter': 0.0}
[2026-04-16 00:06:11,967][train][INFO] -     MIoU: {'mean': 0.8341986503074766, 'roads': 0.8715652378248108, 'buildings': 0.9421764295398962, 'low veg.': 0.6800025217946694, 'trees': 0.8416261926224474, 'cars': 0.8356228697555592, 'clutter': 0.0}
[2026-04-16 00:06:11,967][train][INFO] - 
[2026-04-16 00:06:11,967][train][INFO] - Train (epoch 18/100)
[2026-04-16 00:18:46,910][train][INFO] -     Training Loss: 0.09336591293662787
[2026-04-16 00:18:46,911][train][INFO] -     Kappa: 0.8935862135539557
[2026-04-16 00:18:46,911][train][INFO] -     OA: {'total': 92.10353737128892, 'roads': 0.9387808794710644, 'buildings': 0.9783031255883563, 'low veg.': 0.7836707766190905, 'trees': 0.9227071362878919, 'cars': 0.9297470355199526, 'clutter': 0.0}
[2026-04-16 00:18:46,911][train][INFO] -     F1: {'mean': 0.9094058129414136, 'roads': 0.9334226555605777, 'buildings': 0.9733062448952335, 'low veg.': 0.8107291565315231, 'trees': 0.9139696458958438, 'cars': 0.9156013618238902, 'clutter': 0.0}
[2026-04-16 00:18:46,911][train][INFO] -     MIoU: {'mean': 0.8381539274813093, 'roads': 0.8751570248767765, 'buildings': 0.9480005503646166, 'low veg.': 0.6817027096763366, 'trees': 0.8415691536078275, 'cars': 0.844340198880989, 'clutter': 0.0}
[2026-04-16 00:18:46,911][train][INFO] - 
[2026-04-16 00:18:46,911][train][INFO] - Train (epoch 19/100)
[2026-04-16 00:31:14,796][train][INFO] -     Training Loss: 0.09208773764595389
[2026-04-16 00:31:14,797][train][INFO] -     Kappa: 0.8948406126851354
[2026-04-16 00:31:14,797][train][INFO] -     OA: {'total': 92.19547819495493, 'roads': 0.9331020852911883, 'buildings': 0.9822885969565994, 'low veg.': 0.7909897991876557, 'trees': 0.9229488977317222, 'cars': 0.9271642553992884, 'clutter': 0.0}
[2026-04-16 00:31:14,797][train][INFO] -     F1: {'mean': 0.9102396160547659, 'roads': 0.9357701130134906, 'buildings': 0.9732453845333083, 'low veg.': 0.8132879675381063, 'trees': 0.9137910380346483, 'cars': 0.9151035771542754, 'clutter': 0.0}
[2026-04-16 00:31:14,798][train][INFO] -     MIoU: {'mean': 0.8394534839433071, 'roads': 0.8792932095369286, 'buildings': 0.9478850836145872, 'low veg.': 0.6853288289753829, 'trees': 0.8412663401167894, 'cars': 0.8434939574728468, 'clutter': 0.0}
[2026-04-16 00:31:14,798][train][INFO] - 
[2026-04-16 00:31:14,798][train][INFO] - Train (epoch 20/100)
[2026-04-16 00:43:52,491][train][INFO] -     Training Loss: 0.0862122791968286
[2026-04-16 00:43:52,491][train][INFO] -     Kappa: 0.8938801557634072
[2026-04-16 00:43:52,492][train][INFO] -     OA: {'total': 92.12071157547585, 'roads': 0.9339317474837986, 'buildings': 0.97699110834017, 'low veg.': 0.800796841572186, 'trees': 0.9195671969331354, 'cars': 0.913127114483074, 'clutter': 0.0}
[2026-04-16 00:43:52,492][train][INFO] -     F1: {'mean': 0.9106153786086713, 'roads': 0.9343400526272444, 'buildings': 0.9715666391508364, 'low veg.': 0.814296351295467, 'trees': 0.9146143096373004, 'cars': 0.9182595403325081, 'clutter': 0.0}
[2026-04-16 00:43:52,492][train][INFO] -     MIoU: {'mean': 0.8399548360883784, 'roads': 0.8767712955063544, 'buildings': 0.944705487138833, 'low veg.': 0.6867621198476909, 'trees': 0.842662951758344, 'cars': 0.8488723261906698, 'clutter': 0.0}
[2026-04-16 00:43:52,492][train][INFO] - 
[2026-04-16 00:43:52,492][train][INFO] - Train (epoch 21/100)
[2026-04-16 00:56:29,972][train][INFO] -     Training Loss: 0.08453411361575126
[2026-04-16 00:56:29,973][train][INFO] -     Kappa: 0.8894440299978879
[2026-04-16 00:56:29,973][train][INFO] -     OA: {'total': 91.79447523500687, 'roads': 0.9347199890099941, 'buildings': 0.9706830990603449, 'low veg.': 0.7813098793885713, 'trees': 0.9254229687030477, 'cars': 0.9323567196002072, 'clutter': 0.11792149292149293}
[2026-04-16 00:56:29,973][train][INFO] -     F1: {'mean': 0.9078998488537, 'roads': 0.92744787523265, 'buildings': 0.9690429648578627, 'low veg.': 0.807281177051008, 'trees': 0.9157796552457059, 'cars': 0.9199475718812735, 'clutter': 0.16330622702461847}
[2026-04-16 00:56:29,973][train][INFO] -     MIoU: {'mean': 0.8355805772925438, 'roads': 0.8647112376322271, 'buildings': 0.9399450528258547, 'low veg.': 0.6768411477359004, 'trees': 0.8446434893759901, 'cars': 0.8517619588927463, 'clutter': 0.08891314895681708}
[2026-04-16 00:56:29,973][train][INFO] - 
[2026-04-16 00:56:29,973][train][INFO] - Train (epoch 22/100)
[2026-04-16 01:09:06,880][train][INFO] -     Training Loss: 0.08434750694409013
[2026-04-16 01:09:06,881][train][INFO] -     Kappa: 0.8954056262585888
[2026-04-16 01:09:06,881][train][INFO] -     OA: {'total': 92.2319252956059, 'roads': 0.9299557797960812, 'buildings': 0.9849353128474241, 'low veg.': 0.8030743684350142, 'trees': 0.916386053415165, 'cars': 0.9336010277312563, 'clutter': 0.0}
[2026-04-16 01:09:06,881][train][INFO] -     F1: {'mean': 0.9105228533537533, 'roads': 0.9368072711985327, 'buildings': 0.9754336009607413, 'low veg.': 0.8120047958991022, 'trees': 0.9134171296004255, 'cars': 0.9149514691099649, 'clutter': 0.0}
[2026-04-16 01:09:06,881][train][INFO] -     MIoU: {'mean': 0.8401097003328643, 'roads': 0.8811264842401543, 'buildings': 0.9520452767877322, 'low veg.': 0.6835084797447867, 'trees': 0.8406327344959249, 'cars': 0.8432355263957232, 'clutter': 0.0}
[2026-04-16 01:09:06,881][train][INFO] - 
[2026-04-16 01:09:06,881][train][INFO] - Train (epoch 23/100)
[2026-04-16 01:21:39,845][train][INFO] -     Training Loss: 0.08030976483225823
[2026-04-16 01:21:39,845][train][INFO] -     Kappa: 0.8928151849720454
[2026-04-16 01:21:39,845][train][INFO] -     OA: {'total': 92.04538492759936, 'roads': 0.9390860186517885, 'buildings': 0.9784657677827203, 'low veg.': 0.7856162000337615, 'trees': 0.918898369134667, 'cars': 0.9191603274211883, 'clutter': 0.004826254826254826}
[2026-04-16 01:21:39,845][train][INFO] -     F1: {'mean': 0.9083107017451437, 'roads': 0.9335272512385233, 'buildings': 0.97283660712616, 'low veg.': 0.8081726792487066, 'trees': 0.914122634199555, 'cars': 0.9128943369127741, 'clutter': 0.00916030534351145}
[2026-04-16 01:21:39,845][train][INFO] -     MIoU: {'mean': 0.83642448955251, 'roads': 0.875340933298721, 'buildings': 0.9471098891134718, 'low veg.': 0.6780954465276547, 'trees': 0.8418286106605763, 'cars': 0.8397475681621266, 'clutter': 0.004601226993865031}
[2026-04-16 01:21:39,845][train][INFO] - 
[2026-04-16 01:21:39,845][train][INFO] - Train (epoch 24/100)
[2026-04-16 01:34:17,700][train][INFO] -     Training Loss: 0.07963434930890799
[2026-04-16 01:34:17,700][train][INFO] -     Kappa: 0.8922686433993431
[2026-04-16 01:34:17,700][train][INFO] -     OA: {'total': 92.00698621283625, 'roads': 0.9316511131023559, 'buildings': 0.978021913177466, 'low veg.': 0.7743618894067957, 'trees': 0.9333118586037025, 'cars': 0.9237609045111215, 'clutter': 0.006113256113256113}
[2026-04-16 01:34:17,700][train][INFO] -     F1: {'mean': 0.9082817017761018, 'roads': 0.9324401529529563, 'buildings': 0.9727924077687871, 'low veg.': 0.8058151386189691, 'trees': 0.9145948485462975, 'cars': 0.9157659609934989, 'clutter': 0.011746522411128285}
[2026-04-16 01:34:17,700][train][INFO] -     MIoU: {'mean': 0.8364980117998654, 'roads': 0.8734312699490907, 'buildings': 0.9470261076008698, 'low veg.': 0.6747825773700342, 'trees': 0.8426299131908156, 'cars': 0.8446201908885171, 'clutter': 0.005907960199004975}
[2026-04-16 01:34:17,700][train][INFO] - 
[2026-04-16 01:34:17,700][train][INFO] - Train (epoch 25/100)
[2026-04-16 01:46:52,309][train][INFO] -     Training Loss: 0.07718005535379052
[2026-04-16 01:46:52,309][train][INFO] -     Kappa: 0.8935131292378146
[2026-04-16 01:46:52,309][train][INFO] -     OA: {'total': 92.09273278301586, 'roads': 0.9340162539690469, 'buildings': 0.9825799514544398, 'low veg.': 0.7999038829231994, 'trees': 0.9120953569054535, 'cars': 0.9114725209682735, 'clutter': 0.0}
[2026-04-16 01:46:52,309][train][INFO] -     F1: {'mean': 0.9093137568650009, 'roads': 0.9346855033144654, 'buildings': 0.9746888131129957, 'low veg.': 0.8088975317865419, 'trees': 0.9130260999634937, 'cars': 0.9152708361475078, 'clutter': 0.0}
[2026-04-16 01:46:52,309][train][INFO] -     MIoU: {'mean': 0.8381745287029346, 'roads': 0.87737987816979, 'buildings': 0.9506273076687033, 'low veg.': 0.6791166615579365, 'trees': 0.8399705824885303, 'cars': 0.8437782136297126, 'clutter': 0.0}
[2026-04-16 01:46:52,309][train][INFO] - 
[2026-04-16 01:46:52,309][train][INFO] - Train (epoch 26/100)
[2026-04-16 01:59:36,046][train][INFO] -     Training Loss: 0.07399910508468747
[2026-04-16 01:59:36,046][train][INFO] -     Kappa: 0.893433989660658
[2026-04-16 01:59:36,046][train][INFO] -     OA: {'total': 92.09007971919384, 'roads': 0.9321360887442982, 'buildings': 0.9812996512781703, 'low veg.': 0.7889138081310224, 'trees': 0.9225359455103398, 'cars': 0.9218641753600086, 'clutter': 0.0}
[2026-04-16 01:59:36,046][train][INFO] -     F1: {'mean': 0.9088406133197676, 'roads': 0.9348626291214864, 'buildings': 0.973116278882651, 'low veg.': 0.8088789232599475, 'trees': 0.913861587531819, 'cars': 0.9134836478029339, 'clutter': 0.0}
[2026-04-16 01:59:36,046][train][INFO] -     MIoU: {'mean': 0.8373108095932466, 'roads': 0.8776920749202726, 'buildings': 0.9476401844444532, 'low veg.': 0.679090429222986, 'trees': 0.8413859385150795, 'cars': 0.8407454208634417, 'clutter': 0.0}
[2026-04-16 01:59:36,046][train][INFO] - 
[2026-04-16 01:59:36,046][train][INFO] - Train (epoch 27/100)
[2026-04-16 02:12:04,278][train][INFO] -     Training Loss: 0.07226706747710705
[2026-04-16 02:12:04,278][train][INFO] -     Kappa: 0.8921578870869854
[2026-04-16 02:12:04,278][train][INFO] -     OA: {'total': 92.00287933792198, 'roads': 0.9373013915470619, 'buildings': 0.9813688018710122, 'low veg.': 0.7679148106424686, 'trees': 0.9274269479780366, 'cars': 0.9142167248464793, 'clutter': 0.0}
[2026-04-16 02:12:04,278][train][INFO] -     F1: {'mean': 0.9081988066156519, 'roads': 0.9327484726012756, 'buildings': 0.9731930390481494, 'low veg.': 0.803958633370519, 'trees': 0.9140491196926938, 'cars': 0.9170447683656223, 'clutter': 0.0}
[2026-04-16 02:12:04,278][train][INFO] -     MIoU: {'mean': 0.8364887145850322, 'roads': 0.8739724878864488, 'buildings': 0.9477857825837087, 'low veg.': 0.6721829660759348, 'trees': 0.8417039262715389, 'cars': 0.8467984101075295, 'clutter': 0.0}
[2026-04-16 02:12:04,278][train][INFO] - 
[2026-04-16 02:12:04,278][train][INFO] - Train (epoch 28/100)
[2026-04-16 02:24:41,015][train][INFO] -     Training Loss: 0.07167767868191004
[2026-04-16 02:24:41,016][train][INFO] -     Kappa: 0.8936891514358949
[2026-04-16 02:24:41,016][train][INFO] -     OA: {'total': 92.10939221362538, 'roads': 0.9316417466200008, 'buildings': 0.9829729112233625, 'low veg.': 0.7855634906690644, 'trees': 0.9237044591555196, 'cars': 0.9306550441561237, 'clutter': 0.0}
[2026-04-16 02:24:41,016][train][INFO] -     F1: {'mean': 0.9080824134294915, 'roads': 0.9348509176048443, 'buildings': 0.9741995504391666, 'low veg.': 0.8076544770951878, 'trees': 0.9139844432090634, 'cars': 0.9097226787991952, 'clutter': 0.0}
[2026-04-16 02:24:41,016][train][INFO] -     MIoU: {'mean': 0.8361448847657578, 'roads': 0.877671429338966, 'buildings': 0.9496969423792335, 'low veg.': 0.6773661338766688, 'trees': 0.8415942455831781, 'cars': 0.8343956726507427, 'clutter': 0.0}
[2026-04-16 02:24:41,016][train][INFO] - 
[2026-04-16 02:24:41,016][train][INFO] - Train (epoch 29/100)
[2026-04-16 02:37:16,376][train][INFO] -     Training Loss: 0.0701607411466539
[2026-04-16 02:37:16,376][train][INFO] -     Kappa: 0.8950797447360562
[2026-04-16 02:37:16,376][train][INFO] -     OA: {'total': 92.20579063706059, 'roads': 0.9302267833522224, 'buildings': 0.97935974664698, 'low veg.': 0.8061111857540023, 'trees': 0.9198765696282064, 'cars': 0.9347175420542518, 'clutter': 0.0}
[2026-04-16 02:37:16,376][train][INFO] -     F1: {'mean': 0.910312012759974, 'roads': 0.9347166427452857, 'buildings': 0.9741231771470034, 'low veg.': 0.8138021460537287, 'trees': 0.9155455711288444, 'cars': 0.9133725267250077, 'clutter': 0.0}
[2026-04-16 02:37:16,376][train][INFO] -     MIoU: {'mean': 0.839569682296121, 'roads': 0.8774347560954061, 'buildings': 0.9495517935944154, 'low veg.': 0.6860593646720506, 'trees': 0.8442453152059751, 'cars': 0.8405571819127574, 'clutter': 0.0}
[2026-04-16 02:37:16,376][train][INFO] - 
[2026-04-16 02:37:16,376][train][INFO] - Train (epoch 30/100)
[2026-04-16 02:49:56,144][train][INFO] -     Training Loss: 0.0774571690633893
[2026-04-16 02:49:56,145][train][INFO] -     Kappa: 0.8890483088979417
[2026-04-16 02:49:56,145][train][INFO] -     OA: {'total': 91.76831794905156, 'roads': 0.9308139577238616, 'buildings': 0.9739453474282526, 'low veg.': 0.7754488047376418, 'trees': 0.9286125351715094, 'cars': 0.9336077537211539, 'clutter': 0.0}
[2026-04-16 02:49:56,145][train][INFO] -     F1: {'mean': 0.9068082830272894, 'roads': 0.9285156502238149, 'buildings': 0.9683832944221997, 'low veg.': 0.8072212657997241, 'trees': 0.913761385274636, 'cars': 0.9161598194160724, 'clutter': 0.0}
[2026-04-16 02:49:56,145][train][INFO] -     MIoU: {'mean': 0.8337075103859523, 'roads': 0.8665694934487527, 'buildings': 0.9387045490697206, 'low veg.': 0.6767569228511967, 'trees': 0.8412160761801533, 'cars': 0.845290510379938, 'clutter': 0.0}
[2026-04-16 02:49:56,145][train][INFO] - 
[2026-04-16 02:49:56,145][train][INFO] - Train (epoch 31/100)
[2026-04-16 03:02:27,819][train][INFO] -     Training Loss: 0.06816057694330811
[2026-04-16 03:02:27,820][train][INFO] -     Kappa: 0.8934853569826651
[2026-04-16 03:02:27,820][train][INFO] -     OA: {'total': 92.09548201333037, 'roads': 0.9329457691078842, 'buildings': 0.9815568914835421, 'low veg.': 0.784367711552308, 'trees': 0.9243266192553201, 'cars': 0.9285901652575718, 'clutter': 0.0}
[2026-04-16 03:02:27,820][train][INFO] -     F1: {'mean': 0.9090000652535621, 'roads': 0.9324866455483618, 'buildings': 0.9741065115005717, 'low veg.': 0.808900638421956, 'trees': 0.9149566018424669, 'cars': 0.9145499289544546, 'clutter': 0.0}
[2026-04-16 03:02:27,820][train][INFO] -     MIoU: {'mean': 0.8375903861758125, 'roads': 0.8735128620731522, 'buildings': 0.9495201231127753, 'low veg.': 0.679121041044194, 'trees': 0.8432442457104633, 'cars': 0.8425536589384776, 'clutter': 0.0}
[2026-04-16 03:02:27,820][train][INFO] - 
[2026-04-16 03:02:27,820][train][INFO] - Train (epoch 32/100)
[2026-04-16 03:15:05,355][train][INFO] -     Training Loss: 0.06609179810807109
[2026-04-16 03:15:05,356][train][INFO] -     Kappa: 0.8853103802253719
[2026-04-16 03:15:05,356][train][INFO] -     OA: {'total': 91.50162563798689, 'roads': 0.9465721276380957, 'buildings': 0.97435748496159, 'low veg.': 0.737102914173307, 'trees': 0.925190540798951, 'cars': 0.9420219670830055, 'clutter': 0.0}
[2026-04-16 03:15:05,356][train][INFO] -     F1: {'mean': 0.9028892812313082, 'roads': 0.921756337700872, 'buildings': 0.9716757197704855, 'low veg.': 0.7900669098858248, 'trees': 0.9150004243888744, 'cars': 0.9159470144104847, 'clutter': 0.0}
[2026-04-16 03:15:05,356][train][INFO] -     MIoU: {'mean': 0.8282022031915226, 'roads': 0.8548683103181152, 'buildings': 0.9449117738945293, 'low veg.': 0.6529839677426049, 'trees': 0.8433186933492585, 'cars': 0.844928270653105, 'clutter': 0.0}
[2026-04-16 03:15:05,356][train][INFO] - 
[2026-04-16 03:15:05,356][train][INFO] - Train (epoch 33/100)
[2026-04-16 03:27:42,400][train][INFO] -     Training Loss: 0.06618481546640397
[2026-04-16 03:27:42,401][train][INFO] -     Kappa: 0.8914239296671905
[2026-04-16 03:27:42,401][train][INFO] -     OA: {'total': 91.93871931687849, 'roads': 0.9315553668382814, 'buildings': 0.9772151562609777, 'low veg.': 0.7934605937210399, 'trees': 0.9190629581402125, 'cars': 0.9234851389253214, 'clutter': 0.0}
[2026-04-16 03:27:42,401][train][INFO] -     F1: {'mean': 0.9084160262018994, 'roads': 0.9303225507389054, 'buildings': 0.9717760779506058, 'low veg.': 0.8088068902113122, 'trees': 0.9148541492133754, 'cars': 0.916320462895298, 'clutter': 0.0}
[2026-04-16 03:27:42,401][train][INFO] -     MIoU: {'mean': 0.8364894547596202, 'roads': 0.8697225050238723, 'buildings': 0.9451016039519098, 'low veg.': 0.6789888923675784, 'trees': 0.8430702182109396, 'cars': 0.8455640542438015, 'clutter': 0.0}
[2026-04-16 03:27:42,401][train][INFO] - 
[2026-04-16 03:27:42,401][train][INFO] - Train (epoch 34/100)
[2026-04-16 03:40:19,998][train][INFO] -     Training Loss: 0.06451635240763426
[2026-04-16 03:40:19,999][train][INFO] -     Kappa: 0.8912805192221873
[2026-04-16 03:40:19,999][train][INFO] -     OA: {'total': 91.9286557762828, 'roads': 0.938788164512896, 'buildings': 0.9744548489963114, 'low veg.': 0.790552621515756, 'trees': 0.9158365128074377, 'cars': 0.9305810582672505, 'clutter': 0.0}
[2026-04-16 03:40:19,999][train][INFO] -     F1: {'mean': 0.9075789203833182, 'roads': 0.9303490448014571, 'buildings': 0.9715016200220905, 'low veg.': 0.8087462141977694, 'trees': 0.9147464827434414, 'cars': 0.9125512401518324, 'clutter': 0.0}
[2026-04-16 03:40:19,999][train][INFO] -     MIoU: {'mean': 0.8350618447439058, 'roads': 0.8697688159674206, 'buildings': 0.9445825476584191, 'low veg.': 0.678903373770294, 'trees': 0.8428873698155371, 'cars': 0.8391671165078576, 'clutter': 0.0}
[2026-04-16 03:40:19,999][train][INFO] - 
[2026-04-16 03:40:19,999][train][INFO] - Train (epoch 35/100)
[2026-04-16 03:52:53,920][train][INFO] -     Training Loss: 0.06360322608426214
[2026-04-16 03:52:53,921][train][INFO] -     Kappa: 0.8932381759188587
[2026-04-16 03:52:53,921][train][INFO] -     OA: {'total': 92.07506077580904, 'roads': 0.9329172533727141, 'buildings': 0.9803708205151185, 'low veg.': 0.7902108719093537, 'trees': 0.9213018694397145, 'cars': 0.9237810824808141, 'clutter': 0.0}
[2026-04-16 03:52:53,921][train][INFO] -     F1: {'mean': 0.9096403390807583, 'roads': 0.9325069349101494, 'buildings': 0.9738657182441911, 'low veg.': 0.8089909237950063, 'trees': 0.9147995240036496, 'cars': 0.9180385944507944, 'clutter': 0.0}
[2026-04-16 03:52:53,921][train][INFO] -     MIoU: {'mean': 0.8386663323535066, 'roads': 0.873548471091623, 'buildings': 0.9490626476076977, 'low veg.': 0.679248328125893, 'trees': 0.842977444479785, 'cars': 0.8484947704625345, 'clutter': 0.0}
[2026-04-16 03:52:53,921][train][INFO] - 
[2026-04-16 03:52:53,921][train][INFO] - Train (epoch 36/100)
[2026-04-16 04:05:30,211][train][INFO] -     Training Loss: 0.06239625122770667
[2026-04-16 04:05:30,212][train][INFO] -     Kappa: 0.8914719991365856
[2026-04-16 04:05:30,212][train][INFO] -     OA: {'total': 91.94101599899308, 'roads': 0.9346637901158634, 'buildings': 0.9713611436733569, 'low veg.': 0.7941651077785931, 'trees': 0.9225425472823464, 'cars': 0.9227318280567942, 'clutter': 0.0}
[2026-04-16 04:05:30,212][train][INFO] -     F1: {'mean': 0.9085051078151667, 'roads': 0.9305646003334143, 'buildings': 0.9708463555525453, 'low veg.': 0.8101722840597618, 'trees': 0.9151920680047904, 'cars': 0.9157502311253216, 'clutter': 0.0}
[2026-04-16 04:05:30,212][train][INFO] -     MIoU: {'mean': 0.836528701340151, 'roads': 0.8701456868021511, 'buildings': 0.9433444275211071, 'low veg.': 0.6809156260236711, 'trees': 0.8436443364877901, 'cars': 0.8445934298660362, 'clutter': 0.0}
[2026-04-16 04:05:30,212][train][INFO] - 
[2026-04-16 04:05:30,212][train][INFO] - Train (epoch 37/100)
[2026-04-16 04:18:04,958][train][INFO] -     Training Loss: 0.06156444413587451
[2026-04-16 04:18:04,959][train][INFO] -     Kappa: 0.8893418502946726
[2026-04-16 04:18:04,959][train][INFO] -     OA: {'total': 91.78306536351641, 'roads': 0.9278741311286716, 'buildings': 0.9763032904433696, 'low veg.': 0.7950770142384186, 'trees': 0.9168069732924176, 'cars': 0.9257248935612099, 'clutter': 0.0}
[2026-04-16 04:18:04,959][train][INFO] -     F1: {'mean': 0.9062048045513265, 'roads': 0.929993363815416, 'buildings': 0.9692035326301853, 'low veg.': 0.8080567658374194, 'trees': 0.9129594691781113, 'cars': 0.9108108912955003, 'clutter': 0.0}
[2026-04-16 04:18:04,959][train][INFO] -     MIoU: {'mean': 0.8326826010383173, 'roads': 0.869147285975323, 'buildings': 0.9402472392083472, 'low veg.': 0.6779322560651413, 'trees': 0.839857800415079, 'cars': 0.8362284235276962, 'clutter': 0.0}
[2026-04-16 04:18:04,959][train][INFO] - 
[2026-04-16 04:18:04,959][train][INFO] - Train (epoch 38/100)
[2026-04-16 04:30:48,621][train][INFO] -     Training Loss: 0.0611088942848146
[2026-04-16 04:30:48,621][train][INFO] -     Kappa: 0.8910839015906419
[2026-04-16 04:30:48,622][train][INFO] -     OA: {'total': 91.91325216692806, 'roads': 0.934264361679431, 'buildings': 0.9705796497734535, 'low veg.': 0.7934027167715686, 'trees': 0.9230900390642784, 'cars': 0.9298411993785185, 'clutter': 0.0}
[2026-04-16 04:30:48,622][train][INFO] -     F1: {'mean': 0.9085844613505426, 'roads': 0.9295792820206524, 'buildings': 0.9694211774630014, 'low veg.': 0.8122039120202771, 'trees': 0.9152954340224305, 'cars': 0.9164225012263513, 'clutter': 0.0}
[2026-04-16 04:30:48,622][train][INFO] -     MIoU: {'mean': 0.8364859571461357, 'roads': 0.8684242246127635, 'buildings': 0.9406569941700877, 'low veg.': 0.6837906945810234, 'trees': 0.8438200250383733, 'cars': 0.845737847328431, 'clutter': 0.0}
[2026-04-16 04:30:48,622][train][INFO] - 
[2026-04-16 04:30:48,622][train][INFO] - Train (epoch 39/100)
[2026-04-16 04:43:23,909][train][INFO] -     Training Loss: 0.060121061680838465
[2026-04-16 04:43:23,909][train][INFO] -     Kappa: 0.8907267608765468
[2026-04-16 04:43:23,909][train][INFO] -     OA: {'total': 91.88532994299307, 'roads': 0.9338705531324119, 'buildings': 0.9717441457569104, 'low veg.': 0.8014813743019454, 'trees': 0.9155806372303518, 'cars': 0.9310384255802848, 'clutter': 0.0}
[2026-04-16 04:43:23,909][train][INFO] -     F1: {'mean': 0.908705717639147, 'roads': 0.9295156658325865, 'buildings': 0.9681507236258916, 'low veg.': 0.8141474990297636, 'trees': 0.9148962499482489, 'cars': 0.9168184497592444, 'clutter': 0.0}
[2026-04-16 04:43:23,909][train][INFO] -     MIoU: {'mean': 0.8365370860396304, 'roads': 0.8683131888665445, 'buildings': 0.938267580152741, 'low veg.': 0.6865503916917555, 'trees': 0.8431417271432483, 'cars': 0.8464125423438628, 'clutter': 0.0}
[2026-04-16 04:43:23,909][train][INFO] - 
[2026-04-16 04:43:23,909][train][INFO] - Train (epoch 40/100)
[2026-04-16 04:55:57,039][train][INFO] -     Training Loss: 0.058864957448095084
[2026-04-16 04:55:57,040][train][INFO] -     Kappa: 0.888588154710789
[2026-04-16 04:55:57,040][train][INFO] -     OA: {'total': 91.73162760374314, 'roads': 0.9383367000633799, 'buildings': 0.9668914337536398, 'low veg.': 0.7814966014517468, 'trees': 0.9239890182937379, 'cars': 0.9227116500871015, 'clutter': 0.0}
[2026-04-16 04:55:57,040][train][INFO] -     F1: {'mean': 0.9068328575995517, 'roads': 0.9263437352629627, 'buildings': 0.9679915241220621, 'low veg.': 0.8085564211564478, 'trees': 0.9150225364930902, 'cars': 0.916250070963196, 'clutter': 0.0}
[2026-04-16 04:55:57,040][train][INFO] -     MIoU: {'mean': 0.833639706725493, 'roads': 0.862793582720672, 'buildings': 0.937968579471776, 'low veg.': 0.6786359299877672, 'trees': 0.8433562606319175, 'cars': 0.8454441808153329, 'clutter': 0.0}
[2026-04-16 04:55:57,040][train][INFO] - 
[2026-04-16 04:55:57,040][train][INFO] - Train (epoch 41/100)
[2026-04-16 05:08:40,073][train][INFO] -     Training Loss: 0.05817717473953962
[2026-04-16 05:08:40,073][train][INFO] -     Kappa: 0.8909352270882481
[2026-04-16 05:08:40,073][train][INFO] -     OA: {'total': 91.90366945879478, 'roads': 0.9276172813680892, 'buildings': 0.9804973199996239, 'low veg.': 0.7918910259722811, 'trees': 0.9185218404829766, 'cars': 0.9359820281549938, 'clutter': 0.0}
[2026-04-16 05:08:40,073][train][INFO] -     F1: {'mean': 0.9078293245742376, 'roads': 0.9299194507384604, 'buildings': 0.9710245897897131, 'low veg.': 0.809439891174611, 'trees': 0.9140523526192904, 'cars': 0.9147103385491128, 'clutter': 0.0}
[2026-04-16 05:08:40,073][train][INFO] -     MIoU: {'mean': 0.8354232421036623, 'roads': 0.8690181794073314, 'buildings': 0.9436810444199722, 'low veg.': 0.6798815827730087, 'trees': 0.8417094091266478, 'cars': 0.8428259947913512, 'clutter': 0.0}
[2026-04-16 05:08:40,073][train][INFO] - 
[2026-04-16 05:08:40,074][train][INFO] - Train (epoch 42/100)
[2026-04-16 05:21:17,788][train][INFO] -     Training Loss: 0.05930570086464286
[2026-04-16 05:21:17,788][train][INFO] -     Kappa: 0.8894921876825815
[2026-04-16 05:21:17,788][train][INFO] -     OA: {'total': 91.79808430690122, 'roads': 0.9323787847093217, 'buildings': 0.9725300652947558, 'low veg.': 0.7831629752886096, 'trees': 0.9249713164388675, 'cars': 0.9270297356013372, 'clutter': 0.0}
[2026-04-16 05:21:17,788][train][INFO] -     F1: {'mean': 0.9075546364474967, 'roads': 0.9290996254864978, 'buildings': 0.9688339713413949, 'low veg.': 0.8073057191057861, 'trees': 0.9144608949960823, 'cars': 0.9180729713077218, 'clutter': 0.0}
[2026-04-16 05:21:17,788][train][INFO] -     MIoU: {'mean': 0.8349941839774766, 'roads': 0.8675873569551951, 'buildings': 0.9395518708095, 'low veg.': 0.6768756520744902, 'trees': 0.8424025360125391, 'cars': 0.8485535040356591, 'clutter': 0.0}
[2026-04-16 05:21:17,788][train][INFO] - 
[2026-04-16 05:21:17,788][train][INFO] - Train (epoch 43/100)
[2026-04-16 05:33:54,498][train][INFO] -     Training Loss: 0.05692389757186175
[2026-04-16 05:33:54,498][train][INFO] -     Kappa: 0.8924151109515067
[2026-04-16 05:33:54,498][train][INFO] -     OA: {'total': 92.0111722836855, 'roads': 0.9357792340923307, 'buildings': 0.976872169320482, 'low veg.': 0.7996375800545008, 'trees': 0.9134168495433395, 'cars': 0.931865722337685, 'clutter': 0.00016087516087516087}
[2026-04-16 05:33:54,498][train][INFO] -     F1: {'mean': 0.9092040078313669, 'roads': 0.9311756529512437, 'buildings': 0.971959273133985, 'low veg.': 0.8122286619105316, 'trees': 0.9145917466983443, 'cars': 0.9160647044627301, 'clutter': 0.00031959092361776926}
[2026-04-16 05:33:54,498][train][INFO] -     MIoU: {'mean': 0.8376484182632803, 'roads': 0.8712148591322897, 'buildings': 0.9454482178901661, 'low veg.': 0.683825780151424, 'trees': 0.842624647376955, 'cars': 0.845128586765567, 'clutter': 0.000159821000479463}
[2026-04-16 05:33:54,498][train][INFO] - 
[2026-04-16 05:33:54,498][train][INFO] - Train (epoch 44/100)
[2026-04-16 05:46:28,509][train][INFO] -     Training Loss: 0.055596465229988096
[2026-04-16 05:46:28,509][train][INFO] -     Kappa: 0.8920872536860741
[2026-04-16 05:46:28,510][train][INFO] -     OA: {'total': 91.9871985427948, 'roads': 0.9331986641314721, 'buildings': 0.9740441866756212, 'low veg.': 0.7970351843621994, 'trees': 0.920516941512853, 'cars': 0.9309375357318214, 'clutter': 0.0}
[2026-04-16 05:46:28,510][train][INFO] -     F1: {'mean': 0.9083116580383152, 'roads': 0.9308465370637008, 'buildings': 0.9702146371138384, 'low veg.': 0.8131360747720705, 'trees': 0.9155307465963153, 'cars': 0.9118302946456511, 'clutter': 0.0}
[2026-04-16 05:46:28,510][train][INFO] -     MIoU: {'mean': 0.836014599153567, 'roads': 0.8706388459026683, 'buildings': 0.9421522892835013, 'low veg.': 0.6851131435441625, 'trees': 0.8442201046482933, 'cars': 0.837948612389209, 'clutter': 0.0}
[2026-04-16 05:46:28,510][train][INFO] - 
[2026-04-16 05:46:28,510][train][INFO] - Train (epoch 45/100)
[2026-04-16 05:59:11,499][train][INFO] -     Training Loss: 0.05452437929995358
[2026-04-16 05:59:11,499][train][INFO] -     Kappa: 0.8887964825890633
[2026-04-16 05:59:11,500][train][INFO] -     OA: {'total': 91.7419117615863, 'roads': 0.9334709165519273, 'buildings': 0.9698756045375329, 'low veg.': 0.7969959107179153, 'trees': 0.915556961910052, 'cars': 0.9298546513583137, 'clutter': 0.0}
[2026-04-16 05:59:11,500][train][INFO] -     F1: {'mean': 0.9073212387359604, 'roads': 0.9269078119694121, 'buildings': 0.9680358186858021, 'low veg.': 0.8102543699031806, 'trees': 0.9146959388386577, 'cars': 0.9167122542827493, 'clutter': 0.0}
[2026-04-16 05:59:11,500][train][INFO] -     MIoU: {'mean': 0.8343778427459535, 'roads': 0.8637727702319189, 'buildings': 0.9380517620805565, 'low veg.': 0.6810315998700021, 'trees': 0.8428015443523511, 'cars': 0.846231537194939, 'clutter': 0.0}
[2026-04-16 05:59:11,500][train][INFO] - 
[2026-04-16 05:59:11,500][train][INFO] - Train (epoch 46/100)
[2026-04-16 06:11:46,153][train][INFO] -     Training Loss: 0.05459772706031799
[2026-04-16 06:11:46,153][train][INFO] -     Kappa: 0.8913940282817343
[2026-04-16 06:11:46,153][train][INFO] -     OA: {'total': 91.9409141756481, 'roads': 0.9298689837262573, 'buildings': 0.9776123572662613, 'low veg.': 0.7807087170265028, 'trees': 0.929164124605032, 'cars': 0.9166179032399093, 'clutter': 0.0}
[2026-04-16 06:11:46,153][train][INFO] -     F1: {'mean': 0.907832922090871, 'roads': 0.9312053091311349, 'buildings': 0.9716339638811109, 'low veg.': 0.8076445306437164, 'trees': 0.9139639877684168, 'cars': 0.9147168190299759, 'clutter': 0.0}
[2026-04-16 06:11:46,153][train][INFO] -     MIoU: {'mean': 0.835569656461597, 'roads': 0.8712667803150496, 'buildings': 0.9448328024796617, 'low veg.': 0.6773521415385793, 'trees': 0.8415595592363522, 'cars': 0.8428369987383421, 'clutter': 0.0}
[2026-04-16 06:11:46,153][train][INFO] - 
[2026-04-16 06:11:46,153][train][INFO] - Train (epoch 47/100)
[2026-04-16 06:24:25,306][train][INFO] -     Training Loss: 0.05370172822847962
[2026-04-16 06:24:25,306][train][INFO] -     Kappa: 0.8888573752127077
[2026-04-16 06:24:25,306][train][INFO] -     OA: {'total': 91.74910727796501, 'roads': 0.9355238413401147, 'buildings': 0.970307288638447, 'low veg.': 0.7868054335431373, 'trees': 0.9198025842522697, 'cars': 0.9298411993785185, 'clutter': 0.0}
[2026-04-16 06:24:25,306][train][INFO] -     F1: {'mean': 0.9068209221390566, 'roads': 0.9270569846584644, 'buildings': 0.9692699112558303, 'low veg.': 0.8072682376199197, 'trees': 0.9146606942980398, 'cars': 0.9158487828630294, 'clutter': 0.0}
[2026-04-16 06:24:25,306][train][INFO] -     MIoU: {'mean': 0.833745969966259, 'roads': 0.8640318930296282, 'buildings': 0.940372190392519, 'low veg.': 0.6768229564114456, 'trees': 0.842741702518982, 'cars': 0.8447611074787199, 'clutter': 0.0}
[2026-04-16 06:24:25,306][train][INFO] - 
[2026-04-16 06:24:25,306][train][INFO] - Train (epoch 48/100)
[2026-04-16 06:36:56,911][train][INFO] -     Training Loss: 0.05358286910504103
[2026-04-16 06:36:56,911][train][INFO] -     Kappa: 0.8909992801493913
[2026-04-16 06:36:56,911][train][INFO] -     OA: {'total': 91.90988068283866, 'roads': 0.9353627378436068, 'buildings': 0.9726475291017965, 'low veg.': 0.7867634038536402, 'trees': 0.9239341552918894, 'cars': 0.918501180411227, 'clutter': 0.026222651222651223}
[2026-04-16 06:36:56,911][train][INFO] -     F1: {'mean': 0.9066653485844471, 'roads': 0.9303819705036247, 'buildings': 0.9693501334400707, 'low veg.': 0.8106459159880065, 'trees': 0.9150575289899552, 'cars': 0.9078911940005784, 'clutter': 0.05068407960199005}
[2026-04-16 06:36:56,911][train][INFO] -     MIoU: {'mean': 0.8333339359435434, 'roads': 0.8698263724496965, 'buildings': 0.9405232221836277, 'low veg.': 0.6815850106248359, 'trees': 0.8434157141420295, 'cars': 0.831319360317528, 'clutter': 0.026000957090445045}
[2026-04-16 06:36:56,911][train][INFO] - 
[2026-04-16 06:36:56,911][train][INFO] - Train (epoch 49/100)
[2026-04-16 06:49:42,908][train][INFO] -     Training Loss: 0.052847994416952135
[2026-04-16 06:49:42,909][train][INFO] -     Kappa: 0.8922712440206761
[2026-04-16 06:49:42,909][train][INFO] -     OA: {'total': 92.0033545135319, 'roads': 0.9293469584429992, 'buildings': 0.9756980844548176, 'low veg.': 0.7878079449893376, 'trees': 0.9297293728771888, 'cars': 0.922059229067038, 'clutter': 0.0045045045045045045}
[2026-04-16 06:49:42,909][train][INFO] -     F1: {'mean': 0.9087180549896645, 'roads': 0.9315726545996864, 'buildings': 0.9713259108958712, 'low veg.': 0.8103180833815691, 'trees': 0.9152175998092511, 'cars': 0.9151560262619453, 'clutter': 0.008898776418242492}
[2026-04-16 06:49:42,909][train][INFO] -     MIoU: {'mean': 0.8369105980073547, 'roads': 0.8719101571203692, 'buildings': 0.9442503910463982, 'low veg.': 0.6811216276068388, 'trees': 0.8436877291227427, 'cars': 0.8435830851404239, 'clutter': 0.004469273743016759}
[2026-04-16 06:49:42,909][train][INFO] - 
[2026-04-16 06:49:42,909][train][INFO] - Train (epoch 50/100)
[2026-04-16 07:02:17,244][train][INFO] -     Training Loss: 0.052776416391134263
[2026-04-16 07:02:17,244][train][INFO] -     Kappa: 0.8914313714230017
[2026-04-16 07:02:17,244][train][INFO] -     OA: {'total': 91.938702346321, 'roads': 0.9345909396975459, 'buildings': 0.9747222312886333, 'low veg.': 0.7943387386270072, 'trees': 0.9180223822835757, 'cars': 0.92972685755026, 'clutter': 0.004182754182754183}
[2026-04-16 07:02:17,244][train][INFO] -     F1: {'mean': 0.9085454055403936, 'roads': 0.9306614023129758, 'buildings': 0.9713089148776811, 'low veg.': 0.8100372551055163, 'trees': 0.9143154869229473, 'cars': 0.9164039684828476, 'clutter': 0.008235666772252138}
[2026-04-16 07:02:17,244][train][INFO] -     MIoU: {'mean': 0.8366240391737882, 'roads': 0.8703149819205941, 'buildings': 0.9442182681715233, 'low veg.': 0.6807248870445468, 'trees': 0.842155779059231, 'cars': 0.8457062796730459, 'clutter': 0.004134860050890585}
[2026-04-16 07:02:17,244][train][INFO] - 
[2026-04-16 07:02:17,245][train][INFO] - Train (epoch 51/100)
[2026-04-16 07:14:57,235][train][INFO] -     Training Loss: 0.05134924419224262
[2026-04-16 07:14:57,235][train][INFO] -     Kappa: 0.891249288413334
[2026-04-16 07:14:57,235][train][INFO] -     OA: {'total': 91.92724156315805, 'roads': 0.934638812829583, 'buildings': 0.9752167963286383, 'low veg.': 0.7906073979143627, 'trees': 0.91937096495142, 'cars': 0.9296932276007721, 'clutter': 0.0}
[2026-04-16 07:14:57,236][train][INFO] -     F1: {'mean': 0.9079966118791788, 'roads': 0.9299297077015027, 'buildings': 0.9705853069776793, 'low veg.': 0.8104981381602194, 'trees': 0.9148746508262033, 'cars': 0.9140952557302895, 'clutter': 0.0}
[2026-04-16 07:14:57,236][train][INFO] -     MIoU: {'mean': 0.8356302045582092, 'roads': 0.8690360945391967, 'buildings': 0.9428516161237989, 'low veg.': 0.681376098820591, 'trees': 0.8431050399133885, 'cars': 0.8417821733940708, 'clutter': 0.0}
[2026-04-16 07:14:57,236][train][INFO] - 
[2026-04-16 07:14:57,236][train][INFO] - Train (epoch 52/100)
[2026-04-16 07:27:25,807][train][INFO] -     Training Loss: 0.050950848028063773
[2026-04-16 07:27:25,807][train][INFO] -     Kappa: 0.8892441315836203
[2026-04-16 07:27:25,807][train][INFO] -     OA: {'total': 91.77650907147009, 'roads': 0.9354872079869035, 'buildings': 0.9710659167423175, 'low veg.': 0.7922217513978317, 'trees': 0.916206212039811, 'cars': 0.9355986467308326, 'clutter': 0.02027027027027027}
[2026-04-16 07:27:25,807][train][INFO] -     F1: {'mean': 0.9063269701701022, 'roads': 0.9282471788861151, 'buildings': 0.9680412714151809, 'low veg.': 0.8090457591671113, 'trees': 0.9151750473740933, 'cars': 0.9111255940080107, 'clutter': 0.03915475450590429}
[2026-04-16 07:27:25,807][train][INFO] -     MIoU: {'mean': 0.8327728210534346, 'roads': 0.8661019225695876, 'buildings': 0.9380620024821229, 'low veg.': 0.6793256461317175, 'trees': 0.8436154101717865, 'cars': 0.8367591239119581, 'clutter': 0.019968304278922346}
[2026-04-16 07:27:25,807][train][INFO] - 
[2026-04-16 07:27:25,807][train][INFO] - Train (epoch 53/100)
[2026-04-16 07:40:05,241][train][INFO] -     Training Loss: 0.05012418919056654
[2026-04-16 07:40:05,241][train][INFO] -     Kappa: 0.8903199261952134
[2026-04-16 07:40:05,241][train][INFO] -     OA: {'total': 91.85482253746603, 'roads': 0.9358564555357471, 'buildings': 0.9690963234566002, 'low veg.': 0.7982075370946461, 'trees': 0.917719839007822, 'cars': 0.9278839363183277, 'clutter': 0.0}
[2026-04-16 07:40:05,241][train][INFO] -     F1: {'mean': 0.9074564455946609, 'roads': 0.928510397427874, 'buildings': 0.9687279781471331, 'low veg.': 0.812737048232656, 'trees': 0.9151955696369205, 'cars': 0.912111234528721, 'clutter': 0.0}
[2026-04-16 07:40:05,241][train][INFO] -     MIoU: {'mean': 0.8345066401742687, 'roads': 0.8665603429085748, 'buildings': 0.9393525254439055, 'low veg.': 0.6845467948130837, 'trees': 0.8436502875735937, 'cars': 0.8384232501321859, 'clutter': 0.0}
[2026-04-16 07:40:05,241][train][INFO] - 
[2026-04-16 07:40:05,241][train][INFO] - Train (epoch 54/100)
[2026-04-16 07:52:43,780][train][INFO] -     Training Loss: 0.049641688767820595
[2026-04-16 07:52:43,780][train][INFO] -     Kappa: 0.8904582833726996
[2026-04-16 07:52:43,780][train][INFO] -     OA: {'total': 91.86632857544897, 'roads': 0.9358889260079115, 'buildings': 0.9722658178293094, 'low veg.': 0.795712282659997, 'trees': 0.9162282938289367, 'cars': 0.9176940616235194, 'clutter': 0.0}
[2026-04-16 07:52:43,780][train][INFO] -     F1: {'mean': 0.9063914476384671, 'roads': 0.9294773928422407, 'buildings': 0.9694501302931446, 'low veg.': 0.810377021537572, 'trees': 0.9151882598200172, 'cars': 0.9074644336993608, 'clutter': 0.0}
[2026-04-16 07:52:43,780][train][INFO] -     MIoU: {'mean': 0.8328809421359809, 'roads': 0.8682463935161593, 'buildings': 0.940711516046195, 'low veg.': 0.6812049163550737, 'trees': 0.8436378644539528, 'cars': 0.830604020308524, 'clutter': 0.0}
[2026-04-16 07:52:43,780][train][INFO] - 
[2026-04-16 07:52:43,780][train][INFO] - Train (epoch 55/100)
[2026-04-16 08:05:23,681][train][INFO] -     Training Loss: 0.04974751802161336
[2026-04-16 08:05:23,682][train][INFO] -     Kappa: 0.8924161818360911
[2026-04-16 08:05:23,682][train][INFO] -     OA: {'total': 92.00653932148883, 'roads': 0.9282188176793396, 'buildings': 0.9737849180528595, 'low veg.': 0.8108863785910407, 'trees': 0.91814690536246, 'cars': 0.9239088762888679, 'clutter': 0.0}
[2026-04-16 08:05:23,682][train][INFO] -     F1: {'mean': 0.9088004788352197, 'roads': 0.9316951495673506, 'buildings': 0.9703709611089694, 'low veg.': 0.8150128107088143, 'trees': 0.9150964865250579, 'cars': 0.9118269862659064, 'clutter': 0.0}
[2026-04-16 08:05:23,682][train][INFO] -     MIoU: {'mean': 0.8367557692093971, 'roads': 0.8721247958296046, 'buildings': 0.9424471576230157, 'low veg.': 0.6877819592263473, 'trees': 0.8434819089063572, 'cars': 0.8379430244616605, 'clutter': 0.0}
[2026-04-16 08:05:23,682][train][INFO] - 
[2026-04-16 08:05:23,682][train][INFO] - Train (epoch 56/100)
[2026-04-16 08:17:55,421][train][INFO] -     Training Loss: 0.04875020302832127
[2026-04-16 08:17:55,422][train][INFO] -     Kappa: 0.8926713346921316
[2026-04-16 08:17:55,422][train][INFO] -     OA: {'total': 92.02981726952216, 'roads': 0.933708825203747, 'buildings': 0.9756088340896564, 'low veg.': 0.8020329278501814, 'trees': 0.9166633278394449, 'cars': 0.9243393396423119, 'clutter': 0.0}
[2026-04-16 08:17:55,422][train][INFO] -     F1: {'mean': 0.9086357940662108, 'roads': 0.9316507780513223, 'buildings': 0.9704923583936054, 'low veg.': 0.8140642210496501, 'trees': 0.9156967178537667, 'cars': 0.9112748949827099, 'clutter': 0.0}
[2026-04-16 08:17:55,422][train][INFO] -     MIoU: {'mean': 0.8365337215502292, 'roads': 0.8720470412773679, 'buildings': 0.9426762067344108, 'low veg.': 0.6864319598909172, 'trees': 0.8445023942390615, 'cars': 0.8370110056093891, 'clutter': 0.0}
[2026-04-16 08:17:55,422][train][INFO] - 
[2026-04-16 08:17:55,422][train][INFO] - Train (epoch 57/100)
[2026-04-16 08:30:35,700][train][INFO] -     Training Loss: 0.04841175935603678
[2026-04-16 08:30:35,700][train][INFO] -     Kappa: 0.8920998800330857
[2026-04-16 08:30:35,700][train][INFO] -     OA: {'total': 91.98624253472246, 'roads': 0.930791894454314, 'buildings': 0.9747449126830854, 'low veg.': 0.8035756241581143, 'trees': 0.9181687595042752, 'cars': 0.9237003706020434, 'clutter': 0.0}
[2026-04-16 08:30:35,700][train][INFO] -     F1: {'mean': 0.9081345803820419, 'roads': 0.9305858988433602, 'buildings': 0.9704048005572036, 'low veg.': 0.8141965795706225, 'trees': 0.9153868151271757, 'cars': 0.9100988078118477, 'clutter': 0.0}
[2026-04-16 08:30:35,700][train][INFO] -     MIoU: {'mean': 0.8356636462059186, 'roads': 0.8701829327263143, 'buildings': 0.9425109995485353, 'low veg.': 0.6866201982077292, 'trees': 0.8439753710300957, 'cars': 0.8350287295169185, 'clutter': 0.0}
[2026-04-16 08:30:35,700][train][INFO] - 
[2026-04-16 08:30:35,700][train][INFO] - Train (epoch 58/100)
[2026-04-16 08:43:13,036][train][INFO] -     Training Loss: 0.04787124387919903
[2026-04-16 08:43:13,036][train][INFO] -     Kappa: 0.8875510216874845
[2026-04-16 08:43:13,036][train][INFO] -     OA: {'total': 91.65222802206738, 'roads': 0.9372497718220826, 'buildings': 0.9631965792769135, 'low veg.': 0.7872725832067275, 'trees': 0.9227203398319053, 'cars': 0.9229134297840285, 'clutter': 0.0}
[2026-04-16 08:43:13,036][train][INFO] -     F1: {'mean': 0.9057265632230985, 'roads': 0.9251840088629163, 'buildings': 0.9657941688993977, 'low veg.': 0.8101307107287307, 'trees': 0.9153927343144027, 'cars': 0.9121311933100452, 'clutter': 0.0}
[2026-04-16 08:43:13,036][train][INFO] -     MIoU: {'mean': 0.8315867913137349, 'roads': 0.8607836285391822, 'buildings': 0.9338510186812611, 'low veg.': 0.6808568958233151, 'trees': 0.8439854344289023, 'cars': 0.8384569790960141, 'clutter': 0.0}
[2026-04-16 08:43:13,036][train][INFO] - 
[2026-04-16 08:43:13,036][train][INFO] - Train (epoch 59/100)
[2026-04-16 08:55:53,481][train][INFO] -     Training Loss: 0.0477597444858402
[2026-04-16 08:55:53,482][train][INFO] -     Kappa: 0.8912587603456562
[2026-04-16 08:55:53,482][train][INFO] -     OA: {'total': 91.92614979062574, 'roads': 0.9330433886684296, 'buildings': 0.9744979989662448, 'low veg.': 0.7911038305583403, 'trees': 0.9215909815241443, 'cars': 0.9308837278126408, 'clutter': 0.0}
[2026-04-16 08:55:53,482][train][INFO] -     F1: {'mean': 0.9077190406323963, 'roads': 0.9301887548092397, 'buildings': 0.9715250816635924, 'low veg.': 0.8089467482302545, 'trees': 0.9147432554448572, 'cars': 0.9131913630140376, 'clutter': 0.0}
[2026-04-16 08:55:53,482][train][INFO] -     MIoU: {'mean': 0.8352867768683023, 'roads': 0.8694886682027497, 'buildings': 0.9446269076109961, 'low veg.': 0.6791860456518364, 'trees': 0.8428818895014741, 'cars': 0.8402503733744551, 'clutter': 0.0}
[2026-04-16 08:55:53,482][train][INFO] - 
[2026-04-16 08:55:53,482][train][INFO] - Train (epoch 60/100)
[2026-04-16 09:08:22,198][train][INFO] -     Training Loss: 0.04741739738546312
[2026-04-16 09:08:22,198][train][INFO] -     Kappa: 0.891681753319036
[2026-04-16 09:08:22,198][train][INFO] -     OA: {'total': 91.95662891189028, 'roads': 0.9362321555502132, 'buildings': 0.9722130789771687, 'low veg.': 0.7981906563177169, 'trees': 0.9177350913776304, 'cars': 0.9229874156729017, 'clutter': 0.0}
[2026-04-16 09:08:22,198][train][INFO] -     F1: {'mean': 0.9081842480492753, 'roads': 0.9299227490313134, 'buildings': 0.9704758511699944, 'low veg.': 0.8126096905026788, 'trees': 0.915529717601962, 'cars': 0.9123832319404275, 'clutter': 0.0}
[2026-04-16 09:08:22,198][train][INFO] -     MIoU: {'mean': 0.8358272959095672, 'roads': 0.8690239402711362, 'buildings': 0.942645058178464, 'low veg.': 0.6843661128131451, 'trees': 0.8442183547690163, 'cars': 0.8388830135160744, 'clutter': 0.0}
[2026-04-16 09:08:22,198][train][INFO] - 
[2026-04-16 09:08:22,198][train][INFO] - Train (epoch 61/100)
[2026-04-16 09:21:00,193][train][INFO] -     Training Loss: 0.046674474200233816
[2026-04-16 09:21:00,194][train][INFO] -     Kappa: 0.8915445678258532
[2026-04-16 09:21:00,194][train][INFO] -     OA: {'total': 91.94939379754408, 'roads': 0.9367781173994898, 'buildings': 0.9738789628591243, 'low veg.': 0.7870479655218744, 'trees': 0.9219854943133702, 'cars': 0.927863758348635, 'clutter': 0.0019305019305019305}
[2026-04-16 09:21:00,194][train][INFO] -     F1: {'mean': 0.9078935489693155, 'roads': 0.9300528785743564, 'buildings': 0.9716374380629413, 'low veg.': 0.809155333270643, 'trees': 0.9151506558198468, 'cars': 0.9134714391187893, 'clutter': 0.0038443056222969728}
[2026-04-16 09:21:00,194][train][INFO] -     MIoU: {'mean': 0.8355738983293843, 'roads': 0.8692512554593481, 'buildings': 0.9448393728304656, 'low veg.': 0.6794801672102039, 'trees': 0.8435739586600831, 'cars': 0.840724737486821, 'clutter': 0.0019258545979778526}
[2026-04-16 09:21:00,194][train][INFO] - 
[2026-04-16 09:21:00,194][train][INFO] - Train (epoch 62/100)
[2026-04-16 09:33:35,940][train][INFO] -     Training Loss: 0.0464125710092485
[2026-04-16 09:33:35,941][train][INFO] -     Kappa: 0.8933008949147213
[2026-04-16 09:33:35,941][train][INFO] -     OA: {'total': 92.07317704392688, 'roads': 0.9309228170632331, 'buildings': 0.9779346912296949, 'low veg.': 0.808233340567952, 'trees': 0.9140672379096514, 'cars': 0.9367353390235208, 'clutter': 0.0}
[2026-04-16 09:33:35,941][train][INFO] -     F1: {'mean': 0.9096695772380139, 'roads': 0.9319494548165297, 'buildings': 0.9730798313322029, 'low veg.': 0.8135470087396589, 'trees': 0.9147430769393745, 'cars': 0.9150285143623033, 'clutter': 0.0}
[2026-04-16 09:33:35,941][train][INFO] -     MIoU: {'mean': 0.8384172811813432, 'roads': 0.8725705529755043, 'buildings': 0.9475710586097066, 'low veg.': 0.6856967909663635, 'trees': 0.8428815863801445, 'cars': 0.8433664169749965, 'clutter': 0.0}
[2026-04-16 09:33:35,941][train][INFO] - 
[2026-04-16 09:33:35,941][train][INFO] - Train (epoch 63/100)
[2026-04-16 09:46:18,159][train][INFO] -     Training Loss: 0.045867340145632624
[2026-04-16 09:46:18,159][train][INFO] -     Kappa: 0.8914399242408737
[2026-04-16 09:46:18,159][train][INFO] -     OA: {'total': 91.9392736884234, 'roads': 0.9361934407564787, 'buildings': 0.9719008871006853, 'low veg.': 0.79688601341505, 'trees': 0.9182593631338839, 'cars': 0.9249715826926828, 'clutter': 0.0}
[2026-04-16 09:46:18,159][train][INFO] -     F1: {'mean': 0.9080540550573069, 'roads': 0.9297659830772737, 'buildings': 0.9697917527256589, 'low veg.': 0.8128046310062227, 'trees': 0.9155862388309385, 'cars': 0.9123216696464407, 'clutter': 0.0}
[2026-04-16 09:46:18,159][train][INFO] -     MIoU: {'mean': 0.8355682673014673, 'roads': 0.8687501690057057, 'buildings': 0.9413550661154885, 'low veg.': 0.6846426900191884, 'trees': 0.8443144781230763, 'cars': 0.8387789332438779, 'clutter': 0.0}
[2026-04-16 09:46:18,159][train][INFO] - 
[2026-04-16 09:46:18,159][train][INFO] - Train (epoch 64/100)
[2026-04-16 09:58:50,371][train][INFO] -     Training Loss: 0.04572478375956416
[2026-04-16 09:58:50,371][train][INFO] -     Kappa: 0.8923239546389717
[2026-04-16 09:58:50,371][train][INFO] -     OA: {'total': 92.00565119564648, 'roads': 0.9359461656223039, 'buildings': 0.9758826704373101, 'low veg.': 0.7967850732591268, 'trees': 0.9162783762372632, 'cars': 0.9271508034194933, 'clutter': 0.0}
[2026-04-16 09:58:50,371][train][INFO] -     F1: {'mean': 0.9090332259547991, 'roads': 0.9307891446948638, 'buildings': 0.9711998938539238, 'low veg.': 0.8122574227348115, 'trees': 0.9155012101702062, 'cars': 0.91541845832019, 'clutter': 0.0}
[2026-04-16 09:58:50,371][train][INFO] -     MIoU: {'mean': 0.8373232553328414, 'roads': 0.8705384350304143, 'buildings': 0.9440122411068512, 'low veg.': 0.6838665534791701, 'trees': 0.8441698771410241, 'cars': 0.8440291699067469, 'clutter': 0.0}
[2026-04-16 09:58:50,371][train][INFO] - 
[2026-04-16 09:58:50,371][train][INFO] - Train (epoch 65/100)
[2026-04-16 10:11:31,347][train][INFO] -     Training Loss: 0.04539135966077447
[2026-04-16 10:11:31,347][train][INFO] -     Kappa: 0.8924043327257088
[2026-04-16 10:11:31,347][train][INFO] -     OA: {'total': 92.00804404425355, 'roads': 0.9345796999187197, 'buildings': 0.9721671629835217, 'low veg.': 0.8014600149515453, 'trees': 0.9193026707582477, 'cars': 0.9290475325706061, 'clutter': 0.0}
[2026-04-16 10:11:31,347][train][INFO] -     F1: {'mean': 0.9088401783417656, 'roads': 0.9315925863682292, 'buildings': 0.9710403297699125, 'low veg.': 0.812376274790874, 'trees': 0.9155711964391748, 'cars': 0.9136205043406366, 'clutter': 0.0}
[2026-04-16 10:11:31,347][train][INFO] -     MIoU: {'mean': 0.8369914253205346, 'roads': 0.8719450787050649, 'buildings': 0.9437107768789194, 'low veg.': 0.6840350672918938, 'trees': 0.8442888951610374, 'cars': 0.8409773085657577, 'clutter': 0.0}
[2026-04-16 10:11:31,347][train][INFO] - 
[2026-04-16 10:11:31,347][train][INFO] - Train (epoch 66/100)
[2026-04-16 10:24:06,583][train][INFO] -     Training Loss: 0.044884125581011174
[2026-04-16 10:24:06,583][train][INFO] -     Kappa: 0.8937030610558989
[2026-04-16 10:24:06,583][train][INFO] -     OA: {'total': 92.10881521467049, 'roads': 0.9349549836450811, 'buildings': 0.978297409139348, 'low veg.': 0.7925355960464532, 'trees': 0.9213209918138027, 'cars': 0.9277426905304789, 'clutter': 0.0}
[2026-04-16 10:24:06,583][train][INFO] -     F1: {'mean': 0.9092588937691645, 'roads': 0.9335316697459728, 'buildings': 0.9730571500076621, 'low veg.': 0.8113437122741208, 'trees': 0.9147495534338973, 'cars': 0.9136123833841691, 'clutter': 0.0}
[2026-04-16 10:24:06,583][train][INFO] -     MIoU: {'mean': 0.8378610114285271, 'roads': 0.8753487030633254, 'buildings': 0.9475280440532033, 'low veg.': 0.6825721788982183, 'trees': 0.8428925842217377, 'cars': 0.8409635469061512, 'clutter': 0.0}
[2026-04-16 10:24:06,583][train][INFO] - 
[2026-04-16 10:24:06,583][train][INFO] - Train (epoch 67/100)
[2026-04-16 10:36:47,567][train][INFO] -     Training Loss: 0.04465911302156746
[2026-04-16 10:36:47,567][train][INFO] -     Kappa: 0.8915724976499698
[2026-04-16 10:36:47,567][train][INFO] -     OA: {'total': 91.94915055288662, 'roads': 0.9363120828663101, 'buildings': 0.9729044005040064, 'low veg.': 0.79260105212026, 'trees': 0.9198920496453254, 'cars': 0.931697572590246, 'clutter': 0.0}
[2026-04-16 10:36:47,567][train][INFO] -     F1: {'mean': 0.9081455424797562, 'roads': 0.93082558901546, 'buildings': 0.9712410242967235, 'low veg.': 0.8100361502095339, 'trees': 0.9146713914572361, 'cars': 0.9139535574198273, 'clutter': 0.0}
[2026-04-16 10:36:47,567][train][INFO] -     MIoU: {'mean': 0.8359434446461484, 'roads': 0.8706021949761379, 'buildings': 0.9440899639614492, 'low veg.': 0.6807233264709416, 'trees': 0.8427598648535914, 'cars': 0.8415418729686218, 'clutter': 0.0}
[2026-04-16 10:36:47,567][train][INFO] - 
[2026-04-16 10:36:47,567][train][INFO] - Train (epoch 68/100)
[2026-04-16 10:49:21,310][train][INFO] -     Training Loss: 0.044139541171491145
[2026-04-16 10:49:21,310][train][INFO] -     Kappa: 0.8926405792560932
[2026-04-16 10:49:21,310][train][INFO] -     OA: {'total': 92.0295231131922, 'roads': 0.9363087525614727, 'buildings': 0.9750167206133492, 'low veg.': 0.7915010455746526, 'trees': 0.9212567952722207, 'cars': 0.9314756149236264, 'clutter': 0.0}
[2026-04-16 10:49:21,310][train][INFO] -     F1: {'mean': 0.9088301109249969, 'roads': 0.9317265923673245, 'buildings': 0.9719618128079796, 'low veg.': 0.8106259660923419, 'trees': 0.9153944498078669, 'cars': 0.9144417335494712, 'clutter': 0.0}
[2026-04-16 10:49:21,310][train][INFO] -     MIoU: {'mean': 0.8371096187122191, 'roads': 0.8721798986198275, 'buildings': 0.9454530239414475, 'low veg.': 0.6815568046571951, 'trees': 0.8439883510145312, 'cars': 0.8423700153280942, 'clutter': 0.0}
[2026-04-16 10:49:21,310][train][INFO] - 
[2026-04-16 10:49:21,310][train][INFO] - Train (epoch 69/100)
[2026-04-16 11:01:57,964][train][INFO] -     Training Loss: 0.044052005141973494
[2026-04-16 11:01:57,965][train][INFO] -     Kappa: 0.8923175796412169
[2026-04-16 11:01:57,965][train][INFO] -     OA: {'total': 92.00788565238358, 'roads': 0.9379780678612054, 'buildings': 0.9745830080950451, 'low veg.': 0.7843780467218565, 'trees': 0.9238114533914896, 'cars': 0.9312133013176214, 'clutter': 0.0}
[2026-04-16 11:01:57,965][train][INFO] -     F1: {'mean': 0.9085001140911618, 'roads': 0.9310823993612326, 'buildings': 0.9719405692545392, 'low veg.': 0.8093234813512244, 'trees': 0.9155773723392698, 'cars': 0.9145767481495427, 'clutter': 0.0}
[2026-04-16 11:01:57,965][train][INFO] -     MIoU: {'mean': 0.8366160729091631, 'roads': 0.8710516122148547, 'buildings': 0.9454128236047317, 'low veg.': 0.6797173444468991, 'trees': 0.8442993985788677, 'cars': 0.8425991857004619, 'clutter': 0.0}
[2026-04-16 11:01:57,965][train][INFO] - 
[2026-04-16 11:01:57,965][train][INFO] - Train (epoch 70/100)
[2026-04-16 11:14:35,550][train][INFO] -     Training Loss: 0.043522175023332235
[2026-04-16 11:14:35,550][train][INFO] -     Kappa: 0.892131838209045
[2026-04-16 11:14:35,550][train][INFO] -     OA: {'total': 91.98985726346932, 'roads': 0.9376346301748514, 'buildings': 0.9744673883038134, 'low veg.': 0.7976921566398297, 'trees': 0.9150188036678535, 'cars': 0.924937952743195, 'clutter': 0.0}
[2026-04-16 11:14:35,550][train][INFO] -     F1: {'mean': 0.9081374264583791, 'roads': 0.931252911626007, 'buildings': 0.9717209015469889, 'low veg.': 0.8108513002072242, 'trees': 0.9150755693670158, 'cars': 0.9117864495446604, 'clutter': 0.0}
[2026-04-16 11:14:35,550][train][INFO] -     MIoU: {'mean': 0.835908746406022, 'roads': 0.8713501274121161, 'buildings': 0.9449972317913385, 'low veg.': 0.6818754461477571, 'trees': 0.8434463668894686, 'cars': 0.83787455978943, 'clutter': 0.0}
[2026-04-16 11:14:35,550][train][INFO] - 
[2026-04-16 11:14:35,550][train][INFO] - Train (epoch 71/100)
[2026-04-16 11:27:13,665][train][INFO] -     Training Loss: 0.04332377712242305
[2026-04-16 11:27:13,665][train][INFO] -     Kappa: 0.8939242610725865
[2026-04-16 11:27:13,665][train][INFO] -     OA: {'total': 92.12326281595288, 'roads': 0.9350176350048341, 'buildings': 0.9769184541172908, 'low veg.': 0.7981407029982327, 'trees': 0.919774583633069, 'cars': 0.9294510919644599, 'clutter': 0.0}
[2026-04-16 11:27:13,665][train][INFO] -     F1: {'mean': 0.9092037936577396, 'roads': 0.9333447746259279, 'buildings': 0.9726994657180152, 'low veg.': 0.8130727078874795, 'trees': 0.9153386058173126, 'cars': 0.9115634142399626, 'clutter': 0.0}
[2026-04-16 11:27:13,665][train][INFO] -     MIoU: {'mean': 0.8376569230470897, 'roads': 0.875020111862863, 'buildings': 0.9468499560334289, 'low veg.': 0.6850231798447857, 'trees': 0.8438934129365204, 'cars': 0.8374979545578511, 'clutter': 0.0}
[2026-04-16 11:27:13,665][train][INFO] - 
[2026-04-16 11:27:13,665][train][INFO] - Train (epoch 72/100)
[2026-04-16 11:39:49,040][train][INFO] -     Training Loss: 0.04316113908775151
[2026-04-16 11:39:49,040][train][INFO] -     Kappa: 0.8919717413874203
[2026-04-16 11:39:49,040][train][INFO] -     OA: {'total': 91.97983332084111, 'roads': 0.9347559979310481, 'buildings': 0.9731417253386396, 'low veg.': 0.7902673708362186, 'trees': 0.9241194602026972, 'cars': 0.9304667164389919, 'clutter': 0.0}
[2026-04-16 11:39:49,040][train][INFO] -     F1: {'mean': 0.9079621254735551, 'roads': 0.931307379034127, 'buildings': 0.970752858750045, 'low veg.': 0.810682094922151, 'trees': 0.9153658094403134, 'cars': 0.9117024852211392, 'clutter': 0.0}
[2026-04-16 11:39:49,040][train][INFO] -     MIoU: {'mean': 0.8355843970726994, 'roads': 0.8714455033781568, 'buildings': 0.9431678941280592, 'low veg.': 0.6816361642760994, 'trees': 0.8439396594790837, 'cars': 0.8377327641020983, 'clutter': 0.0}
[2026-04-16 11:39:49,040][train][INFO] - 
[2026-04-16 11:39:49,040][train][INFO] - Train (epoch 73/100)
[2026-04-16 11:52:22,995][train][INFO] -     Training Loss: 0.04304919819533825
[2026-04-16 11:52:22,995][train][INFO] -     Kappa: 0.8924158712103152
[2026-04-16 11:52:22,995][train][INFO] -     OA: {'total': 92.00900570917838, 'roads': 0.9342522893243956, 'buildings': 0.9733095307772692, 'low veg.': 0.8025021445476813, 'trees': 0.9176151212449576, 'cars': 0.928617069217162, 'clutter': 0.0}
[2026-04-16 11:52:22,995][train][INFO] -     F1: {'mean': 0.9085779236963752, 'roads': 0.9317548369217452, 'buildings': 0.9710635103734898, 'low veg.': 0.8128487292385062, 'trees': 0.9151293665936233, 'cars': 0.912093175354511, 'clutter': 0.0}
[2026-04-16 11:52:22,995][train][INFO] -     MIoU: {'mean': 0.8365239493906605, 'roads': 0.8722293993232797, 'buildings': 0.9437545661598341, 'low veg.': 0.6847052681981357, 'trees': 0.8435377808321863, 'cars': 0.8383927324398671, 'clutter': 0.0}
[2026-04-16 11:52:22,995][train][INFO] - 
[2026-04-16 11:52:22,995][train][INFO] - Train (epoch 74/100)
[2026-04-16 12:05:03,624][train][INFO] -     Training Loss: 0.04253706373460591
[2026-04-16 12:05:03,625][train][INFO] -     Kappa: 0.8917808493967398
[2026-04-16 12:05:03,625][train][INFO] -     OA: {'total': 91.96571947385615, 'roads': 0.9381564473140571, 'buildings': 0.9724017217944413, 'low veg.': 0.7905643347079109, 'trees': 0.9206200657445432, 'cars': 0.9283883855606448, 'clutter': 0.0}
[2026-04-16 12:05:03,625][train][INFO] -     F1: {'mean': 0.90804962918031, 'roads': 0.9305070749361046, 'buildings': 0.9710826087665104, 'low veg.': 0.8101913171254751, 'trees': 0.9156125814619869, 'cars': 0.912854563611473, 'clutter': 0.0}
[2026-04-16 12:05:03,625][train][INFO] -     MIoU: {'mean': 0.8357635598262296, 'roads': 0.8700450962595314, 'buildings': 0.9437906454301006, 'low veg.': 0.6809425152017624, 'trees': 0.8443592813871162, 'cars': 0.8396802608526377, 'clutter': 0.0}
[2026-04-16 12:05:03,625][train][INFO] - 
[2026-04-16 12:05:03,625][train][INFO] - Train (epoch 75/100)
[2026-04-16 12:17:37,984][train][INFO] -     Training Loss: 0.042562328599393365
[2026-04-16 12:17:37,985][train][INFO] -     Kappa: 0.8917424621849694
[2026-04-16 12:17:37,985][train][INFO] -     OA: {'total': 91.95923106403981, 'roads': 0.9363936753348258, 'buildings': 0.9714664369760575, 'low veg.': 0.8006538717267657, 'trees': 0.9167375408626922, 'cars': 0.9294779959240501, 'clutter': 0.0}
[2026-04-16 12:17:37,985][train][INFO] -     F1: {'mean': 0.9085037966787197, 'roads': 0.9311020684570901, 'buildings': 0.9707733914447295, 'low veg.': 0.8120773862612918, 'trees': 0.9146069503176589, 'cars': 0.9139591869128283, 'clutter': 0.0}
[2026-04-16 12:17:37,985][train][INFO] -     MIoU: {'mean': 0.8364211863903723, 'roads': 0.8710860419694917, 'buildings': 0.9432066596173685, 'low veg.': 0.6836113538620738, 'trees': 0.84265045790125, 'cars': 0.8415514186016771, 'clutter': 0.0}
[2026-04-16 12:17:37,985][train][INFO] - 
[2026-04-16 12:17:37,985][train][INFO] - Train (epoch 76/100)
[2026-04-16 12:30:12,221][train][INFO] -     Training Loss: 0.04261390247195959
[2026-04-16 12:30:12,221][train][INFO] -     Kappa: 0.8919258311388106
[2026-04-16 12:30:12,221][train][INFO] -     OA: {'total': 91.97572644592685, 'roads': 0.9385991697133752, 'buildings': 0.9718573683275902, 'low veg.': 0.7926572065414733, 'trees': 0.91979484424371, 'cars': 0.929356928105894, 'clutter': 0.0}
[2026-04-16 12:30:12,221][train][INFO] -     F1: {'mean': 0.9085078112311787, 'roads': 0.9305131905687732, 'buildings': 0.9713310389612902, 'low veg.': 0.8108572249196713, 'trees': 0.9153926756134335, 'cars': 0.9144449260927258, 'clutter': 0.0}
[2026-04-16 12:30:12,221][train][INFO] -     MIoU: {'mean': 0.8365120934392861, 'roads': 0.8700557897143563, 'buildings': 0.9442600834193327, 'low veg.': 0.6818838258214169, 'trees': 0.843985334628975, 'cars': 0.842375433612349, 'clutter': 0.0}
[2026-04-16 12:30:12,221][train][INFO] - 
[2026-04-16 12:30:12,222][train][INFO] - Train (epoch 77/100)
[2026-04-16 12:41:49,473][train][INFO] -     Training Loss: 0.04180259666778147
[2026-04-16 12:41:49,474][train][INFO] -     Kappa: 0.8924840360894115
[2026-04-16 12:41:49,474][train][INFO] -     OA: {'total': 92.01701581231694, 'roads': 0.937420449944998, 'buildings': 0.9738785940559626, 'low veg.': 0.7951025076566381, 'trees': 0.918891995009971, 'cars': 0.92174983353175, 'clutter': 0.0}
[2026-04-16 12:41:49,474][train][INFO] -     F1: {'mean': 0.9083579937279996, 'roads': 0.9316712494714535, 'buildings': 0.9716662980880151, 'low veg.': 0.8113541318048997, 'trees': 0.9152199768523583, 'cars': 0.9118783124232716, 'clutter': 0.0}
[2026-04-16 12:41:49,474][train][INFO] -     MIoU: {'mean': 0.8362570569305771, 'roads': 0.8720829136260886, 'buildings': 0.9448939544443522, 'low veg.': 0.682586928129318, 'trees': 0.84369176913557, 'cars': 0.8380297193175564, 'clutter': 0.0}
[2026-04-16 12:41:49,474][train][INFO] - 
[2026-04-16 12:41:49,474][train][INFO] - Train (epoch 78/100)
[2026-04-16 12:52:08,555][train][INFO] -     Training Loss: 0.041615226408466696
[2026-04-16 12:52:08,555][train][INFO] -     Kappa: 0.8909213020669939
[2026-04-16 12:52:08,555][train][INFO] -     OA: {'total': 91.90017918080291, 'roads': 0.9378019779929293, 'buildings': 0.9705300457481882, 'low veg.': 0.7930892166285988, 'trees': 0.9189441262440926, 'cars': 0.9304061825299138, 'clutter': 0.0}
[2026-04-16 12:52:08,555][train][INFO] -     F1: {'mean': 0.907565580641726, 'roads': 0.93000161105167, 'buildings': 0.9705253926213536, 'low veg.': 0.8097111538458156, 'trees': 0.9148879292594423, 'cars': 0.9127018164303482, 'clutter': 0.0}
[2026-04-16 12:52:08,555][train][INFO] -     MIoU: {'mean': 0.834942813870113, 'roads': 0.8691616928187539, 'buildings': 0.9427385441711911, 'low veg.': 0.680264421919089, 'trees': 0.8431275938484931, 'cars': 0.8394218165930385, 'clutter': 0.0}
[2026-04-16 12:52:08,556][train][INFO] - 
[2026-04-16 12:52:08,556][train][INFO] - Train (epoch 79/100)
[2026-04-16 13:02:35,318][train][INFO] -     Training Loss: 0.0416906807962805
[2026-04-16 13:02:35,318][train][INFO] -     Kappa: 0.8924165560075012
[2026-04-16 13:02:35,319][train][INFO] -     OA: {'total': 92.01095166643803, 'roads': 0.9368584610036914, 'buildings': 0.972782142255862, 'low veg.': 0.7965639006307899, 'trees': 0.919540106903177, 'cars': 0.9250119386320682, 'clutter': 0.0}
[2026-04-16 13:02:35,319][train][INFO] -     F1: {'mean': 0.9086244596829399, 'roads': 0.9317393263711452, 'buildings': 0.9715958091328989, 'low veg.': 0.8115742113043294, 'trees': 0.9149972607748049, 'cars': 0.9132156908315211, 'clutter': 0.0}
[2026-04-16 13:02:35,319][train][INFO] -     MIoU: {'mean': 0.836693253698739, 'roads': 0.8722022155941116, 'buildings': 0.944760647380964, 'low veg.': 0.6828985192210058, 'trees': 0.8433133186633318, 'cars': 0.8402915676342818, 'clutter': 0.0}
[2026-04-16 13:02:35,319][train][INFO] - 
[2026-04-16 13:02:35,319][train][INFO] - Train (epoch 80/100)
[2026-04-16 13:12:51,870][train][INFO] -     Training Loss: 0.04122208790108561
[2026-04-16 13:12:51,870][train][INFO] -     Kappa: 0.8920157809053039
[2026-04-16 13:12:51,870][train][INFO] -     OA: {'total': 91.98196029738074, 'roads': 0.9355169725863876, 'buildings': 0.9736163750079062, 'low veg.': 0.7950956175436058, 'trees': 0.9196411823090722, 'cars': 0.929141696429172, 'clutter': 0.0}
[2026-04-16 13:12:51,870][train][INFO] -     F1: {'mean': 0.9081758144721682, 'roads': 0.930899739022527, 'buildings': 0.9710026281164228, 'low veg.': 0.8115107114307007, 'trees': 0.9153486232711585, 'cars': 0.9121173705200327, 'clutter': 0.0}
[2026-04-16 13:12:51,870][train][INFO] -     MIoU: {'mean': 0.8359048322639853, 'roads': 0.870731935067914, 'buildings': 0.9436395608465012, 'low veg.': 0.68280860352355, 'trees': 0.843910442479429, 'cars': 0.8384336194025321, 'clutter': 0.0}
[2026-04-16 13:12:51,870][train][INFO] - 
[2026-04-16 13:12:51,870][train][INFO] - Train (epoch 81/100)
[2026-04-16 13:22:48,421][train][INFO] -     Training Loss: 0.04135545269213617
[2026-04-16 13:22:48,421][train][INFO] -     Kappa: 0.8920713438308076
[2026-04-16 13:22:48,421][train][INFO] -     OA: {'total': 91.98567119262007, 'roads': 0.935840220299665, 'buildings': 0.9726484511097011, 'low veg.': 0.7954601045230147, 'trees': 0.9203796701845764, 'cars': 0.9294779959240501, 'clutter': 0.0}
[2026-04-16 13:22:48,421][train][INFO] -     F1: {'mean': 0.9085360144937621, 'roads': 0.9309096224562802, 'buildings': 0.9709902492688056, 'low veg.': 0.8114784100647657, 'trees': 0.9155601591391621, 'cars': 0.9137416315397967, 'clutter': 0.0}
[2026-04-16 13:22:48,421][train][INFO] -     MIoU: {'mean': 0.8365161989544718, 'roads': 0.8707492294478266, 'buildings': 0.9436161791264259, 'low veg.': 0.6827628685390438, 'trees': 0.8442701242075192, 'cars': 0.841182593451544, 'clutter': 0.0}
[2026-04-16 13:22:48,421][train][INFO] - 
[2026-04-16 13:22:48,421][train][INFO] - Train (epoch 82/100)
[2026-04-16 13:31:25,235][train][INFO] -     Training Loss: 0.04153161739371717
[2026-04-16 13:31:25,235][train][INFO] -     Kappa: 0.8920985913436975
[2026-04-16 13:31:25,235][train][INFO] -     OA: {'total': 91.98783776712717, 'roads': 0.9363501732278876, 'buildings': 0.972154070471277, 'low veg.': 0.7950036345346245, 'trees': 0.9208636483668582, 'cars': 0.9282202358132058, 'clutter': 0.0}
[2026-04-16 13:31:25,235][train][INFO] -     F1: {'mean': 0.9084338346895185, 'roads': 0.930806829827661, 'buildings': 0.9710212609477125, 'low veg.': 0.8117073778133587, 'trees': 0.915576131386853, 'cars': 0.9130575734720072, 'clutter': 0.0}
[2026-04-16 13:31:25,236][train][INFO] -     MIoU: {'mean': 0.8363304788101118, 'roads': 0.8705693749218657, 'buildings': 0.9436747564308712, 'low veg.': 0.6830871139464723, 'trees': 0.84429728806852, 'cars': 0.8400238606828294, 'clutter': 0.0}
[2026-04-16 13:31:25,236][train][INFO] - 
[2026-04-16 13:31:25,236][train][INFO] - Train (epoch 83/100)
[2026-04-16 13:40:03,746][train][INFO] -     Training Loss: 0.04112107425928116
[2026-04-16 13:40:03,746][train][INFO] -     Kappa: 0.8923897402060185
[2026-04-16 13:40:03,746][train][INFO] -     OA: {'total': 92.00788565238358, 'roads': 0.9358930888889583, 'buildings': 0.9731332428659177, 'low veg.': 0.8012236840745373, 'trees': 0.9168509092233584, 'cars': 0.928233687793001, 'clutter': 0.0}
[2026-04-16 13:40:03,746][train][INFO] -     F1: {'mean': 0.9087322023656071, 'roads': 0.931360900660847, 'buildings': 0.9709776621319723, 'low veg.': 0.8129258893539677, 'trees': 0.9153952200189761, 'cars': 0.9130013396622728, 'clutter': 0.0}
[2026-04-16 13:40:03,746][train][INFO] -     MIoU: {'mean': 0.8367729485488187, 'roads': 0.8715392326902516, 'buildings': 0.9435924045572085, 'low veg.': 0.6848147744638751, 'trees': 0.8439896604871977, 'cars': 0.8399286705455608, 'clutter': 0.0}
[2026-04-16 13:40:03,746][train][INFO] - 
[2026-04-16 13:40:03,746][train][INFO] - Train (epoch 84/100)
[2026-04-16 13:48:42,032][train][INFO] -     Training Loss: 0.041337966868653896
[2026-04-16 13:48:42,032][train][INFO] -     Kappa: 0.8930044703183158
[2026-04-16 13:48:42,033][train][INFO] -     OA: {'total': 92.05557291895003, 'roads': 0.9363137480187288, 'buildings': 0.9749816843129759, 'low veg.': 0.7955389963172346, 'trees': 0.9198244383940848, 'cars': 0.9270499135710298, 'clutter': 0.0}
[2026-04-16 13:48:42,033][train][INFO] -     F1: {'mean': 0.9088756564683782, 'roads': 0.9319695750326902, 'buildings': 0.9720448183751992, 'low veg.': 0.8119348375967883, 'trees': 0.9155351729075938, 'cars': 0.9128938784296193, 'clutter': 0.0}
[2026-04-16 13:48:42,033][train][INFO] -     MIoU: {'mean': 0.8371199434606815, 'roads': 0.8726058296150279, 'buildings': 0.9456101158406256, 'low veg.': 0.6834093476442075, 'trees': 0.8442276319484375, 'cars': 0.8397467922551086, 'clutter': 0.0}
[2026-04-16 13:48:42,033][train][INFO] - 
[2026-04-16 13:48:42,033][train][INFO] - Train (epoch 85/100)
[2026-04-16 13:57:24,670][train][INFO] -     Training Loss: 0.04088633362576365
[2026-04-16 13:57:24,670][train][INFO] -     Kappa: 0.8920390601304896
[2026-04-16 13:57:24,670][train][INFO] -     OA: {'total': 91.98405898965785, 'roads': 0.935495533748997, 'buildings': 0.9726703948978296, 'low veg.': 0.7938733114916751, 'trees': 0.9217503346415465, 'cars': 0.9283816595707474, 'clutter': 0.0}
[2026-04-16 13:57:24,670][train][INFO] -     F1: {'mean': 0.9083933040441063, 'roads': 0.9308205694342201, 'buildings': 0.9707080168791902, 'low veg.': 0.8117683985146832, 'trees': 0.915607218752067, 'cars': 0.9130623166403721, 'clutter': 0.0}
[2026-04-16 13:57:24,670][train][INFO] -     MIoU: {'mean': 0.8362464499094854, 'roads': 0.8705934128770658, 'buildings': 0.94308323857338, 'low veg.': 0.6831735475642577, 'trees': 0.8443501603712029, 'cars': 0.84003189016152, 'clutter': 0.0}
[2026-04-16 13:57:24,670][train][INFO] - 
[2026-04-16 13:57:24,670][train][INFO] - Train (epoch 86/100)
[2026-04-16 14:05:58,544][train][INFO] -     Training Loss: 0.04049071740359068
[2026-04-16 14:05:58,544][train][INFO] -     Kappa: 0.8933289491647863
[2026-04-16 14:05:58,545][train][INFO] -     OA: {'total': 92.08015759991062, 'roads': 0.935610845553991, 'buildings': 0.9758574074207254, 'low veg.': 0.7945423414671118, 'trees': 0.9212119487520375, 'cars': 0.9255163878743854, 'clutter': 0.0}
[2026-04-16 14:05:58,545][train][INFO] -     F1: {'mean': 0.9088829294700158, 'roads': 0.9324914870261231, 'buildings': 0.972224036407905, 'low veg.': 0.8118953669012475, 'trees': 0.9156648179497922, 'cars': 0.9121389390650116, 'clutter': 0.0}
[2026-04-16 14:05:58,545][train][INFO] -     MIoU: {'mean': 0.8371484724655229, 'roads': 0.8735213590272718, 'buildings': 0.9459493808455736, 'low veg.': 0.6833534221507953, 'trees': 0.8444481310829536, 'cars': 0.8384700692210197, 'clutter': 0.0}
[2026-04-16 14:05:58,545][train][INFO] - 
[2026-04-16 14:05:58,545][train][INFO] - Train (epoch 87/100)
[2026-04-16 14:14:36,086][train][INFO] -     Training Loss: 0.040834394266828895
[2026-04-16 14:14:36,086][train][INFO] -     Kappa: 0.8923830348217897
[2026-04-16 14:14:36,086][train][INFO] -     OA: {'total': 92.008366484846, 'roads': 0.9354237240509412, 'buildings': 0.9728389379427828, 'low veg.': 0.7974327438841634, 'trees': 0.9202137152951675, 'cars': 0.9293636540957916, 'clutter': 0.0}
[2026-04-16 14:14:36,086][train][INFO] -     F1: {'mean': 0.908503473900074, 'roads': 0.9313762093042558, 'buildings': 0.9709031997922617, 'low veg.': 0.8124997806156942, 'trees': 0.915541447654143, 'cars': 0.9121967321340155, 'clutter': 0.0}
[2026-04-16 14:14:36,086][train][INFO] -     MIoU: {'mean': 0.8364068154912095, 'roads': 0.8715660435538954, 'buildings': 0.9434517720745712, 'low veg.': 0.6842102151669146, 'trees': 0.8442383027674785, 'cars': 0.8385677438931877, 'clutter': 0.0}
[2026-04-16 14:14:36,086][train][INFO] - 
[2026-04-16 14:14:36,086][train][INFO] - Train (epoch 88/100)
[2026-04-16 14:23:13,336][train][INFO] -     Training Loss: 0.04045550862699747
[2026-04-16 14:23:13,336][train][INFO] -     Kappa: 0.8925668003666722
[2026-04-16 14:23:13,336][train][INFO] -     OA: {'total': 92.02224840087851, 'roads': 0.9358560392476425, 'buildings': 0.9740703717001107, 'low veg.': 0.7970806591082127, 'trees': 0.9190374616414282, 'cars': 0.9286103432272644, 'clutter': 0.0}
[2026-04-16 14:23:13,336][train][INFO] -     F1: {'mean': 0.9085909622665487, 'roads': 0.93150887567835, 'buildings': 0.9716010333050412, 'low veg.': 0.8119388340398966, 'trees': 0.9154156103887858, 'cars': 0.9124904579206694, 'clutter': 0.0}
[2026-04-16 14:23:13,336][train][INFO] -     MIoU: {'mean': 0.8366145219139213, 'roads': 0.8717984216010539, 'buildings': 0.9447705265861427, 'low veg.': 0.6834150103574402, 'trees': 0.8440243278044326, 'cars': 0.8390643232205367, 'clutter': 0.0}
[2026-04-16 14:23:13,336][train][INFO] - 
[2026-04-16 14:23:13,336][train][INFO] - Train (epoch 89/100)
[2026-04-16 14:31:51,357][train][INFO] -     Training Loss: 0.0406586837824434
[2026-04-16 14:31:51,357][train][INFO] -     Kappa: 0.8925411482466981
[2026-04-16 14:31:51,357][train][INFO] -     OA: {'total': 92.0205965999488, 'roads': 0.9352143311342914, 'buildings': 0.9739202688132486, 'low veg.': 0.7965411632577832, 'trees': 0.920280871251787, 'cars': 0.9266530801670736, 'clutter': 0.0}
[2026-04-16 14:31:51,357][train][INFO] -     F1: {'mean': 0.9085198578870164, 'roads': 0.9315540323755234, 'buildings': 0.9714015502644101, 'low veg.': 0.8121170142442777, 'trees': 0.9153951282384843, 'cars': 0.9121315643123858, 'clutter': 0.0}
[2026-04-16 14:31:51,357][train][INFO] -     MIoU: {'mean': 0.8364771050342913, 'roads': 0.8718775311087454, 'buildings': 0.9443933641102777, 'low veg.': 0.6836675194296304, 'trees': 0.8439895044467057, 'cars': 0.8384576060760973, 'clutter': 0.0}
[2026-04-16 14:31:51,357][train][INFO] - 
[2026-04-16 14:31:51,357][train][INFO] - Train (epoch 90/100)
[2026-04-16 14:40:26,980][train][INFO] -     Training Loss: 0.04073660117201507
[2026-04-16 14:40:26,980][train][INFO] -     Kappa: 0.8920459254436144
[2026-04-16 14:40:26,980][train][INFO] -     OA: {'total': 91.98248072781064, 'roads': 0.9354114435518533, 'buildings': 0.9716731511482595, 'low veg.': 0.7995259602233775, 'trees': 0.9192851419153334, 'cars': 0.9280722640354594, 'clutter': 0.0}
[2026-04-16 14:40:26,980][train][INFO] -     F1: {'mean': 0.9084460885661159, 'roads': 0.9309719323042573, 'buildings': 0.9705354498477153, 'low veg.': 0.8127809616400244, 'trees': 0.9154074201018823, 'cars': 0.9125346789367, 'clutter': 0.0}
[2026-04-16 14:40:26,980][train][INFO] -     MIoU: {'mean': 0.8362748812121297, 'roads': 0.870858268773933, 'buildings': 0.9427575235146735, 'low veg.': 0.6846091036097266, 'trees': 0.8440104026784618, 'cars': 0.8391391074838537, 'clutter': 0.0}
[2026-04-16 14:40:26,980][train][INFO] - 
[2026-04-16 14:40:26,980][train][INFO] - Train (epoch 91/100)
[2026-04-16 14:49:09,433][train][INFO] -     Training Loss: 0.04057330783456564
[2026-04-16 14:49:09,433][train][INFO] -     Kappa: 0.8922122379426187
[2026-04-16 14:49:09,433][train][INFO] -     OA: {'total': 91.99610242862819, 'roads': 0.93584334246045, 'buildings': 0.9727168640962193, 'low veg.': 0.7962927746829687, 'trees': 0.9202451306240268, 'cars': 0.9270028316417469, 'clutter': 0.0}
[2026-04-16 14:49:09,433][train][INFO] -     F1: {'mean': 0.9084085355922576, 'roads': 0.9311679899761571, 'buildings': 0.9709659570536044, 'low veg.': 0.8120986664919316, 'trees': 0.9153885964780187, 'cars': 0.9124214679615764, 'clutter': 0.0}
[2026-04-16 14:49:09,433][train][INFO] -     MIoU: {'mean': 0.8362678634104117, 'roads': 0.8712014434853848, 'buildings': 0.9435702965408929, 'low veg.': 0.6836415143113532, 'trees': 0.8439783995498689, 'cars': 0.8389476631645585, 'clutter': 0.0}
[2026-04-16 14:49:09,433][train][INFO] - 
[2026-04-16 14:49:09,433][train][INFO] - Train (epoch 92/100)
[2026-04-16 14:57:52,932][train][INFO] -     Training Loss: 0.04048967888392508
[2026-04-16 14:57:52,932][train][INFO] -     Kappa: 0.8925827461326731
[2026-04-16 14:57:52,932][train][INFO] -     OA: {'total': 92.0245903378131, 'roads': 0.9359411701650479, 'buildings': 0.9735575509035954, 'low veg.': 0.7937627251775066, 'trees': 0.921902630692321, 'cars': 0.9274736509345763, 'clutter': 0.0}
[2026-04-16 14:57:52,932][train][INFO] -     F1: {'mean': 0.9086073383201352, 'roads': 0.931602296456346, 'buildings': 0.971311404910783, 'low veg.': 0.811858661526915, 'trees': 0.9155546743467481, 'cars': 0.912709654359884, 'clutter': 0.0}
[2026-04-16 14:57:52,932][train][INFO] -     MIoU: {'mean': 0.8366364714233848, 'roads': 0.8719620918000984, 'buildings': 0.944222974326397, 'low veg.': 0.6833014181378944, 'trees': 0.8442607964539227, 'cars': 0.839435076398612, 'clutter': 0.0}
[2026-04-16 14:57:52,932][train][INFO] - 
[2026-04-16 14:57:52,932][train][INFO] - Train (epoch 93/100)
[2026-04-16 15:06:36,338][train][INFO] -     Training Loss: 0.04050319669209421
[2026-04-16 15:06:36,338][train][INFO] -     Kappa: 0.8922385068345977
[2026-04-16 15:06:36,338][train][INFO] -     OA: {'total': 91.99898742340268, 'roads': 0.9363676573282838, 'buildings': 0.9732403801844274, 'low veg.': 0.7934013387489621, 'trees': 0.9210560103442937, 'cars': 0.9268884898134883, 'clutter': 0.0}
[2026-04-16 15:06:36,338][train][INFO] -     F1: {'mean': 0.9083677856275841, 'roads': 0.9312427224862109, 'buildings': 0.9712589781763376, 'low veg.': 0.811279928094897, 'trees': 0.915385851035188, 'cars': 0.9126714483452876, 'clutter': 0.0}
[2026-04-16 15:06:36,338][train][INFO] -     MIoU: {'mean': 0.8362564500558713, 'roads': 0.871332286646531, 'buildings': 0.944123892769994, 'low veg.': 0.682481895670104, 'trees': 0.8439737319569909, 'cars': 0.8393704432357366, 'clutter': 0.0}
[2026-04-16 15:06:36,338][train][INFO] - 
[2026-04-16 15:06:36,338][train][INFO] - Train (epoch 94/100)
[2026-04-16 15:15:13,579][train][INFO] -     Training Loss: 0.04027279170043767
[2026-04-16 15:15:13,580][train][INFO] -     Kappa: 0.89208849840602
[2026-04-16 15:15:13,580][train][INFO] -     OA: {'total': 91.9883016290321, 'roads': 0.9361973954934731, 'buildings': 0.9733974903313641, 'low veg.': 0.7925721136455244, 'trees': 0.9212112658101057, 'cars': 0.9255567438137708, 'clutter': 0.0}
[2026-04-16 15:15:13,580][train][INFO] -     F1: {'mean': 0.9081782566062395, 'roads': 0.9309415792936712, 'buildings': 0.9711051726459725, 'low veg.': 0.8111722542276487, 'trees': 0.9154754249304202, 'cars': 0.9121968519334855, 'clutter': 0.0}
[2026-04-16 15:15:13,580][train][INFO] -     MIoU: {'mean': 0.8359323824132148, 'roads': 0.8708051508341297, 'buildings': 0.9438332731668304, 'low veg.': 0.6823295108246742, 'trees': 0.844126030866277, 'cars': 0.8385679463741621, 'clutter': 0.0}
[2026-04-16 15:15:13,580][train][INFO] - 
[2026-04-16 15:15:13,580][train][INFO] - Train (epoch 95/100)
[2026-04-16 15:23:58,999][train][INFO] -     Training Loss: 0.040502924010157586
[2026-04-16 15:23:58,999][train][INFO] -     Kappa: 0.892700904644964
[2026-04-16 15:23:58,999][train][INFO] -     OA: {'total': 92.03396374240391, 'roads': 0.9363156213151999, 'buildings': 0.9749221226023415, 'low veg.': 0.7925827933207245, 'trees': 0.9209918138027118, 'cars': 0.9266934361064589, 'clutter': 0.0}
[2026-04-16 15:23:58,999][train][INFO] -     F1: {'mean': 0.9085657355209493, 'roads': 0.9316894288485789, 'buildings': 0.9718575067589024, 'low veg.': 0.811223800770731, 'trees': 0.9154637197049478, 'cars': 0.9125942215215865, 'clutter': 0.0}
[2026-04-16 15:23:58,999][train][INFO] -     MIoU: {'mean': 0.8366237649686159, 'roads': 0.8721147707491161, 'buildings': 0.9452556558529513, 'low veg.': 0.6824024583405015, 'trees': 0.8441061275109141, 'cars': 0.8392398123895961, 'clutter': 0.0}
[2026-04-16 15:23:58,999][train][INFO] - 
[2026-04-16 15:23:59,000][train][INFO] - Train (epoch 96/100)
[2026-04-16 15:32:37,084][train][INFO] -     Training Loss: 0.04033926740474999
[2026-04-16 15:32:37,084][train][INFO] -     Kappa: 0.8923808386318924
[2026-04-16 15:32:37,084][train][INFO] -     OA: {'total': 92.00911318937587, 'roads': 0.9359382561483152, 'buildings': 0.9735429831787034, 'low veg.': 0.7954036055961498, 'trees': 0.9202401223831942, 'cars': 0.9267808739751273, 'clutter': 0.0}
[2026-04-16 15:32:37,084][train][INFO] -     F1: {'mean': 0.9085071440127009, 'roads': 0.9312868279733019, 'buildings': 0.9712396022817583, 'low veg.': 0.8119089897125242, 'trees': 0.9154622860411723, 'cars': 0.9126380140547486, 'clutter': 0.0}
[2026-04-16 15:32:37,084][train][INFO] -     MIoU: {'mean': 0.8364574184640429, 'roads': 0.8714095159950335, 'buildings': 0.9440872767224878, 'low veg.': 0.6833727237074803, 'trees': 0.844103689764288, 'cars': 0.8393138861309245, 'clutter': 0.0}
[2026-04-16 15:32:37,084][train][INFO] - 
[2026-04-16 15:32:37,084][train][INFO] - Train (epoch 97/100)
[2026-04-16 15:41:14,527][train][INFO] -     Training Loss: 0.04043776743672788
[2026-04-16 15:41:14,527][train][INFO] -     Kappa: 0.8921404916256944
[2026-04-16 15:41:14,527][train][INFO] -     OA: {'total': 91.9910621730516, 'roads': 0.9360194323287261, 'buildings': 0.9726351741958754, 'low veg.': 0.795495588605131, 'trees': 0.9204709567561169, 'cars': 0.9271911593588786, 'clutter': 0.0}
[2026-04-16 15:41:14,527][train][INFO] -     F1: {'mean': 0.908375620718415, 'roads': 0.930989968675985, 'buildings': 0.9708833419355124, 'low veg.': 0.8119493454031945, 'trees': 0.9155150673411918, 'cars': 0.9125403802361913, 'clutter': 0.0}
[2026-04-16 15:41:14,527][train][INFO] -     MIoU: {'mean': 0.836215240120505, 'roads': 0.8708898339549854, 'buildings': 0.9434142711881687, 'low veg.': 0.6834299044923717, 'trees': 0.8441934413018016, 'cars': 0.8391487496651976, 'clutter': 0.0}
[2026-04-16 15:41:14,528][train][INFO] - 
[2026-04-16 15:41:14,528][train][INFO] - Train (epoch 98/100)
[2026-04-16 15:49:52,308][train][INFO] -     Training Loss: 0.040437298452481625
[2026-04-16 15:49:52,308][train][INFO] -     Kappa: 0.8920974603260801
[2026-04-16 15:49:52,308][train][INFO] -     OA: {'total': 91.98765109099472, 'roads': 0.9360244277859822, 'buildings': 0.9726154432267179, 'low veg.': 0.7959486135370051, 'trees': 0.9200313697993971, 'cars': 0.9278368543890447, 'clutter': 0.0}
[2026-04-16 15:49:52,309][train][INFO] -     F1: {'mean': 0.9083642692012415, 'roads': 0.9309766273681068, 'buildings': 0.9708697225577421, 'low veg.': 0.811895578445484, 'trees': 0.9154865114192953, 'cars': 0.9125929062155788, 'clutter': 0.0}
[2026-04-16 15:49:52,309][train][INFO] -     MIoU: {'mean': 0.8361982459622098, 'roads': 0.8708664854315386, 'buildings': 0.94338855229358, 'low veg.': 0.6833537218750517, 'trees': 0.8441448825292032, 'cars': 0.8392375876816752, 'clutter': 0.0}
[2026-04-16 15:49:52,309][train][INFO] - 
[2026-04-16 15:49:52,309][train][INFO] - Train (epoch 99/100)
[2026-04-16 15:58:28,314][train][INFO] -     Training Loss: 0.04006179948151112
[2026-04-16 15:58:28,315][train][INFO] -     Kappa: 0.8920751563987425
[2026-04-16 15:58:28,315][train][INFO] -     OA: {'total': 91.98641224029744, 'roads': 0.9363104177138915, 'buildings': 0.9727850926811565, 'low veg.': 0.7947655811293585, 'trees': 0.9202421712089893, 'cars': 0.9278032244395569, 'clutter': 0.0}
[2026-04-16 15:58:28,315][train][INFO] -     F1: {'mean': 0.9083042036577382, 'roads': 0.930914758180597, 'buildings': 0.9709594454849205, 'low veg.': 0.8116196250922405, 'trees': 0.9154854714574562, 'cars': 0.9125417180734767, 'clutter': 0.0}
[2026-04-16 15:58:28,315][train][INFO] -     MIoU: {'mean': 0.836114634321558, 'roads': 0.8707582162450741, 'buildings': 0.9435579980056967, 'low veg.': 0.6829628309498441, 'trees': 0.8441431141432081, 'cars': 0.8391510122639673, 'clutter': 0.0}
[2026-04-16 15:58:28,315][train][INFO] - 
[2026-04-16 15:58:28,315][train][INFO] - Train (epoch 100/100)
[2026-04-16 16:07:05,117][train][INFO] -     Training Loss: 0.0403802506942302
[2026-04-16 16:07:05,117][train][INFO] -     Kappa: 0.8922043948120233
[2026-04-16 16:07:05,117][train][INFO] -     OA: {'total': 91.99601757584071, 'roads': 0.9360433688947447, 'buildings': 0.9730369852406818, 'low veg.': 0.7948703108474494, 'trees': 0.92054744625247, 'cars': 0.92760144474263, 'clutter': 0.0}
[2026-04-16 16:07:05,117][train][INFO] -     F1: {'mean': 0.9084085005923805, 'roads': 0.9311219184147613, 'buildings': 0.971054657074623, 'low veg.': 0.8117245767236206, 'trees': 0.9154509215137907, 'cars': 0.9126904292351065, 'clutter': 0.0}
[2026-04-16 16:07:05,117][train][INFO] -     MIoU: {'mean': 0.836291404949891, 'roads': 0.8711207895982177, 'buildings': 0.9437378416173535, 'low veg.': 0.6831114746827704, 'trees': 0.844084366187981, 'cars': 0.8394025526631325, 'clutter': 0.0}
[2026-04-16 16:07:05,117][train][INFO] - 
[2026-04-16 16:07:05,117][train][INFO] - Best epoch 22, MIoU best: 0.8401097003328643
[2026-04-16 16:07:05,401][train][INFO] - End of training !
[2026-04-16 16:07:05,404][__main__][INFO] - Training time: 19.55 hours
[2026-04-16 16:07:05,405][__main__][INFO] - 
[2026-04-16 16:07:05,405][__main__][INFO] - Start testing...
[2026-04-16 16:10:47,621][__main__][INFO] - Final model result:
[2026-04-16 16:10:47,622][__main__][INFO] -     Kappa: 0.8922043948120233
[2026-04-16 16:10:47,622][__main__][INFO] -     OA: {'total': 91.99601757584071, 'roads': 0.9360433688947447, 'buildings': 0.9730369852406818, 'low veg.': 0.7948703108474494, 'trees': 0.92054744625247, 'cars': 0.92760144474263, 'clutter': 0.0}
[2026-04-16 16:10:47,622][__main__][INFO] -     F1: {'mean': 0.9084085005923805, 'roads': 0.9311219184147613, 'buildings': 0.971054657074623, 'low veg.': 0.8117245767236206, 'trees': 0.9154509215137907, 'cars': 0.9126904292351065, 'clutter': 0.0}
[2026-04-16 16:10:47,622][__main__][INFO] -     MIoU: {'mean': 0.836291404949891, 'roads': 0.8711207895982177, 'buildings': 0.9437378416173535, 'low veg.': 0.6831114746827704, 'trees': 0.844084366187981, 'cars': 0.8394025526631325, 'clutter': 0.0}
[2026-04-16 16:10:49,323][__main__][INFO] - Testing time: 0.06 hours
