[2026-04-15 20:32:09,972][__main__][INFO] - Loaded configuration:
[2026-04-15 20:32:09,972][__main__][INFO] - --- training configuration:
[2026-04-15 20:32:09,974][__main__][INFO] - 
epochs: 100
save_epoch: 1
batch_size: 10
learning_rate: 0.0001
weight_decay: 0.0005
momentum: 0.9
milestones:
- 25
- 35
- 45
window_size:
- 256
- 256
num_workers: 0
cache: true
augmentation: true
alpha: 0.01
beta: 0.05
gamma: 0.5
distill:
  enable: false
  teacher_ckpt: ''
  teacher_backbone: mit_b4
  T: 4.0
  lambda_kd: 1.0
  lambda_edge: 1.0
  edge_k: 3
  edge_boost: 1.0

[2026-04-15 20:32:09,974][__main__][INFO] - --- model configuration:
[2026-04-15 20:32:09,975][__main__][INFO] - 
pretrained: true
model_dim: 512
num_heads: 8
ffn_dim: 2048
dropout: 0.5
num_layers: 1
backbone: mit_b1
decoder_embed_dim: 512
pretrained_backbone: /home/wsj/CAF-Net-KD/pretrained/mit_b1.pth
bn_eps: 0.01
bn_momentum: 0.01

[2026-04-15 20:32:09,975][__main__][INFO] - Using GPUs: 0 1
[2026-04-15 20:32:09,975][__main__][INFO] - Using model: Baseline
[2026-04-15 20:32:09,975][__main__][INFO] - Using dataset: Vaihingen
[2026-04-15 20:32:09,975][__main__][INFO] - Real Training Configuration:
[2026-04-15 20:32:09,975][__main__][INFO] - batch size: 10
[2026-04-15 20:32:09,975][__main__][INFO] - learning rate: 0.000100
[2026-04-15 20:32:10,258][py.warnings][WARNING] - /home/wsj/.conda/envs/FDMF-Net/lib/python3.9/site-packages/timm/models/layers/__init__.py:48: FutureWarning: Importing from timm.models.layers is deprecated, please import via timm.layers
  warnings.warn(f"Importing from {__name__} is deprecated, please import via timm.layers", FutureWarning)

[2026-04-15 20:32:11,187][py.warnings][WARNING] - /home/wsj/CAF-Net-KD/models/encoder.py:482: FutureWarning: You are using `torch.load` with `weights_only=False` (the current default value), which uses the default pickle module implicitly. It is possible to construct malicious pickle data which will execute arbitrary code during unpickling (See https://github.com/pytorch/pytorch/blob/main/SECURITY.md#untrusted-models for more details). In a future release, the default value for `weights_only` will be flipped to `True`. This limits the functions that could be executed during unpickling. Arbitrary objects will no longer be allowed to be loaded via this mode unless they are explicitly allowlisted by the user via `torch.serialization.add_safe_globals`. We recommend you start setting `weights_only=True` for any use case where you don't have full control of the loaded file. Please open an issue on GitHub for any issues related to this experimental feature.
  raw_state_dict = torch.load(model_file, map_location=torch.device('cpu'))

[2026-04-15 20:32:11,670][__main__][INFO] - All Params: 33422608
[2026-04-15 20:32:11,670][__main__][INFO] - training : ['1', '3', '23', '26', '7', '11', '13', '28', '17', '32', '34', '37']
[2026-04-15 20:32:11,670][__main__][INFO] - testing : ['5', '21', '15', '30']
[2026-04-15 20:32:11,699][__main__][INFO] - Experiment output directory: /home/wsj/CAF-Net-KD/Baseline_Vaihingen_42/2026-04-15_20-32-09
[2026-04-15 20:32:11,699][__main__][INFO] - Start training...
[2026-04-15 20:32:11,699][train][INFO] - Train (epoch 1/100)
[2026-04-15 20:41:58,933][train][INFO] -     Training Loss: 0.48085707461833954
[2026-04-15 20:41:58,934][train][INFO] -     Kappa: 0.8798353300674655
[2026-04-15 20:41:58,934][train][INFO] -     OA: {'total': 91.09484137478486, 'roads': 0.9404705928879259, 'buildings': 0.9690557551087997, 'low veg.': 0.755565316549018, 'trees': 0.9151574408799934, 'cars': 0.784882665106237, 'clutter': 0.0}
[2026-04-15 20:41:58,934][train][INFO] -     F1: {'mean': 0.8860813155968035, 'roads': 0.9204112142602948, 'buildings': 0.9638431663846743, 'low veg.': 0.7947953857237493, 'trees': 0.9107037051090873, 'cars': 0.8406531065062116, 'clutter': 0.0}
[2026-04-15 20:41:58,934][train][INFO] -     MIoU: {'mean': 0.8006786294177537, 'roads': 0.852557220321304, 'buildings': 0.9302097280212525, 'low veg.': 0.659469252199171, 'trees': 0.8360477396099923, 'cars': 0.7251092069370484, 'clutter': 0.0}
[2026-04-15 20:41:58,934][train][INFO] - 
[2026-04-15 20:41:58,934][train][INFO] - Train (epoch 2/100)
[2026-04-15 20:51:55,434][train][INFO] -     Training Loss: 0.33222470216453076
[2026-04-15 20:51:55,435][train][INFO] -     Kappa: 0.8840836341061469
[2026-04-15 20:51:55,435][train][INFO] -     OA: {'total': 91.3789341641364, 'roads': 0.9024472536953375, 'buildings': 0.9727769790115964, 'low veg.': 0.8221110617319677, 'trees': 0.9166184813192617, 'cars': 0.8732218164208317, 'clutter': 0.0006435006435006435}
[2026-04-15 20:51:55,435][train][INFO] -     F1: {'mean': 0.8960721820439479, 'roads': 0.9278777475334876, 'buildings': 0.9667734054560853, 'low veg.': 0.81120150522776, 'trees': 0.9043707221774696, 'cars': 0.8701375298249376, 'clutter': 0.0007753440589261484}
[2026-04-15 20:51:55,435][train][INFO] -     MIoU: {'mean': 0.8158151081444454, 'roads': 0.8654589020970533, 'buildings': 0.9356838185943488, 'low veg.': 0.6823709054099845, 'trees': 0.8254349719230113, 'cars': 0.7701269426978289, 'clutter': 0.00038782237735117316}
[2026-04-15 20:51:55,435][train][INFO] - 
[2026-04-15 20:51:55,435][train][INFO] - Train (epoch 3/100)
[2026-04-15 21:01:52,426][train][INFO] -     Training Loss: 0.2818143483400345
[2026-04-15 21:01:52,426][train][INFO] -     Kappa: 0.8848143857007308
[2026-04-15 21:01:52,427][train][INFO] -     OA: {'total': 91.42924055340988, 'roads': 0.9228965742611146, 'buildings': 0.97580374656068, 'low veg.': 0.840187273272218, 'trees': 0.8805757655779055, 'cars': 0.8738271555116124, 'clutter': 0.0006435006435006435}
[2026-04-15 21:01:52,427][train][INFO] -     F1: {'mean': 0.9008243982174801, 'roads': 0.9327949238684402, 'buildings': 0.9679181617769111, 'low veg.': 0.8101354461081479, 'trees': 0.9009733748552982, 'cars': 0.8923000844786022, 'clutter': 0.0005082915051782197}
[2026-04-15 21:01:52,427][train][INFO] -     MIoU: {'mean': 0.8236167493469727, 'roads': 0.8740540545868336, 'buildings': 0.9378308249696102, 'low veg.': 0.6808635852360906, 'trees': 0.8197921271804245, 'cars': 0.8055431547619047, 'clutter': 0.0002542103590721322}
[2026-04-15 21:01:52,427][train][INFO] - 
[2026-04-15 21:01:52,427][train][INFO] - Train (epoch 4/100)
[2026-04-15 21:12:06,679][train][INFO] -     Training Loss: 0.24139553712308406
[2026-04-15 21:12:06,679][train][INFO] -     Kappa: 0.8845812106760482
[2026-04-15 21:12:06,679][train][INFO] -     OA: {'total': 91.44010736706043, 'roads': 0.9197710831712411, 'buildings': 0.9669415909836478, 'low veg.': 0.7561237602102863, 'trees': 0.9502126225880767, 'cars': 0.8779501873188187, 'clutter': 0.40234877734877733}
[2026-04-15 21:12:06,679][train][INFO] -     F1: {'mean': 0.8997802902930246, 'roads': 0.9288723351167713, 'buildings': 0.9649021632343093, 'low veg.': 0.8008685896856982, 'trees': 0.9084494788401472, 'cars': 0.8958088845881973, 'clutter': 0.49781050955414013}
[2026-04-15 21:12:06,679][train][INFO] -     MIoU: {'mean': 0.8221572270482357, 'roads': 0.8671910600106051, 'buildings': 0.9321845036883494, 'low veg.': 0.667873915066393, 'trees': 0.8322560076054497, 'cars': 0.8112806488703813, 'clutter': 0.3313899562740162}
[2026-04-15 21:12:06,679][train][INFO] - 
[2026-04-15 21:12:06,679][train][INFO] - Train (epoch 5/100)
[2026-04-15 21:22:28,676][train][INFO] -     Training Loss: 0.2173330878689885
[2026-04-15 21:22:28,677][train][INFO] -     Kappa: 0.8849386475695403
[2026-04-15 21:22:28,677][train][INFO] -     OA: {'total': 91.46296670800884, 'roads': 0.9297823958004856, 'buildings': 0.9652391955886717, 'low veg.': 0.7836731881586517, 'trees': 0.9240206612699078, 'cars': 0.8856245417919383, 'clutter': 0.26093951093951095}
[2026-04-15 21:22:28,677][train][INFO] -     F1: {'mean': 0.9021707925777681, 'roads': 0.9256488898568305, 'buildings': 0.9600008289717559, 'low veg.': 0.8108033161022148, 'trees': 0.9135529108266571, 'cars': 0.9008480171313827, 'clutter': 0.36229618047799866}
[2026-04-15 21:22:28,677][train][INFO] -     MIoU: {'mean': 0.8253844393359989, 'roads': 0.8615888056684535, 'buildings': 0.9230784559401196, 'low veg.': 0.6818075824468962, 'trees': 0.8408627718094973, 'cars': 0.8195845808150283, 'clutter': 0.22122204037097654}
[2026-04-15 21:22:28,677][train][INFO] - 
[2026-04-15 21:22:28,677][train][INFO] - Train (epoch 6/100)
[2026-04-15 21:32:40,991][train][INFO] -     Training Loss: 0.2007565467879176
[2026-04-15 21:32:40,991][train][INFO] -     Kappa: 0.8909782954269814
[2026-04-15 21:32:40,991][train][INFO] -     OA: {'total': 91.89659839317105, 'roads': 0.9296776993421607, 'buildings': 0.9690089171072481, 'low veg.': 0.8186887425888222, 'trees': 0.9135538932243055, 'cars': 0.9021502989702509, 'clutter': 0.03523166023166023}
[2026-04-15 21:32:40,992][train][INFO] -     F1: {'mean': 0.9073023690214208, 'roads': 0.9315487990422788, 'buildings': 0.9691889774867463, 'low veg.': 0.8159103507199509, 'trees': 0.9127009812673348, 'cars': 0.907162736590793, 'clutter': 0.059101335852111726}
[2026-04-15 21:32:40,992][train][INFO] -     MIoU: {'mean': 0.8341337113293124, 'roads': 0.8718683625487734, 'buildings': 0.9402198427445364, 'low veg.': 0.6890612980326626, 'trees': 0.8394204037185296, 'cars': 0.8300986496020596, 'clutter': 0.030450500556173526}
[2026-04-15 21:32:40,992][train][INFO] - 
[2026-04-15 21:32:40,992][train][INFO] - Train (epoch 7/100)
[2026-04-15 21:42:45,438][train][INFO] -     Training Loss: 0.19194998579472303
[2026-04-15 21:42:45,438][train][INFO] -     Kappa: 0.8868107572682318
[2026-04-15 21:42:45,439][train][INFO] -     OA: {'total': 91.58751362947899, 'roads': 0.9295446952927182, 'buildings': 0.9629976099711098, 'low veg.': 0.8074037709588626, 'trees': 0.9151790673744981, 'cars': 0.9200212541280763, 'clutter': 0.2861969111969112}
[2026-04-15 21:42:45,439][train][INFO] -     F1: {'mean': 0.9046779362859855, 'roads': 0.9288560329638949, 'buildings': 0.9660071712221784, 'low veg.': 0.8110430721687658, 'trees': 0.9097010960325054, 'cars': 0.9077823090425832, 'clutter': 0.4320582877959927}
[2026-04-15 21:42:45,439][train][INFO] -     MIoU: {'mean': 0.8298109821148344, 'roads': 0.8671626425102068, 'buildings': 0.9342493916171526, 'low veg.': 0.6821467230509202, 'trees': 0.8343593602838534, 'cars': 0.8311367931120387, 'clutter': 0.27555762081784385}
[2026-04-15 21:42:45,439][train][INFO] - 
[2026-04-15 21:42:45,439][train][INFO] - Train (epoch 8/100)
[2026-04-15 21:52:42,953][train][INFO] -     Training Loss: 0.1767958969026804
[2026-04-15 21:52:42,953][train][INFO] -     Kappa: 0.881321932450829
[2026-04-15 21:52:42,953][train][INFO] -     OA: {'total': 91.18769295170321, 'roads': 0.9393405788277951, 'buildings': 0.9475978651460175, 'low veg.': 0.7901681532085534, 'trees': 0.9199794662125862, 'cars': 0.8948862298808827, 'clutter': 0.03684041184041184}
[2026-04-15 21:52:42,953][train][INFO] -     F1: {'mean': 0.9011340400913606, 'roads': 0.9196050267031634, 'buildings': 0.9582254722648228, 'low veg.': 0.8110915436925134, 'trees': 0.9124372709804461, 'cars': 0.904310886815857, 'clutter': 0.06786190546747667}
[2026-04-15 21:52:42,953][train][INFO] -     MIoU: {'mean': 0.8235002064019395, 'roads': 0.8511748475624419, 'buildings': 0.9198012110624451, 'low veg.': 0.6822153037851227, 'trees': 0.8389743843125401, 'cars': 0.8253352852871482, 'clutter': 0.035122699386503066}
[2026-04-15 21:52:42,953][train][INFO] - 
[2026-04-15 21:52:42,953][train][INFO] - Train (epoch 9/100)
[2026-04-15 22:02:52,287][train][INFO] -     Training Loss: 0.16577980618178845
[2026-04-15 22:02:52,288][train][INFO] -     Kappa: 0.8830588827102187
[2026-04-15 22:02:52,288][train][INFO] -     OA: {'total': 91.29742457647852, 'roads': 0.9203876058542596, 'buildings': 0.9525267350022045, 'low veg.': 0.8223508376654919, 'trees': 0.9167079467123176, 'cars': 0.9219314352589842, 'clutter': 0.14285714285714285}
[2026-04-15 22:02:52,288][train][INFO] -     F1: {'mean': 0.9029863119392175, 'roads': 0.9245876746887978, 'buildings': 0.9638293126213824, 'low veg.': 0.8086940215897155, 'trees': 0.9091183700302883, 'cars': 0.9087021807659033, 'clutter': 0.23504499735309686}
[2026-04-15 22:02:52,288][train][INFO] -     MIoU: {'mean': 0.8269650606297173, 'roads': 0.8597517928030451, 'buildings': 0.9301839208168976, 'low veg.': 0.6788298189092123, 'trees': 0.8333794841293001, 'cars': 0.8326802864901314, 'clutter': 0.1331733653269346}
[2026-04-15 22:02:52,288][train][INFO] - 
[2026-04-15 22:02:52,288][train][INFO] - Train (epoch 10/100)
[2026-04-15 22:13:09,528][train][INFO] -     Training Loss: 0.15836900082230568
[2026-04-15 22:13:09,528][train][INFO] -     Kappa: 0.8884824761346942
[2026-04-15 22:13:09,528][train][INFO] -     OA: {'total': 91.71644461163586, 'roads': 0.9173568203081989, 'buildings': 0.9806393092169258, 'low veg.': 0.8047493549131673, 'trees': 0.9147774975186443, 'cars': 0.8979196513246838, 'clutter': 0.033944658944658944}
[2026-04-15 22:13:09,528][train][INFO] -     F1: {'mean': 0.905414778878235, 'roads': 0.9313541807546659, 'buildings': 0.969039314574726, 'low veg.': 0.8077343469861338, 'trees': 0.9102449840966413, 'cars': 0.908701067979008, 'clutter': 0.05118253486961795}
[2026-04-15 22:13:09,528][train][INFO] -     MIoU: {'mean': 0.8313794881930751, 'roads': 0.8715274639939902, 'buildings': 0.9399381841364736, 'low veg.': 0.6774785006548701, 'trees': 0.8352748744561533, 'cars': 0.8326784177238876, 'clutter': 0.02626338063231267}
[2026-04-15 22:13:09,529][train][INFO] - 
[2026-04-15 22:13:09,529][train][INFO] - Train (epoch 11/100)
[2026-04-15 22:23:24,778][train][INFO] -     Training Loss: 0.15429911816865205
[2026-04-15 22:23:24,778][train][INFO] -     Kappa: 0.8851860892123464
[2026-04-15 22:23:24,778][train][INFO] -     OA: {'total': 91.46432435260859, 'roads': 0.9216335561515414, 'buildings': 0.9620912762009292, 'low veg.': 0.8183094418663939, 'trees': 0.9130624026807748, 'cars': 0.9044505875152176, 'clutter': 0.46364221364221364}
[2026-04-15 22:23:24,778][train][INFO] -     F1: {'mean': 0.9049638801129634, 'roads': 0.9246361821793873, 'buildings': 0.9626623466482648, 'low veg.': 0.81258327874068, 'trees': 0.9128647742193331, 'cars': 0.9120728187771519, 'clutter': 0.5916649558612195}
[2026-04-15 22:23:24,779][train][INFO] -     MIoU: {'mean': 0.8300465478538325, 'roads': 0.8598356824514536, 'buildings': 0.9280125362632046, 'low veg.': 0.6843286473841225, 'trees': 0.8396975395253234, 'cars': 0.838358333645058, 'clutter': 0.42011661807580175}
[2026-04-15 22:23:24,779][train][INFO] - 
[2026-04-15 22:23:24,779][train][INFO] - Train (epoch 12/100)
[2026-04-15 22:33:41,926][train][INFO] -     Training Loss: 0.15218772472441197
[2026-04-15 22:33:41,927][train][INFO] -     Kappa: 0.8771724630625469
[2026-04-15 22:33:41,927][train][INFO] -     OA: {'total': 90.86843151036547, 'roads': 0.9213138468871537, 'buildings': 0.9497343418624596, 'low veg.': 0.801479996279339, 'trees': 0.9150342836849725, 'cars': 0.9354641269328814, 'clutter': 0.26817889317889315}
[2026-04-15 22:33:41,927][train][INFO] -     F1: {'mean': 0.8995974532327807, 'roads': 0.9175958035022779, 'buildings': 0.9572592177637084, 'low veg.': 0.8045968385235791, 'trees': 0.9084915668140428, 'cars': 0.9100438395602958, 'clutter': 0.3448489863467108}
[2026-04-15 22:33:41,927][train][INFO] -     MIoU: {'mean': 0.8212198752432102, 'roads': 0.8477385864460744, 'buildings': 0.9180222295619271, 'low veg.': 0.67307571575253, 'trees': 0.8323266584045398, 'cars': 0.8349361860509791, 'clutter': 0.20834895638045245}
[2026-04-15 22:33:41,927][train][INFO] - 
[2026-04-15 22:33:41,927][train][INFO] - Train (epoch 13/100)
[2026-04-15 22:43:42,628][train][INFO] -     Training Loss: 0.13794632571190596
[2026-04-15 22:43:42,628][train][INFO] -     Kappa: 0.8874878893289798
[2026-04-15 22:43:42,628][train][INFO] -     OA: {'total': 91.65192255203243, 'roads': 0.9358999576426853, 'buildings': 0.9721560988886669, 'low veg.': 0.7787533029479349, 'trees': 0.9187868219524854, 'cars': 0.9126024872710641, 'clutter': 0.22281209781209782}
[2026-04-15 22:43:42,628][train][INFO] -     F1: {'mean': 0.9051751755647895, 'roads': 0.9276416011434381, 'buildings': 0.9670607463606481, 'low veg.': 0.8060654913168137, 'trees': 0.9128828921849751, 'cars': 0.9122251468180733, 'clutter': 0.29130297612787887}
[2026-04-15 22:43:42,628][train][INFO] -     MIoU: {'mean': 0.8309496233719091, 'roads': 0.865048105309351, 'buildings': 0.9362222831143319, 'low veg.': 0.6751337577182848, 'trees': 0.8397282000462307, 'cars': 0.8386157706713475, 'clutter': 0.1704825209256524}
[2026-04-15 22:43:42,628][train][INFO] - 
[2026-04-15 22:43:42,628][train][INFO] - Train (epoch 14/100)
[2026-04-15 22:53:46,174][train][INFO] -     Training Loss: 0.13712205746024847
[2026-04-15 22:53:46,175][train][INFO] -     Kappa: 0.8922962703701551
[2026-04-15 22:53:46,175][train][INFO] -     OA: {'total': 92.00359210133685, 'roads': 0.9322861606060322, 'buildings': 0.9815970910281808, 'low veg.': 0.7972491223718525, 'trees': 0.9140815796902175, 'cars': 0.890386542639413, 'clutter': 0.0}
[2026-04-15 22:53:46,175][train][INFO] -     F1: {'mean': 0.9074831709451885, 'roads': 0.9344623549748272, 'buildings': 0.973534163865373, 'low veg.': 0.8081291926680472, 'trees': 0.9117245195489265, 'cars': 0.9095656236687691, 'clutter': 0.0}
[2026-04-15 22:53:46,175][train][INFO] -     MIoU: {'mean': 0.8350710914952458, 'roads': 0.8769867112041368, 'buildings': 0.9484330891434444, 'low veg.': 0.6780342195619964, 'trees': 0.8377699727012418, 'cars': 0.8341314648654098, 'clutter': 0.0}
[2026-04-15 22:53:46,176][train][INFO] - 
[2026-04-15 22:53:46,176][train][INFO] - Train (epoch 15/100)
[2026-04-15 23:04:04,495][train][INFO] -     Training Loss: 0.12992517355084418
[2026-04-15 23:04:04,495][train][INFO] -     Kappa: 0.8882670380596247
[2026-04-15 23:04:04,495][train][INFO] -     OA: {'total': 91.68808115320594, 'roads': 0.9194692742953543, 'buildings': 0.9700583465042163, 'low veg.': 0.8414381732932329, 'trees': 0.8998137844999499, 'cars': 0.9058428674240131, 'clutter': 0.07802445302445303}
[2026-04-15 23:04:04,495][train][INFO] -     F1: {'mean': 0.9072172329830888, 'roads': 0.928529674817682, 'buildings': 0.9659417876195957, 'low veg.': 0.8188057901206962, 'trees': 0.9109494171781828, 'cars': 0.9118594951792872, 'clutter': 0.10945610471676823}
[2026-04-15 23:04:04,495][train][INFO] -     MIoU: {'mean': 0.833676520065324, 'roads': 0.8665939251837762, 'buildings': 0.9341270888376734, 'low veg.': 0.6932016625821109, 'trees': 0.8364619895045095, 'cars': 0.8379979342185497, 'clutter': 0.057896621702280056}
[2026-04-15 23:04:04,495][train][INFO] - 
[2026-04-15 23:04:04,495][train][INFO] - Train (epoch 16/100)
[2026-04-15 23:14:25,082][train][INFO] -     Training Loss: 0.12644557040184737
[2026-04-15 23:14:25,082][train][INFO] -     Kappa: 0.8907416631549747
[2026-04-15 23:14:25,082][train][INFO] -     OA: {'total': 91.89195977412187, 'roads': 0.9344635555375164, 'buildings': 0.9805255334415033, 'low veg.': 0.7824477815558564, 'trees': 0.9175791529698868, 'cars': 0.9084256475446774, 'clutter': 0.0859073359073359}
[2026-04-15 23:14:25,083][train][INFO] -     F1: {'mean': 0.905722757676444, 'roads': 0.93260411836947, 'buildings': 0.9724244574167981, 'low veg.': 0.8051692482656497, 'trees': 0.9115944254555874, 'cars': 0.9068215388747146, 'clutter': 0.12504390586582367}
[2026-04-15 23:14:25,083][train][INFO] -     MIoU: {'mean': 0.8322005945149137, 'roads': 0.8737190525270202, 'buildings': 0.9463289238786662, 'low veg.': 0.6738772391796165, 'trees': 0.837550309164086, 'cars': 0.8295274478251791, 'clutter': 0.06669164481079055}
[2026-04-15 23:14:25,083][train][INFO] - 
[2026-04-15 23:14:25,083][train][INFO] - Train (epoch 17/100)
[2026-04-15 23:24:44,247][train][INFO] -     Training Loss: 0.12113308738172054
[2026-04-15 23:24:44,247][train][INFO] -     Kappa: 0.8888461590775448
[2026-04-15 23:24:44,247][train][INFO] -     OA: {'total': 91.74382943458345, 'roads': 0.92407779175812, 'buildings': 0.9760949166569395, 'low veg.': 0.8033796004423452, 'trees': 0.9145787614165126, 'cars': 0.9130867585436887, 'clutter': 0.0}
[2026-04-15 23:24:44,247][train][INFO] -     F1: {'mean': 0.9048038104539364, 'roads': 0.9277355418737278, 'buildings': 0.9690440382944875, 'low veg.': 0.8107877510093221, 'trees': 0.913215827187681, 'cars': 0.9032358939044635, 'clutter': 0.0}
[2026-04-15 23:24:44,247][train][INFO] -     MIoU: {'mean': 0.8301564252778011, 'roads': 0.8652115015496258, 'buildings': 0.9399470727065742, 'low veg.': 0.6817855699833762, 'trees': 0.840291798531177, 'cars': 0.8235461836182526, 'clutter': 0.0}
[2026-04-15 23:24:44,247][train][INFO] - 
[2026-04-15 23:24:44,247][train][INFO] - Train (epoch 18/100)
[2026-04-15 23:34:49,100][train][INFO] -     Training Loss: 0.11913451270759105
[2026-04-15 23:34:49,100][train][INFO] -     Kappa: 0.8803024210914816
[2026-04-15 23:34:49,100][train][INFO] -     OA: {'total': 91.11020538617211, 'roads': 0.9328190093800117, 'buildings': 0.9504269542003637, 'low veg.': 0.7928694220228683, 'trees': 0.9182869084584635, 'cars': 0.9091116985142288, 'clutter': 0.0}
[2026-04-15 23:34:49,100][train][INFO] -     F1: {'mean': 0.9027713637887682, 'roads': 0.9182425387209154, 'buildings': 0.9586134302762387, 'low veg.': 0.8094739405961836, 'trees': 0.9114123509750065, 'cars': 0.9161145583754969, 'clutter': 0.0}
[2026-04-15 23:34:49,100][train][INFO] -     MIoU: {'mean': 0.8263491458157569, 'roads': 0.8488432680974283, 'buildings': 0.9205164135451843, 'low veg.': 0.6799296279172138, 'trees': 0.8372429650394471, 'cars': 0.8452134544795112, 'clutter': 0.0}
[2026-04-15 23:34:49,100][train][INFO] - 
[2026-04-15 23:34:49,100][train][INFO] - Train (epoch 19/100)
[2026-04-15 23:44:48,616][train][INFO] -     Training Loss: 0.11962155073136091
[2026-04-15 23:44:48,616][train][INFO] -     Kappa: 0.8731983692813056
[2026-04-15 23:44:48,616][train][INFO] -     OA: {'total': 90.57984718012973, 'roads': 0.9029576229116647, 'buildings': 0.9590414584542316, 'low veg.': 0.7847583809612396, 'trees': 0.9237998433786503, 'cars': 0.9112236593420636, 'clutter': 0.32287644787644787}
[2026-04-15 23:44:48,616][train][INFO] -     F1: {'mean': 0.8956270873896124, 'roads': 0.9142213481174815, 'buildings': 0.9546994962286676, 'low veg.': 0.7976415934231299, 'trees': 0.9077838063835862, 'cars': 0.9037891927951968, 'clutter': 0.2254043126684636}
[2026-04-15 23:44:48,616][train][INFO] -     MIoU: {'mean': 0.814864976654661, 'roads': 0.8419960611054641, 'buildings': 0.9133253956964662, 'low veg.': 0.6633975269437553, 'trees': 0.8311393034540558, 'cars': 0.8244665960735629, 'clutter': 0.12701727738750712}
[2026-04-15 23:44:48,617][train][INFO] - 
[2026-04-15 23:44:48,617][train][INFO] - Train (epoch 20/100)
[2026-04-15 23:54:57,732][train][INFO] -     Training Loss: 0.11718037869781256
[2026-04-15 23:54:57,732][train][INFO] -     Kappa: 0.8912723293545287
[2026-04-15 23:54:57,732][train][INFO] -     OA: {'total': 91.92767148394798, 'roads': 0.9357373971378111, 'buildings': 0.9785496705020351, 'low veg.': 0.7916026747418792, 'trees': 0.9141041167739644, 'cars': 0.8969107528400493, 'clutter': 0.2968146718146718}
[2026-04-15 23:54:57,732][train][INFO] -     F1: {'mean': 0.9053584815971181, 'roads': 0.932404266313695, 'buildings': 0.9740641358595699, 'low veg.': 0.8068087733084457, 'trees': 0.9108824689990793, 'cars': 0.9026327635048008, 'clutter': 0.4410710016734401}
[2026-04-15 23:54:57,732][train][INFO] -     MIoU: {'mean': 0.8315756379799449, 'roads': 0.873368295594619, 'buildings': 0.9494395993999875, 'low veg.': 0.6761772591519479, 'trees': 0.8363491019761294, 'cars': 0.8225439337770403, 'clutter': 0.2829320656341052}
[2026-04-15 23:54:57,732][train][INFO] - 
[2026-04-15 23:54:57,732][train][INFO] - Train (epoch 21/100)
[2026-04-16 00:05:21,230][train][INFO] -     Training Loss: 0.1089812489002943
[2026-04-16 00:05:21,230][train][INFO] -     Kappa: 0.8879974593172955
[2026-04-16 00:05:21,230][train][INFO] -     OA: {'total': 91.68961981708567, 'roads': 0.9357430170272242, 'buildings': 0.9762883539153158, 'low veg.': 0.7764895563111713, 'trees': 0.9170567023921179, 'cars': 0.9077597745448186, 'clutter': 0.20672458172458172}
[2026-04-16 00:05:21,230][train][INFO] -     F1: {'mean': 0.9039358150561853, 'roads': 0.9287060515288017, 'buildings': 0.9702627539917074, 'low veg.': 0.8029103811014029, 'trees': 0.9114878774042345, 'cars': 0.9063120112547804, 'clutter': 0.28078225718343713}
[2026-04-16 00:05:21,230][train][INFO] -     MIoU: {'mean': 0.8291817039060423, 'roads': 0.866901239248221, 'buildings': 0.9422430408852994, 'low veg.': 0.6707186900844855, 'trees': 0.8373704421689097, 'cars': 0.8286751071432957, 'clutter': 0.16331977630910016}
[2026-04-16 00:05:21,230][train][INFO] - 
[2026-04-16 00:05:21,230][train][INFO] - Train (epoch 22/100)
[2026-04-16 00:15:40,828][train][INFO] -     Training Loss: 0.1076704100444913
[2026-04-16 00:15:40,829][train][INFO] -     Kappa: 0.8909639772064806
[2026-04-16 00:15:40,829][train][INFO] -     OA: {'total': 91.90385613492724, 'roads': 0.9291816920654447, 'buildings': 0.977460594765171, 'low veg.': 0.7912219959968443, 'trees': 0.9212497382055929, 'cars': 0.9151381854624454, 'clutter': 0.32866795366795365}
[2026-04-16 00:15:40,829][train][INFO] -     F1: {'mean': 0.9067579225836353, 'roads': 0.9319272157322507, 'buildings': 0.9721768524639653, 'low veg.': 0.8079348076540852, 'trees': 0.9119698908767382, 'cars': 0.9097808461911369, 'clutter': 0.3806595863610956}
[2026-04-16 00:15:40,829][train][INFO] -     MIoU: {'mean': 0.8337660341103076, 'roads': 0.8725315628851665, 'buildings': 0.9458600487783639, 'low veg.': 0.6777605896403338, 'trees': 0.8381844245207576, 'cars': 0.8344935447269158, 'clutter': 0.2350707628581291}
[2026-04-16 00:15:40,829][train][INFO] - 
[2026-04-16 00:15:40,829][train][INFO] - Train (epoch 23/100)
[2026-04-16 00:25:49,966][train][INFO] -     Training Loss: 0.10551053566113114
[2026-04-16 00:25:49,967][train][INFO] -     Kappa: 0.8933694184070557
[2026-04-16 00:25:49,967][train][INFO] -     OA: {'total': 92.08119846077044, 'roads': 0.9351920597206915, 'buildings': 0.9776591952678129, 'low veg.': 0.7989465017173607, 'trees': 0.91675643558947, 'cars': 0.9114926989379663, 'clutter': 0.20881595881595882}
[2026-04-16 00:25:49,967][train][INFO] -     F1: {'mean': 0.9079580149135188, 'roads': 0.9344311902163707, 'buildings': 0.9740009534631011, 'low veg.': 0.8114064551162016, 'trees': 0.9122409802144228, 'cars': 0.907710495557498, 'clutter': 0.3129973474801061}
[2026-04-16 00:25:49,967][train][INFO] -     MIoU: {'mean': 0.8357142599579606, 'roads': 0.8769318148549345, 'buildings': 0.949319550296553, 'low veg.': 0.6826609976209553, 'trees': 0.8386425335220358, 'cars': 0.8310164034953242, 'clutter': 0.18553459119496854}
[2026-04-16 00:25:49,967][train][INFO] - 
[2026-04-16 00:25:49,967][train][INFO] - Train (epoch 24/100)
[2026-04-16 00:35:50,021][train][INFO] -     Training Loss: 0.10620861027389765
[2026-04-16 00:35:50,022][train][INFO] -     Kappa: 0.8922865673604837
[2026-04-16 00:35:50,022][train][INFO] -     OA: {'total': 92.00339976835188, 'roads': 0.9291927237002184, 'buildings': 0.977660854882041, 'low veg.': 0.7907197067567894, 'trees': 0.9260943006219324, 'cars': 0.9062464268178669, 'clutter': 0.0}
[2026-04-16 00:35:50,022][train][INFO] -     F1: {'mean': 0.906776891727295, 'roads': 0.93404046089178, 'buildings': 0.9724039408216477, 'low veg.': 0.8102814589818025, 'trees': 0.9120262588306718, 'cars': 0.9051323391105737, 'clutter': 0.0}
[2026-04-16 00:35:50,022][train][INFO] -     MIoU: {'mean': 0.8337176425304229, 'roads': 0.8762438222309983, 'buildings': 0.9462900642098264, 'low veg.': 0.6810698758114156, 'trees': 0.8382796609139186, 'cars': 0.8267047894859555, 'clutter': 0.0}
[2026-04-16 00:35:50,022][train][INFO] - 
[2026-04-16 00:35:50,022][train][INFO] - Train (epoch 25/100)
[2026-04-16 00:45:58,147][train][INFO] -     Training Loss: 0.10064570687711238
[2026-04-16 00:45:58,148][train][INFO] -     Kappa: 0.8896679904237375
[2026-04-16 00:45:58,148][train][INFO] -     OA: {'total': 91.80255322037542, 'roads': 0.9259710700581658, 'buildings': 0.9749993868647435, 'low veg.': 0.8066248436805605, 'trees': 0.914181972154181, 'cars': 0.9100533370998877, 'clutter': 0.0}
[2026-04-16 00:45:58,148][train][INFO] -     F1: {'mean': 0.9055607450739217, 'roads': 0.9309146768841844, 'buildings': 0.9706096753485515, 'low veg.': 0.8101700756537699, 'trees': 0.9109477546731707, 'cars': 0.9051615428099318, 'clutter': 0.0}
[2026-04-16 00:45:58,148][train][INFO] -     MIoU: {'mean': 0.8315561779286273, 'roads': 0.8707580739870816, 'buildings': 0.9428976085210437, 'low veg.': 0.6809125061289157, 'trees': 0.8364591860327062, 'cars': 0.8267535149733894, 'clutter': 0.0}
[2026-04-16 00:45:58,148][train][INFO] - 
[2026-04-16 00:45:58,148][train][INFO] - Train (epoch 26/100)
[2026-04-16 00:56:20,909][train][INFO] -     Training Loss: 0.09708493980020284
[2026-04-16 00:56:20,909][train][INFO] -     Kappa: 0.8915383702286852
[2026-04-16 00:56:20,909][train][INFO] -     OA: {'total': 91.93977149144331, 'roads': 0.9389704987027422, 'buildings': 0.9749401939572708, 'low veg.': 0.8102011568499782, 'trees': 0.9027609065826496, 'cars': 0.922920155773926, 'clutter': 0.0}
[2026-04-16 00:56:20,909][train][INFO] -     F1: {'mean': 0.9062157909479858, 'roads': 0.9326210432174492, 'buildings': 0.9740136775160321, 'low veg.': 0.8101379413569674, 'trees': 0.9107484806742128, 'cars': 0.9035578119752672, 'clutter': 0.0}
[2026-04-16 00:56:20,909][train][INFO] -     MIoU: {'mean': 0.8328328786504999, 'roads': 0.8737487630716382, 'buildings': 0.9493437253216911, 'low veg.': 0.6808671101597119, 'trees': 0.8361232135236659, 'cars': 0.8240815811757923, 'clutter': 0.0}
[2026-04-16 00:56:20,909][train][INFO] - 
[2026-04-16 00:56:20,909][train][INFO] - Train (epoch 27/100)
[2026-04-16 01:06:42,778][train][INFO] -     Training Loss: 0.10055355720967055
[2026-04-16 01:06:42,778][train][INFO] -     Kappa: 0.8851167446457575
[2026-04-16 01:06:42,778][train][INFO] -     OA: {'total': 91.47076750760493, 'roads': 0.9278160589380698, 'buildings': 0.9691437146628945, 'low veg.': 0.7724750319528992, 'trees': 0.9279325526548229, 'cars': 0.9299824451663674, 'clutter': 0.0}
[2026-04-16 01:06:42,778][train][INFO] -     F1: {'mean': 0.8992753127556249, 'roads': 0.9291972742149703, 'buildings': 0.9678947024325293, 'low veg.': 0.7983358027601207, 'trees': 0.9092229184708751, 'cars': 0.8917258658996294, 'clutter': 0.0}
[2026-04-16 01:06:42,778][train][INFO] -     MIoU: {'mean': 0.8216131608691569, 'roads': 0.8677576661319711, 'buildings': 0.9377867788429368, 'low veg.': 0.6643584826724723, 'trees': 0.8335552092791179, 'cars': 0.8046076674192872, 'clutter': 0.0}
[2026-04-16 01:06:42,778][train][INFO] - 
[2026-04-16 01:06:42,778][train][INFO] - Train (epoch 28/100)
[2026-04-16 01:16:52,438][train][INFO] -     Training Loss: 0.09799972570687532
[2026-04-16 01:16:52,438][train][INFO] -     Kappa: 0.8933219020152899
[2026-04-16 01:16:52,438][train][INFO] -     OA: {'total': 92.07456862964162, 'roads': 0.93244101978097, 'buildings': 0.9760685472308691, 'low veg.': 0.8077100364831485, 'trees': 0.91583742339668, 'cars': 0.9153063352098845, 'clutter': 0.00016087516087516087}
[2026-04-16 01:16:52,438][train][INFO] -     F1: {'mean': 0.9080375028507317, 'roads': 0.9345651264836535, 'buildings': 0.973272537448566, 'low veg.': 0.8136877207163012, 'trees': 0.9120694550951249, 'cars': 0.9065926745100129, 'clutter': 0.0003026176426085641}
[2026-04-16 01:16:52,438][train][INFO] -     MIoU: {'mean': 0.8356996504828667, 'roads': 0.8771677647449514, 'buildings': 0.9479365975367683, 'low veg.': 0.6858967364036811, 'trees': 0.8383526497777238, 'cars': 0.8291445039512085, 'clutter': 0.0001513317191283293}
[2026-04-16 01:16:52,438][train][INFO] - 
[2026-04-16 01:16:52,438][train][INFO] - Train (epoch 29/100)
[2026-04-16 01:26:47,643][train][INFO] -     Training Loss: 0.09285367374122143
[2026-04-16 01:26:47,643][train][INFO] -     Kappa: 0.8901315993730036
[2026-04-16 01:26:47,643][train][INFO] -     OA: {'total': 91.84771753072731, 'roads': 0.9297507579045305, 'buildings': 0.9802546475191442, 'low veg.': 0.7783736577198549, 'trees': 0.9239259599887087, 'cars': 0.9133490721496936, 'clutter': 0.006113256113256113}
[2026-04-16 01:26:47,644][train][INFO] -     F1: {'mean': 0.9051067919680564, 'roads': 0.9324576686209847, 'buildings': 0.9718468268766512, 'low veg.': 0.805504499826467, 'trees': 0.9102082703982967, 'cars': 0.9055166941178824, 'clutter': 0.01077555650077981}
[2026-04-16 01:26:47,644][train][INFO] -     MIoU: {'mean': 0.8311207644563401, 'roads': 0.8734620082151375, 'buildings': 0.9452354496211408, 'low veg.': 0.6743470358067029, 'trees': 0.8352130463780995, 'cars': 0.8273462822606195, 'clutter': 0.00541696364932288}
[2026-04-16 01:26:47,644][train][INFO] - 
[2026-04-16 01:26:47,644][train][INFO] - Train (epoch 30/100)
[2026-04-16 01:36:55,288][train][INFO] -     Training Loss: 0.09706702457368374
[2026-04-16 01:36:55,288][train][INFO] -     Kappa: 0.879253671439822
[2026-04-16 01:36:55,288][train][INFO] -     OA: {'total': 91.03394535763329, 'roads': 0.935521551755539, 'buildings': 0.9423971873595667, 'low veg.': 0.7889627279335517, 'trees': 0.9253990657354374, 'cars': 0.8901309550233055, 'clutter': 0.0}
[2026-04-16 01:36:55,288][train][INFO] -     F1: {'mean': 0.8995743500923172, 'roads': 0.9157192922907381, 'buildings': 0.9550566102261886, 'low veg.': 0.8114553990610328, 'trees': 0.9143400051868118, 'cars': 0.9013004436968152, 'clutter': 0.0}
[2026-04-16 01:36:55,288][train][INFO] -     MIoU: {'mean': 0.8207563212812989, 'roads': 0.8445407962900677, 'buildings': 0.9139792830623297, 'low veg.': 0.6827302891452046, 'trees': 0.8421973818277648, 'cars': 0.8203338560811272, 'clutter': 0.0}
[2026-04-16 01:36:55,288][train][INFO] - 
[2026-04-16 01:36:55,288][train][INFO] - Train (epoch 31/100)
[2026-04-16 01:47:10,322][train][INFO] -     Training Loss: 0.09032496243715286
[2026-04-16 01:47:10,322][train][INFO] -     Kappa: 0.8757791773307082
[2026-04-16 01:47:10,322][train][INFO] -     OA: {'total': 90.7758175212521, 'roads': 0.9418468413619698, 'buildings': 0.9452441633672614, 'low veg.': 0.7880549555415457, 'trees': 0.9045611415146741, 'cars': 0.908277675766931, 'clutter': 0.0022522522522522522}
[2026-04-16 01:47:10,322][train][INFO] -     F1: {'mean': 0.8985410011095663, 'roads': 0.9121881685845566, 'buildings': 0.9551416801874132, 'low veg.': 0.804307723357622, 'trees': 0.9125147664286278, 'cars': 0.9085526669896119, 'clutter': 0.004387339392040113}
[2026-04-16 01:47:10,322][train][INFO] -     MIoU: {'mean': 0.8193788441992635, 'roads': 0.8385532701897828, 'buildings': 0.9141351148534034, 'low veg.': 0.672671170559199, 'trees': 0.8391054317416983, 'cars': 0.832429233652234, 'clutter': 0.0021984924623115578}
[2026-04-16 01:47:10,322][train][INFO] - 
[2026-04-16 01:47:10,322][train][INFO] - Train (epoch 32/100)
[2026-04-16 01:57:33,793][train][INFO] -     Training Loss: 0.08847561990097165
[2026-04-16 01:57:33,793][train][INFO] -     Kappa: 0.8741925657606943
[2026-04-16 01:57:33,793][train][INFO] -     OA: {'total': 90.65275269513666, 'roads': 0.9312196304818638, 'buildings': 0.935211795357764, 'low veg.': 0.7951042301848962, 'trees': 0.918593321738497, 'cars': 0.9177882254820853, 'clutter': 0.03297940797940798}
[2026-04-16 01:57:33,793][train][INFO] -     F1: {'mean': 0.897839671806809, 'roads': 0.9109263254126373, 'buildings': 0.9494683161347331, 'low veg.': 0.8095144979627599, 'trees': 0.9129553636828992, 'cars': 0.906333855841016, 'clutter': 0.06253813300793166}
[2026-04-16 01:57:33,793][train][INFO] -     MIoU: {'mean': 0.8177540563514454, 'roads': 0.836423050770901, 'buildings': 0.9037978870292738, 'low veg.': 0.6799868596278269, 'trees': 0.8398508517331774, 'cars': 0.8287116325960475, 'clutter': 0.03227838135726657}
[2026-04-16 01:57:33,793][train][INFO] - 
[2026-04-16 01:57:33,793][train][INFO] - Train (epoch 33/100)
[2026-04-16 02:07:47,132][train][INFO] -     Training Loss: 0.08747627163305878
[2026-04-16 02:07:47,132][train][INFO] -     Kappa: 0.8777156194749979
[2026-04-16 02:07:47,132][train][INFO] -     OA: {'total': 90.91360713442236, 'roads': 0.933130392882306, 'buildings': 0.9407419987693039, 'low veg.': 0.7958097777594041, 'trees': 0.9196489223176317, 'cars': 0.9209023588046571, 'clutter': 0.0}
[2026-04-16 02:07:47,132][train][INFO] -     F1: {'mean': 0.8998416231934382, 'roads': 0.914722058056737, 'buildings': 0.9552469033222375, 'low veg.': 0.8091301204515426, 'trees': 0.9125084083743569, 'cars': 0.9076006257623164, 'clutter': 0.0}
[2026-04-16 02:07:47,132][train][INFO] -     MIoU: {'mean': 0.8213090656772751, 'roads': 0.8428458947749973, 'buildings': 0.9143278984861131, 'low veg.': 0.6794446096481515, 'trees': 0.8390946793531419, 'cars': 0.8308322461239722, 'clutter': 0.0}
[2026-04-16 02:07:47,132][train][INFO] - 
[2026-04-16 02:07:47,132][train][INFO] - Train (epoch 34/100)
[2026-04-16 02:17:46,503][train][INFO] -     Training Loss: 0.08576833198592067
[2026-04-16 02:17:46,503][train][INFO] -     Kappa: 0.8768967264825297
[2026-04-16 02:17:46,503][train][INFO] -     OA: {'total': 90.8504370625662, 'roads': 0.9339754577347891, 'buildings': 0.9398196220615839, 'low veg.': 0.8060095565867758, 'trees': 0.9106443329478505, 'cars': 0.9187903979768223, 'clutter': 0.005952380952380952}
[2026-04-16 02:17:46,503][train][INFO] -     F1: {'mean': 0.8994661375361626, 'roads': 0.9134377876657087, 'buildings': 0.9533929016208509, 'low veg.': 0.8119070295567554, 'trees': 0.9124551142011055, 'cars': 0.906137854636392, 'clutter': 0.011834319526627219}
[2026-04-16 02:17:46,503][train][INFO] -     MIoU: {'mean': 0.8204725944492232, 'roads': 0.8406677291890589, 'buildings': 0.9109367814314882, 'low veg.': 0.6833699464225054, 'trees': 0.8390045561483463, 'cars': 0.8283839590547171, 'clutter': 0.005952380952380952}
[2026-04-16 02:17:46,503][train][INFO] - 
[2026-04-16 02:17:46,503][train][INFO] - Train (epoch 35/100)
[2026-04-16 02:27:50,220][train][INFO] -     Training Loss: 0.08605581454187632
[2026-04-16 02:27:50,220][train][INFO] -     Kappa: 0.8765820905846797
[2026-04-16 02:27:50,220][train][INFO] -     OA: {'total': 90.84067899200545, 'roads': 0.9373211652320338, 'buildings': 0.9437921853191632, 'low veg.': 0.773175411942633, 'trees': 0.9242426173977181, 'cars': 0.8925792153460186, 'clutter': 0.026705276705276705}
[2026-04-16 02:27:50,220][train][INFO] -     F1: {'mean': 0.8975833861099914, 'roads': 0.9143973066981265, 'buildings': 0.9548395919259789, 'low veg.': 0.804526966195266, 'trees': 0.9117778931854867, 'cars': 0.9023751725450997, 'clutter': 0.05202130993418991}
[2026-04-16 02:27:50,221][train][INFO] -     MIoU: {'mean': 0.8177661474943825, 'roads': 0.8422946187771293, 'buildings': 0.9135818622191385, 'low veg.': 0.6729779287741556, 'trees': 0.837860109141211, 'cars': 0.8221162185602775, 'clutter': 0.026705276705276705}
[2026-04-16 02:27:50,221][train][INFO] - 
[2026-04-16 02:27:50,221][train][INFO] - Train (epoch 36/100)
[2026-04-16 02:38:06,550][train][INFO] -     Training Loss: 0.08323700146749616
[2026-04-16 02:38:06,550][train][INFO] -     Kappa: 0.8805548352405954
[2026-04-16 02:38:06,550][train][INFO] -     OA: {'total': 91.12076672978772, 'roads': 0.93062579550055, 'buildings': 0.948233312993839, 'low veg.': 0.8107895725029369, 'trees': 0.9113866908276346, 'cars': 0.9216556696731841, 'clutter': 0.11727799227799228}
[2026-04-16 02:38:06,550][train][INFO] -     F1: {'mean': 0.901236800597226, 'roads': 0.9175564791183051, 'buildings': 0.9580371694020581, 'low veg.': 0.8131001224234629, 'trees': 0.9125006339179433, 'cars': 0.9049895981243602, 'clutter': 0.1755780346820809}
[2026-04-16 02:38:06,550][train][INFO] -     MIoU: {'mean': 0.8235472049508022, 'roads': 0.8476714594502976, 'buildings': 0.919454265803587, 'low veg.': 0.6850620998324521, 'trees': 0.8390815317947424, 'cars': 0.826466667872932, 'clutter': 0.09623762376237624}
[2026-04-16 02:38:06,550][train][INFO] - 
[2026-04-16 02:38:06,550][train][INFO] - Train (epoch 37/100)
[2026-04-16 02:48:29,048][train][INFO] -     Training Loss: 0.08284362253919243
[2026-04-16 02:48:29,049][train][INFO] -     Kappa: 0.8789708315524759
[2026-04-16 02:48:29,049][train][INFO] -     OA: {'total': 91.02280701506278, 'roads': 0.9334022290146564, 'buildings': 0.953744523042545, 'low veg.': 0.7571152474756349, 'trees': 0.9336082554020707, 'cars': 0.9045380253838858, 'clutter': 0.1476833976833977}
[2026-04-16 02:48:29,049][train][INFO] -     F1: {'mean': 0.8986353874919091, 'roads': 0.9197119289235994, 'buildings': 0.9592970195909031, 'low veg.': 0.7993423942052127, 'trees': 0.9096604918281502, 'cars': 0.9051651029116804, 'clutter': 0.235929067077872}
[2026-04-16 02:48:29,049][train][INFO] -     MIoU: {'mean': 0.8199880550532498, 'roads': 0.8513580345353597, 'buildings': 0.9217779113247149, 'low veg.': 0.6657538255263705, 'trees': 0.83429104880677, 'cars': 0.8267594550730339, 'clutter': 0.13374125874125875}
[2026-04-16 02:48:29,049][train][INFO] - 
[2026-04-16 02:48:29,049][train][INFO] - Train (epoch 38/100)
[2026-04-16 02:58:45,189][train][INFO] -     Training Loss: 0.08191019113734364
[2026-04-16 02:58:45,189][train][INFO] -     Kappa: 0.8894559592703606
[2026-04-16 02:58:45,189][train][INFO] -     OA: {'total': 91.78998935097518, 'roads': 0.9288490778698122, 'buildings': 0.9716038161538366, 'low veg.': 0.798566511983629, 'trees': 0.9201476975751008, 'cars': 0.9070333676358818, 'clutter': 0.0}
[2026-04-16 02:58:45,189][train][INFO] -     F1: {'mean': 0.9054465329483824, 'roads': 0.9294167644413472, 'buildings': 0.9692684693726817, 'low veg.': 0.8104180003153558, 'trees': 0.9128770131713728, 'cars': 0.905252417441154, 'clutter': 0.0}
[2026-04-16 02:58:45,189][train][INFO] -     MIoU: {'mean': 0.8312792606646247, 'roads': 0.8681405925027007, 'buildings': 0.9403694760193965, 'low veg.': 0.6812628305826719, 'trees': 0.8397182510457556, 'cars': 0.8269051531725982, 'clutter': 0.0}
[2026-04-16 02:58:45,189][train][INFO] - 
[2026-04-16 02:58:45,190][train][INFO] - Train (epoch 39/100)
[2026-04-16 03:08:46,930][train][INFO] -     Training Loss: 0.08055961906164885
[2026-04-16 03:08:46,930][train][INFO] -     Kappa: 0.8867532331784574
[2026-04-16 03:08:46,931][train][INFO] -     OA: {'total': 91.5936343438829, 'roads': 0.9354593166838906, 'buildings': 0.9642939530849186, 'low veg.': 0.7860044579031319, 'trees': 0.9226472650452108, 'cars': 0.8979936372135569, 'clutter': 0.0}
[2026-04-16 03:08:46,931][train][INFO] -     F1: {'mean': 0.9033620210674226, 'roads': 0.9261592941362665, 'buildings': 0.9657039694524259, 'low veg.': 0.8082791877965783, 'trees': 0.9135991650634036, 'cars': 0.9030684888884379, 'clutter': 0.0}
[2026-04-16 03:08:46,931][train][INFO] -     MIoU: {'mean': 0.8277220926135763, 'roads': 0.8624736323357375, 'buildings': 0.933682370356933, 'low veg.': 0.6782454241963917, 'trees': 0.8409411477640499, 'cars': 0.8232678884147695, 'clutter': 0.0}
[2026-04-16 03:08:46,931][train][INFO] - 
[2026-04-16 03:08:46,931][train][INFO] - Train (epoch 40/100)
[2026-04-16 03:18:45,788][train][INFO] -     Training Loss: 0.07917410431057215
[2026-04-16 03:18:45,788][train][INFO] -     Kappa: 0.882588659632753
[2026-04-16 03:18:45,788][train][INFO] -     OA: {'total': 91.28276767165366, 'roads': 0.9326964125331859, 'buildings': 0.957465009339018, 'low veg.': 0.7892197291496567, 'trees': 0.9189184020979976, 'cars': 0.9141360129677085, 'clutter': 0.0}
[2026-04-16 03:18:45,788][train][INFO] -     F1: {'mean': 0.900986740442062, 'roads': 0.9201585764425355, 'buildings': 0.960073325500803, 'low veg.': 0.809614829016597, 'trees': 0.9140892583662876, 'cars': 0.9009977128840864, 'clutter': 0.0}
[2026-04-16 03:18:45,788][train][INFO] -     MIoU: {'mean': 0.823413840893795, 'roads': 0.852123799262243, 'buildings': 0.9232125197318847, 'low veg.': 0.680128456529542, 'trees': 0.8417720014363927, 'cars': 0.8198324275089125, 'clutter': 0.0}
[2026-04-16 03:18:45,788][train][INFO] - 
[2026-04-16 03:18:45,788][train][INFO] - Train (epoch 41/100)
[2026-04-16 03:28:56,590][train][INFO] -     Training Loss: 0.07742637497559189
[2026-04-16 03:28:56,590][train][INFO] -     Kappa: 0.8840135756406925
[2026-04-16 03:28:56,590][train][INFO] -     OA: {'total': 91.39104548533673, 'roads': 0.9380371807720688, 'buildings': 0.962577911972955, 'low veg.': 0.7860371859400354, 'trees': 0.9139411212995929, 'cars': 0.8929962267196675, 'clutter': 0.0}
[2026-04-16 03:28:56,590][train][INFO] -     F1: {'mean': 0.9013316933563829, 'roads': 0.9220351182360047, 'buildings': 0.9639528424741266, 'low veg.': 0.8071070649521823, 'trees': 0.9130140278387222, 'cars': 0.900549413280879, 'clutter': 0.0}
[2026-04-16 03:28:56,590][train][INFO] -     MIoU: {'mean': 0.8242798024597114, 'roads': 0.8553480116413207, 'buildings': 0.9304140602789633, 'low veg.': 0.6765963995920798, 'trees': 0.8399501476761072, 'cars': 0.8190903931100856, 'clutter': 0.0}
[2026-04-16 03:28:56,590][train][INFO] - 
[2026-04-16 03:28:56,591][train][INFO] - Train (epoch 42/100)
[2026-04-16 03:39:19,274][train][INFO] -     Training Loss: 0.07707467551901936
[2026-04-16 03:39:19,274][train][INFO] -     Kappa: 0.8870229969625392
[2026-04-16 03:39:19,274][train][INFO] -     OA: {'total': 91.61239812362203, 'roads': 0.9325532094251789, 'buildings': 0.9657726693622489, 'low veg.': 0.7874617168094643, 'trees': 0.923559675465994, 'cars': 0.9048675988888665, 'clutter': 0.0}
[2026-04-16 03:39:19,274][train][INFO] -     F1: {'mean': 0.9034360545061638, 'roads': 0.9267980072810408, 'buildings': 0.9668873732045093, 'low veg.': 0.8087239767838496, 'trees': 0.9121102290720949, 'cars': 0.9026606861893244, 'clutter': 0.0}
[2026-04-16 03:39:19,274][train][INFO] -     MIoU: {'mean': 0.8278726652919713, 'roads': 0.8635820782749353, 'buildings': 0.935897353421767, 'low veg.': 0.6788720338721289, 'trees': 0.8384215510125803, 'cars': 0.8225903098784455, 'clutter': 0.0}
[2026-04-16 03:39:19,274][train][INFO] - 
[2026-04-16 03:39:19,275][train][INFO] - Train (epoch 43/100)
[2026-04-16 03:49:35,328][train][INFO] -     Training Loss: 0.07693911854922772
[2026-04-16 03:49:35,329][train][INFO] -     Kappa: 0.8871147244348314
[2026-04-16 03:49:35,329][train][INFO] -     OA: {'total': 91.61096693993979, 'roads': 0.9244114466740142, 'buildings': 0.9680391491932339, 'low veg.': 0.8087866166444461, 'trees': 0.9154659029858221, 'cars': 0.9063876726057157, 'clutter': 0.0}
[2026-04-16 03:49:35,329][train][INFO] -     F1: {'mean': 0.9039271816747348, 'roads': 0.9256968999791254, 'buildings': 0.9680573573465588, 'low veg.': 0.8103310894827811, 'trees': 0.9124066914752018, 'cars': 0.9031438700900067, 'clutter': 0.0}
[2026-04-16 03:49:35,329][train][INFO] -     MIoU: {'mean': 0.8286440178717174, 'roads': 0.8616719992347954, 'buildings': 0.9380922130103921, 'low veg.': 0.68114000653382, 'trees': 0.8389226784714059, 'cars': 0.8233931921081735, 'clutter': 0.0}
[2026-04-16 03:49:35,329][train][INFO] - 
[2026-04-16 03:49:35,329][train][INFO] - Train (epoch 44/100)
[2026-04-16 03:59:43,028][train][INFO] -     Training Loss: 0.07486564249172807
[2026-04-16 03:59:43,028][train][INFO] -     Kappa: 0.8817819750882508
[2026-04-16 03:59:43,028][train][INFO] -     OA: {'total': 91.22360265136676, 'roads': 0.9306083114001538, 'buildings': 0.956025386196841, 'low veg.': 0.7827257976167099, 'trees': 0.925266575000683, 'cars': 0.9029977736973439, 'clutter': 0.0}
[2026-04-16 03:59:43,028][train][INFO] -     F1: {'mean': 0.899852666309742, 'roads': 0.9200754543109495, 'buildings': 0.9610989857015328, 'low veg.': 0.8070717431324647, 'trees': 0.9120643810045698, 'cars': 0.8989527673991938, 'clutter': 0.0}
[2026-04-16 03:59:43,028][train][INFO] -     MIoU: {'mean': 0.8216871591192133, 'roads': 0.8519812407114901, 'buildings': 0.9251112208707668, 'low veg.': 0.6765467566773239, 'trees': 0.8383440757705358, 'cars': 0.8164525015659493, 'clutter': 0.0}
[2026-04-16 03:59:43,028][train][INFO] - 
[2026-04-16 03:59:43,028][train][INFO] - Train (epoch 45/100)
[2026-04-16 04:09:42,747][train][INFO] -     Training Loss: 0.07590160566940904
[2026-04-16 04:09:42,747][train][INFO] -     Kappa: 0.8855631473399914
[2026-04-16 04:09:42,747][train][INFO] -     OA: {'total': 91.50165392224939, 'roads': 0.9331909628015357, 'buildings': 0.9639137170250788, 'low veg.': 0.7957084930978293, 'trees': 0.9151751973702182, 'cars': 0.907107353524755, 'clutter': 0.0}
[2026-04-16 04:09:42,747][train][INFO] -     F1: {'mean': 0.9026383062416532, 'roads': 0.9238309625005268, 'buildings': 0.9649192143091313, 'low veg.': 0.8097732579063129, 'trees': 0.9132387468680959, 'cars': 0.9014293496241984, 'clutter': 0.0}
[2026-04-16 04:09:42,747][train][INFO] -     MIoU: {'mean': 0.8263781186705585, 'roads': 0.8584441015391868, 'buildings': 0.9322163329165581, 'low veg.': 0.6803520953342626, 'trees': 0.8403306100914631, 'cars': 0.8205474534713223, 'clutter': 0.0}
[2026-04-16 04:09:42,747][train][INFO] - 
[2026-04-16 04:09:42,747][train][INFO] - Train (epoch 46/100)
[2026-04-16 04:19:51,681][train][INFO] -     Training Loss: 0.07260147298872471
[2026-04-16 04:19:51,682][train][INFO] -     Kappa: 0.8872645669916756
[2026-04-16 04:19:51,682][train][INFO] -     OA: {'total': 91.63276279261837, 'roads': 0.9312202549140209, 'buildings': 0.9700310550702413, 'low veg.': 0.7840142487537508, 'trees': 0.9227342263178503, 'cars': 0.9085265373931408, 'clutter': 0.0}
[2026-04-16 04:19:51,682][train][INFO] -     F1: {'mean': 0.9029283545436841, 'roads': 0.9262491771735015, 'buildings': 0.9669497307833421, 'low veg.': 0.8080364576953325, 'trees': 0.9134300596202213, 'cars': 0.8999763474460238, 'clutter': 0.0}
[2026-04-16 04:19:51,682][train][INFO] -     MIoU: {'mean': 0.8270689555825921, 'roads': 0.8626295388862013, 'buildings': 0.9360142091793476, 'low veg.': 0.6779036682053128, 'trees': 0.8406546377502018, 'cars': 0.8181427238918971, 'clutter': 0.0}
[2026-04-16 04:19:51,682][train][INFO] - 
[2026-04-16 04:19:51,682][train][INFO] - Train (epoch 47/100)
[2026-04-16 04:30:08,621][train][INFO] -     Training Loss: 0.0722199634835124
[2026-04-16 04:30:08,622][train][INFO] -     Kappa: 0.8824997098295672
[2026-04-16 04:30:08,622][train][INFO] -     OA: {'total': 91.27707687803968, 'roads': 0.9349087756654626, 'buildings': 0.9568325119164912, 'low veg.': 0.7823716458068495, 'trees': 0.9217790182026789, 'cars': 0.9081297039891846, 'clutter': 0.0}
[2026-04-16 04:30:08,622][train][INFO] -     F1: {'mean': 0.9002047162176069, 'roads': 0.9213184433813844, 'buildings': 0.9621503830724939, 'low veg.': 0.8068610607834091, 'trees': 0.9116525432314906, 'cars': 0.8990411506192569, 'clutter': 0.0}
[2026-04-16 04:30:08,622][train][INFO] -     MIoU: {'mean': 0.8223348510417807, 'roads': 0.8541153204375502, 'buildings': 0.9270614618723709, 'low veg.': 0.6762507150367502, 'trees': 0.8376484343872531, 'cars': 0.8165983234749792, 'clutter': 0.0}
[2026-04-16 04:30:08,622][train][INFO] - 
[2026-04-16 04:30:08,622][train][INFO] - Train (epoch 48/100)
[2026-04-16 04:40:27,864][train][INFO] -     Training Loss: 0.07179717871174217
[2026-04-16 04:40:27,864][train][INFO] -     Kappa: 0.886343332967305
[2026-04-16 04:40:27,865][train][INFO] -     OA: {'total': 91.56503329764801, 'roads': 0.9351360689706132, 'buildings': 0.9656059703331049, 'low veg.': 0.7810666583985311, 'trees': 0.9231979438894908, 'cars': 0.9067105201207988, 'clutter': 0.0}
[2026-04-16 04:40:27,865][train][INFO] -     F1: {'mean': 0.9030046041657205, 'roads': 0.9249369305270249, 'buildings': 0.9656622403405284, 'low veg.': 0.8073080426355899, 'trees': 0.9140224713124628, 'cars': 0.9030933360129964, 'clutter': 0.0}
[2026-04-16 04:40:27,865][train][INFO] -     MIoU: {'mean': 0.8271614340310343, 'roads': 0.8603559705389693, 'buildings': 0.9336043582692439, 'low veg.': 0.6768789188614679, 'trees': 0.841658733415146, 'cars': 0.8233091890703441, 'clutter': 0.0}
[2026-04-16 04:40:27,865][train][INFO] - 
[2026-04-16 04:40:27,865][train][INFO] - Train (epoch 49/100)
[2026-04-16 04:50:35,486][train][INFO] -     Training Loss: 0.07123978155478836
[2026-04-16 04:50:35,486][train][INFO] -     Kappa: 0.8913257237938432
[2026-04-16 04:50:35,486][train][INFO] -     OA: {'total': 91.93018312645752, 'roads': 0.9282858400641917, 'buildings': 0.974328349511806, 'low veg.': 0.7985527317575645, 'trees': 0.9232837669255776, 'cars': 0.8999845302232357, 'clutter': 0.004182754182754183}
[2026-04-16 04:50:35,486][train][INFO] -     F1: {'mean': 0.9059868884622052, 'roads': 0.931012487854348, 'buildings': 0.9704253155052989, 'low veg.': 0.8125743285605889, 'trees': 0.913759390178813, 'cars': 0.902162920211977, 'clutter': 0.008290816326530613}
[2026-04-16 04:50:35,486][train][INFO] -     MIoU: {'mean': 0.8321543067818485, 'roads': 0.8709292459232165, 'buildings': 0.9425497053490278, 'low veg.': 0.6843159518149687, 'trees': 0.8412126944224934, 'cars': 0.8217639363995357, 'clutter': 0.004162664105027218}
[2026-04-16 04:50:35,486][train][INFO] - 
[2026-04-16 04:50:35,486][train][INFO] - Train (epoch 50/100)
[2026-04-16 05:00:32,560][train][INFO] -     Training Loss: 0.07102954725176096
[2026-04-16 05:00:32,560][train][INFO] -     Kappa: 0.8888841162542281
[2026-04-16 05:00:32,560][train][INFO] -     OA: {'total': 91.74805510340019, 'roads': 0.9316715112194848, 'buildings': 0.9701647462164023, 'low veg.': 0.799669619080101, 'trees': 0.9166385142825922, 'cars': 0.9006033212938114, 'clutter': 0.0}
[2026-04-16 05:00:32,560][train][INFO] -     F1: {'mean': 0.9050247567760717, 'roads': 0.9292165466971749, 'buildings': 0.9681680474762202, 'low veg.': 0.8113302678459549, 'trees': 0.9121777773146303, 'cars': 0.9042311445463785, 'clutter': 0.0}
[2026-04-16 05:00:32,560][train][INFO] -     MIoU: {'mean': 0.8304765423373549, 'roads': 0.8677912829442892, 'buildings': 0.938300122523011, 'low veg.': 0.6825531481950874, 'trees': 0.8385357076663245, 'cars': 0.8252024503580628, 'clutter': 0.0}
[2026-04-16 05:00:32,560][train][INFO] - 
[2026-04-16 05:00:32,560][train][INFO] - Train (epoch 51/100)
[2026-04-16 05:10:43,524][train][INFO] -     Training Loss: 0.06952513872087002
[2026-04-16 05:10:43,524][train][INFO] -     Kappa: 0.8841017821121346
[2026-04-16 05:10:43,524][train][INFO] -     OA: {'total': 91.39883497122783, 'roads': 0.937280368997776, 'buildings': 0.9616256622091273, 'low veg.': 0.7762828529202022, 'trees': 0.9222145075078083, 'cars': 0.9074436530196331, 'clutter': 0.0}
[2026-04-16 05:10:43,524][train][INFO] -     F1: {'mean': 0.9017411978097749, 'roads': 0.9234374517765259, 'buildings': 0.9646333447310818, 'low veg.': 0.804514774719161, 'trees': 0.9120000882493512, 'cars': 0.904120329572755, 'clutter': 0.0}
[2026-04-16 05:10:43,524][train][INFO] -     MIoU: {'mean': 0.8251323659918572, 'roads': 0.8577647934161997, 'buildings': 0.9316828389461076, 'low veg.': 0.6729608678603011, 'trees': 0.8382354432197475, 'cars': 0.8250178865169295, 'clutter': 0.0}
[2026-04-16 05:10:43,524][train][INFO] - 
[2026-04-16 05:10:43,524][train][INFO] - Train (epoch 52/100)
[2026-04-16 05:21:02,183][train][INFO] -     Training Loss: 0.06890022445842624
[2026-04-16 05:21:02,183][train][INFO] -     Kappa: 0.8868487627427579
[2026-04-16 05:21:02,183][train][INFO] -     OA: {'total': 91.60051307652165, 'roads': 0.9351839421026504, 'buildings': 0.9685704101478403, 'low veg.': 0.7868591764247892, 'trees': 0.9168270062557481, 'cars': 0.9143646966242257, 'clutter': 0.0}
[2026-04-16 05:21:02,183][train][INFO] -     F1: {'mean': 0.903333617011338, 'roads': 0.925393029921652, 'buildings': 0.9671406402251976, 'low veg.': 0.807379740920078, 'trees': 0.9134716393255409, 'cars': 0.9032830346642216, 'clutter': 0.0}
[2026-04-16 05:21:02,183][train][INFO] -     MIoU: {'mean': 0.8277693989928409, 'roads': 0.8611455682761698, 'buildings': 0.9363720540191128, 'low veg.': 0.6769797299460201, 'trees': 0.8407250766639042, 'cars': 0.8236245660589978, 'clutter': 0.0}
[2026-04-16 05:21:02,184][train][INFO] - 
[2026-04-16 05:21:02,184][train][INFO] - Train (epoch 53/100)
[2026-04-16 05:31:24,742][train][INFO] -     Training Loss: 0.06820041565224529
[2026-04-16 05:31:24,743][train][INFO] -     Kappa: 0.885862205339206
[2026-04-16 05:31:24,743][train][INFO] -     OA: {'total': 91.52314430489304, 'roads': 0.9332586096185448, 'buildings': 0.962759363128572, 'low veg.': 0.796757168301346, 'trees': 0.9168024203462061, 'cars': 0.9040268501516711, 'clutter': 0.0}
[2026-04-16 05:31:24,743][train][INFO] -     F1: {'mean': 0.9027914486237091, 'roads': 0.9251408458623365, 'buildings': 0.9646823426679701, 'low veg.': 0.8100513752367716, 'trees': 0.9129046469404902, 'cars': 0.901178032410977, 'clutter': 0.0}
[2026-04-16 05:31:24,743][train][INFO] -     MIoU: {'mean': 0.8266248155651787, 'roads': 0.8607089052561098, 'buildings': 0.9317742586887933, 'low veg.': 0.6807448308097778, 'trees': 0.8397650163541044, 'cars': 0.8201310667171082, 'clutter': 0.0}
[2026-04-16 05:31:24,743][train][INFO] - 
[2026-04-16 05:31:24,743][train][INFO] - Train (epoch 54/100)
[2026-04-16 05:41:42,468][train][INFO] -     Training Loss: 0.06743531060218812
[2026-04-16 05:41:42,468][train][INFO] -     Kappa: 0.8876803034820633
[2026-04-16 05:41:42,469][train][INFO] -     OA: {'total': 91.6593443425111, 'roads': 0.9302359416905251, 'buildings': 0.9662941570330671, 'low veg.': 0.7963444505307109, 'trees': 0.921472832569956, 'cars': 0.9047801610201981, 'clutter': 0.0}
[2026-04-16 05:41:42,469][train][INFO] -     F1: {'mean': 0.904386906513348, 'roads': 0.926308971533655, 'buildings': 0.9659200218984257, 'low veg.': 0.8115612768951411, 'trees': 0.9142183126704148, 'cars': 0.9039259495691031, 'clutter': 0.0}
[2026-04-16 05:41:42,469][train][INFO] -     MIoU: {'mean': 0.8292769994418944, 'roads': 0.862733269604376, 'buildings': 0.9340863785717227, 'low veg.': 0.6828802033435046, 'trees': 0.8419909115605732, 'cars': 0.8246942341292953, 'clutter': 0.0}
[2026-04-16 05:41:42,469][train][INFO] - 
[2026-04-16 05:41:42,469][train][INFO] - Train (epoch 55/100)
[2026-04-16 05:51:36,284][train][INFO] -     Training Loss: 0.06756170718371868
[2026-04-16 05:51:36,284][train][INFO] -     Kappa: 0.8888900616454618
[2026-04-16 05:51:36,284][train][INFO] -     OA: {'total': 91.75101363725716, 'roads': 0.9286752775861118, 'buildings': 0.9725750592804983, 'low veg.': 0.7885155595977552, 'trees': 0.9238977317221975, 'cars': 0.916315233694519, 'clutter': 0.0}
[2026-04-16 05:51:36,284][train][INFO] -     F1: {'mean': 0.9048158803662723, 'roads': 0.9289345628920447, 'buildings': 0.9692988400791616, 'low veg.': 0.808330975969724, 'trees': 0.9123832743487671, 'cars': 0.9051317485416639, 'clutter': 0.0}
[2026-04-16 05:51:36,284][train][INFO] -     MIoU: {'mean': 0.8303262881124726, 'roads': 0.8672995418471477, 'buildings': 0.9404266510708179, 'low veg.': 0.6783183582601768, 'trees': 0.838883085217781, 'cars': 0.8267038041664391, 'clutter': 0.0}
[2026-04-16 05:51:36,284][train][INFO] - 
[2026-04-16 05:51:36,284][train][INFO] - Train (epoch 56/100)
[2026-04-16 06:01:40,454][train][INFO] -     Training Loss: 0.0660787295140326
[2026-04-16 06:01:40,454][train][INFO] -     Kappa: 0.8873928501110847
[2026-04-16 06:01:40,454][train][INFO] -     OA: {'total': 91.63517826863544, 'roads': 0.9303957963227191, 'buildings': 0.9668099282548769, 'low veg.': 0.8041630062941183, 'trees': 0.9141510121199428, 'cars': 0.9157502505431236, 'clutter': 0.0}
[2026-04-16 06:01:40,454][train][INFO] -     F1: {'mean': 0.9045037911078835, 'roads': 0.926476888552563, 'buildings': 0.9658906934055107, 'low veg.': 0.81278858235412, 'trees': 0.9127891303053158, 'cars': 0.9045736609219076, 'clutter': 0.0}
[2026-04-16 06:01:40,454][train][INFO] -     MIoU: {'mean': 0.8294037535581259, 'roads': 0.8630246323280264, 'buildings': 0.9340315257256171, 'low veg.': 0.6846199171212465, 'trees': 0.8395695405084108, 'cars': 0.8257731521073285, 'clutter': 0.0}
[2026-04-16 06:01:40,454][train][INFO] - 
[2026-04-16 06:01:40,454][train][INFO] - Train (epoch 57/100)
[2026-04-16 06:11:52,862][train][INFO] -     Training Loss: 0.06571392444521189
[2026-04-16 06:11:52,863][train][INFO] -     Kappa: 0.8818013933812311
[2026-04-16 06:11:52,863][train][INFO] -     OA: {'total': 91.2184322881827, 'roads': 0.9244453741545449, 'buildings': 0.9553220785672439, 'low veg.': 0.7956585397783451, 'trees': 0.9236821497190832, 'cars': 0.9159722082097432, 'clutter': 0.0}
[2026-04-16 06:11:52,863][train][INFO] -     F1: {'mean': 0.9010979032585997, 'roads': 0.9200421845655532, 'buildings': 0.9612443445966407, 'low veg.': 0.8080961962132355, 'trees': 0.91201066132851, 'cars': 0.9040961295890593, 'clutter': 0.0}
[2026-04-16 06:11:52,863][train][INFO] -     MIoU: {'mean': 0.8237046917002759, 'roads': 0.8519241876086036, 'buildings': 0.9253806124630721, 'low veg.': 0.6779877651584426, 'trees': 0.8382533071896991, 'cars': 0.8249775860815625, 'clutter': 0.0}
[2026-04-16 06:11:52,863][train][INFO] - 
[2026-04-16 06:11:52,863][train][INFO] - Train (epoch 58/100)
[2026-04-16 06:22:11,704][train][INFO] -     Training Loss: 0.06486064732447266
[2026-04-16 06:22:11,704][train][INFO] -     Kappa: 0.884735931979805
[2026-04-16 06:22:11,704][train][INFO] -     OA: {'total': 91.44162340353016, 'roads': 0.9339211321371295, 'buildings': 0.960545068944985, 'low veg.': 0.789383369334174, 'trees': 0.9203769384168495, 'cars': 0.9048070649797884, 'clutter': 0.0}
[2026-04-16 06:22:11,704][train][INFO] -     F1: {'mean': 0.9021209269914106, 'roads': 0.9227857369085667, 'buildings': 0.9640363795693656, 'low veg.': 0.8084910666777695, 'trees': 0.91356238477361, 'cars': 0.9017290670277408, 'clutter': 0.0}
[2026-04-16 06:22:11,704][train][INFO] -     MIoU: {'mean': 0.8255355058426114, 'roads': 0.8566408453043673, 'buildings': 0.9305697232578788, 'low veg.': 0.6785438565059604, 'trees': 0.8408788244902985, 'cars': 0.8210442796545515, 'clutter': 0.0}
[2026-04-16 06:22:11,704][train][INFO] - 
[2026-04-16 06:22:11,704][train][INFO] - Train (epoch 59/100)
[2026-04-16 06:32:23,427][train][INFO] -     Training Loss: 0.06453420386463404
[2026-04-16 06:32:23,427][train][INFO] -     Kappa: 0.8862044599036702
[2026-04-16 06:32:23,427][train][INFO] -     OA: {'total': 91.54741785896618, 'roads': 0.9304055790931788, 'buildings': 0.9652554229277919, 'low veg.': 0.8007052030688564, 'trees': 0.9151986450432075, 'cars': 0.9043429716768565, 'clutter': 0.0}
[2026-04-16 06:32:23,427][train][INFO] -     F1: {'mean': 0.9034517387434079, 'roads': 0.9252054490570787, 'buildings': 0.9656572349961688, 'low veg.': 0.8102187580014338, 'trees': 0.9126546862778461, 'cars': 0.903522565384512, 'clutter': 0.0}
[2026-04-16 06:32:23,427][train][INFO] -     MIoU: {'mean': 0.8277524133919778, 'roads': 0.860820747784209, 'buildings': 0.9335950012591736, 'low veg.': 0.6809812841228254, 'trees': 0.8393420882586835, 'cars': 0.8240229455349974, 'clutter': 0.0}
[2026-04-16 06:32:23,427][train][INFO] - 
[2026-04-16 06:32:23,427][train][INFO] - Train (epoch 60/100)
[2026-04-16 06:42:22,584][train][INFO] -     Training Loss: 0.06432748649269343
[2026-04-16 06:42:22,584][train][INFO] -     Kappa: 0.884507014539224
[2026-04-16 06:42:22,585][train][INFO] -     OA: {'total': 91.43073396246962, 'roads': 0.9389078473429892, 'buildings': 0.9620573463100414, 'low veg.': 0.7721250142108581, 'trees': 0.9239261876360193, 'cars': 0.9076387067266625, 'clutter': 0.0}
[2026-04-16 06:42:22,585][train][INFO] -     F1: {'mean': 0.9012129078141848, 'roads': 0.9229103806180587, 'buildings': 0.9648282969223962, 'low veg.': 0.804384816119746, 'trees': 0.9134342204571846, 'cars': 0.9005068249535383, 'clutter': 0.0}
[2026-04-16 06:42:22,585][train][INFO] -     MIoU: {'mean': 0.8242725943748026, 'roads': 0.8568557007797047, 'buildings': 0.9320466296112287, 'low veg.': 0.6727790236898736, 'trees': 0.8406616862547632, 'cars': 0.8190199315384429, 'clutter': 0.0}
[2026-04-16 06:42:22,585][train][INFO] - 
[2026-04-16 06:42:22,585][train][INFO] - Train (epoch 61/100)
[2026-04-16 06:52:23,118][train][INFO] -     Training Loss: 0.0637178098205477
[2026-04-16 06:52:23,118][train][INFO] -     Kappa: 0.8871003387500241
[2026-04-16 06:52:23,118][train][INFO] -     OA: {'total': 91.61983122780569, 'roads': 0.9310287623858721, 'buildings': 0.9661257983896947, 'low veg.': 0.7843198252667335, 'trees': 0.9270811517132737, 'cars': 0.9073831191105551, 'clutter': 0.0}
[2026-04-16 06:52:23,118][train][INFO] -     F1: {'mean': 0.9033502328840356, 'roads': 0.9259711928482679, 'buildings': 0.9663451571421299, 'low veg.': 0.809472880658685, 'trees': 0.9130807165286097, 'cars': 0.9018812172424858, 'clutter': 0.0}
[2026-04-16 06:52:23,118][train][INFO] -     MIoU: {'mean': 0.8276634134940257, 'roads': 0.8621474458435568, 'buildings': 0.9348818552142212, 'low veg.': 0.6799281322600559, 'trees': 0.8400630390993, 'cars': 0.8212965950529949, 'clutter': 0.0}
[2026-04-16 06:52:23,119][train][INFO] - 
[2026-04-16 06:52:23,119][train][INFO] - Train (epoch 62/100)
[2026-04-16 07:02:36,867][train][INFO] -     Training Loss: 0.06293030359223485
[2026-04-16 07:02:36,867][train][INFO] -     Kappa: 0.8864340043278537
[2026-04-16 07:02:36,867][train][INFO] -     OA: {'total': 91.5729076363266, 'roads': 0.9337598204965692, 'buildings': 0.9668427517362792, 'low veg.': 0.7767090064112502, 'trees': 0.926623352971708, 'cars': 0.8993052052435817, 'clutter': 0.0}
[2026-04-16 07:02:36,868][train][INFO] -     F1: {'mean': 0.9026937923850111, 'roads': 0.9258342676208868, 'buildings': 0.9669185297911194, 'low veg.': 0.8059470094794964, 'trees': 0.9124872332660511, 'cars': 0.9022819217675024, 'clutter': 0.0}
[2026-04-16 07:02:36,868][train][INFO] -     MIoU: {'mean': 0.826770730782162, 'roads': 0.8619100756177589, 'buildings': 0.9359557379299585, 'low veg.': 0.6749675398645192, 'trees': 0.8390588700916682, 'cars': 0.821961430406905, 'clutter': 0.0}
[2026-04-16 07:02:36,868][train][INFO] - 
[2026-04-16 07:02:36,868][train][INFO] - Train (epoch 63/100)
[2026-04-16 07:12:55,643][train][INFO] -     Training Loss: 0.06275520947203041
[2026-04-16 07:12:55,643][train][INFO] -     Kappa: 0.8844643665853041
[2026-04-16 07:12:55,643][train][INFO] -     OA: {'total': 91.42191492942369, 'roads': 0.9315133217397096, 'buildings': 0.962625671982411, 'low veg.': 0.7863462075095342, 'trees': 0.9212005663865087, 'cars': 0.9182523187850172, 'clutter': 0.0}
[2026-04-16 07:12:55,643][train][INFO] -     F1: {'mean': 0.902183879131399, 'roads': 0.9231196999948124, 'buildings': 0.9643843613336824, 'low veg.': 0.8072641697446272, 'trees': 0.9124622195043416, 'cars': 0.9036889450795311, 'clutter': 0.0}
[2026-04-16 07:12:55,643][train][INFO] -     MIoU: {'mean': 0.8257137249300704, 'roads': 0.8572166284315587, 'buildings': 0.9312184224792436, 'low veg.': 0.6768172375368203, 'trees': 0.8390165710734904, 'cars': 0.8242997651292393, 'clutter': 0.0}
[2026-04-16 07:12:55,643][train][INFO] - 
[2026-04-16 07:12:55,643][train][INFO] - Train (epoch 64/100)
[2026-04-16 07:23:08,374][train][INFO] -     Training Loss: 0.06232896514609456
[2026-04-16 07:23:08,374][train][INFO] -     Kappa: 0.8883417297357231
[2026-04-16 07:23:08,374][train][INFO] -     OA: {'total': 91.71296564734898, 'roads': 0.9354530723623206, 'buildings': 0.9698359581976368, 'low veg.': 0.7853271597920564, 'trees': 0.920885730155984, 'cars': 0.9032062793841684, 'clutter': 0.0}
[2026-04-16 07:23:08,374][train][INFO] -     F1: {'mean': 0.9040144079407003, 'roads': 0.9272092757691975, 'buildings': 0.9679810149891255, 'low veg.': 0.808984158534956, 'trees': 0.9136774136426303, 'cars': 0.9022201767675919, 'clutter': 0.0}
[2026-04-16 07:23:08,374][train][INFO] -     MIoU: {'mean': 0.8288833694502076, 'roads': 0.8642965070694588, 'buildings': 0.9379488449807207, 'low veg.': 0.6792387895864098, 'trees': 0.8410737520485063, 'cars': 0.8218589535659422, 'clutter': 0.0}
[2026-04-16 07:23:08,374][train][INFO] - 
[2026-04-16 07:23:08,374][train][INFO] - Train (epoch 65/100)
[2026-04-16 07:33:06,326][train][INFO] -     Training Loss: 0.06145780759304762
[2026-04-16 07:33:06,326][train][INFO] -     Kappa: 0.8888774623560765
[2026-04-16 07:33:06,326][train][INFO] -     OA: {'total': 91.75032350125228, 'roads': 0.9326518697059861, 'buildings': 0.9702228327143895, 'low veg.': 0.7896217672450917, 'trees': 0.9218944353891403, 'cars': 0.9102954727361999, 'clutter': 0.0020913770913770914}
[2026-04-16 07:33:06,326][train][INFO] -     F1: {'mean': 0.9047845977544491, 'roads': 0.928054447186457, 'buildings': 0.9685253517679817, 'low veg.': 0.8093293585602541, 'trees': 0.9137124865653279, 'cars': 0.9043013446922241, 'clutter': 0.003971891231286282}
[2026-04-16 07:33:06,326][train][INFO] -     MIoU: {'mean': 0.8301832352725859, 'roads': 0.8657664046001086, 'buildings': 0.9389715524546011, 'low veg.': 0.6797256356145827, 'trees': 0.8411331947251341, 'cars': 0.8253193889685032, 'clutter': 0.0019898974437471298}
[2026-04-16 07:33:06,326][train][INFO] - 
[2026-04-16 07:33:06,326][train][INFO] - Train (epoch 66/100)
[2026-04-16 07:43:07,664][train][INFO] -     Training Loss: 0.06117714109644294
[2026-04-16 07:43:07,664][train][INFO] -     Kappa: 0.8893960113150171
[2026-04-16 07:43:07,664][train][INFO] -     OA: {'total': 91.78616531868586, 'roads': 0.9297965495960444, 'buildings': 0.9704750940770765, 'low veg.': 0.7978375380248113, 'trees': 0.9206551234303718, 'cars': 0.912279639755981, 'clutter': 0.0}
[2026-04-16 07:43:07,664][train][INFO] -     F1: {'mean': 0.9049537884180581, 'roads': 0.9283888063346253, 'buildings': 0.9683209472805114, 'low veg.': 0.8118744683435561, 'trees': 0.9139693418609962, 'cars': 0.9022153782706014, 'clutter': 0.0}
[2026-04-16 07:43:07,664][train][INFO] -     MIoU: {'mean': 0.8303358762448584, 'roads': 0.8663485523691977, 'buildings': 0.9385873879362325, 'low veg.': 0.6833238127722654, 'trees': 0.841568638059585, 'cars': 0.8218509900870113, 'clutter': 0.0}
[2026-04-16 07:43:07,664][train][INFO] - 
[2026-04-16 07:43:07,664][train][INFO] - Train (epoch 67/100)
[2026-04-16 07:53:22,992][train][INFO] -     Training Loss: 0.0603082873262465
[2026-04-16 07:53:22,992][train][INFO] -     Kappa: 0.8871324761322362
[2026-04-16 07:53:22,992][train][INFO] -     OA: {'total': 91.62241640939773, 'roads': 0.9326978695415523, 'buildings': 0.9653693831047953, 'low veg.': 0.7820564231356215, 'trees': 0.9274613227219334, 'cars': 0.9170685445630461, 'clutter': 0.0}
[2026-04-16 07:53:22,992][train][INFO] -     F1: {'mean': 0.9033891247271679, 'roads': 0.9257646044311708, 'buildings': 0.9663422389068733, 'low veg.': 0.8090088934267758, 'trees': 0.913568724989828, 'cars': 0.9022611618811914, 'clutter': 0.0}
[2026-04-16 07:53:22,992][train][INFO] -     MIoU: {'mean': 0.8277511863099795, 'roads': 0.8617893324404563, 'buildings': 0.9348763926320595, 'low veg.': 0.679273664565384, 'trees': 0.8408895675258193, 'cars': 0.8219269743861786, 'clutter': 0.0}
[2026-04-16 07:53:22,992][train][INFO] - 
[2026-04-16 07:53:22,992][train][INFO] - Train (epoch 68/100)
[2026-04-16 08:03:43,817][train][INFO] -     Training Loss: 0.06006639472767711
[2026-04-16 08:03:43,819][train][INFO] -     Kappa: 0.8857123325263778
[2026-04-16 08:03:43,819][train][INFO] -     OA: {'total': 91.51648618950173, 'roads': 0.9304382577093955, 'buildings': 0.9645239018563154, 'low veg.': 0.7824712079401662, 'trees': 0.9266190276728071, 'cars': 0.9117617385338688, 'clutter': 0.0}
[2026-04-16 08:03:43,819][train][INFO] -     F1: {'mean': 0.9024389899669336, 'roads': 0.9242714652573598, 'buildings': 0.9654427103617603, 'low veg.': 0.8076590253381223, 'trees': 0.9130975650709166, 'cars': 0.9017241838065083, 'clutter': 0.0}
[2026-04-16 08:03:43,819][train][INFO] -     MIoU: {'mean': 0.8261798902832282, 'roads': 0.8592051204428491, 'buildings': 0.9331940531774252, 'low veg.': 0.6773725322717832, 'trees': 0.8400915627081955, 'cars': 0.821036182815888, 'clutter': 0.0}
[2026-04-16 08:03:43,819][train][INFO] - 
[2026-04-16 08:03:43,819][train][INFO] - Train (epoch 69/100)
[2026-04-16 08:13:57,214][train][INFO] -     Training Loss: 0.06037942887097597
[2026-04-16 08:13:57,214][train][INFO] -     Kappa: 0.8855875681942454
[2026-04-16 08:13:57,214][train][INFO] -     OA: {'total': 91.5037978693465, 'roads': 0.9357790259482783, 'buildings': 0.9606488870350384, 'low veg.': 0.7953632984349108, 'trees': 0.9169966035021262, 'cars': 0.8980339931529423, 'clutter': 0.0}
[2026-04-16 08:13:57,214][train][INFO] -     F1: {'mean': 0.9027201822734338, 'roads': 0.9231984245872806, 'buildings': 0.9642564826424327, 'low veg.': 0.8104972091544719, 'trees': 0.9143746839074981, 'cars': 0.9012741110754847, 'clutter': 0.0}
[2026-04-16 08:13:57,214][train][INFO] -     MIoU: {'mean': 0.8264507270368464, 'roads': 0.85735240889988, 'buildings': 0.9309799834446317, 'low veg.': 0.6813747856601079, 'trees': 0.842256228141964, 'cars': 0.8202902290376487, 'clutter': 0.0}
[2026-04-16 08:13:57,214][train][INFO] - 
[2026-04-16 08:13:57,214][train][INFO] - Train (epoch 70/100)
[2026-04-16 08:23:56,112][train][INFO] -     Training Loss: 0.05963356953859329
[2026-04-16 08:23:56,112][train][INFO] -     Kappa: 0.884907038980707
[2026-04-16 08:23:56,112][train][INFO] -     OA: {'total': 91.4575474433148, 'roads': 0.936767085764716, 'buildings': 0.9620942266262237, 'low veg.': 0.7801423497352474, 'trees': 0.9220178202314718, 'cars': 0.9072082433732185, 'clutter': 0.0}
[2026-04-16 08:23:56,112][train][INFO] -     F1: {'mean': 0.9021995872863661, 'roads': 0.9234150079193308, 'buildings': 0.9650965015851606, 'low veg.': 0.8060498758993426, 'trees': 0.9130713934191367, 'cars': 0.9033651576088595, 'clutter': 0.0}
[2026-04-16 08:23:56,112][train][INFO] -     MIoU: {'mean': 0.8258387273520789, 'roads': 0.8577260640933575, 'buildings': 0.9325473370835037, 'low veg.': 0.6751118490033238, 'trees': 0.8400472559935405, 'cars': 0.823761130586669, 'clutter': 0.0}
[2026-04-16 08:23:56,113][train][INFO] - 
[2026-04-16 08:23:56,113][train][INFO] - Train (epoch 71/100)
[2026-04-16 08:33:52,157][train][INFO] -     Training Loss: 0.05927940357849002
[2026-04-16 08:33:52,157][train][INFO] -     Kappa: 0.8865736616462392
[2026-04-16 08:33:52,157][train][INFO] -     OA: {'total': 91.57318482209907, 'roads': 0.9302856881190334, 'buildings': 0.9642417674375205, 'low veg.': 0.8031666959496471, 'trees': 0.9156862655824584, 'cars': 0.9133625241294887, 'clutter': 0.0}
[2026-04-16 08:33:52,157][train][INFO] -     F1: {'mean': 0.9039065982694492, 'roads': 0.9249463768174427, 'buildings': 0.9660675692602839, 'low veg.': 0.8109200956605778, 'trees': 0.9132147548209579, 'cars': 0.9043841947879829, 'clutter': 0.0}
[2026-04-16 08:33:52,157][train][INFO] -     MIoU: {'mean': 0.8284909708038526, 'roads': 0.8603723171308038, 'buildings': 0.9343623824325937, 'low veg.': 0.6819727527992107, 'trees': 0.8402899826547706, 'cars': 0.8254574190018844, 'clutter': 0.0}
[2026-04-16 08:33:52,157][train][INFO] - 
[2026-04-16 08:33:52,157][train][INFO] - Train (epoch 72/100)
[2026-04-16 08:44:02,893][train][INFO] -     Training Loss: 0.05940048909559846
[2026-04-16 08:44:02,893][train][INFO] -     Kappa: 0.8873040299769903
[2026-04-16 08:44:02,893][train][INFO] -     OA: {'total': 91.63354909511573, 'roads': 0.9338343360673055, 'buildings': 0.9650748937800794, 'low veg.': 0.7895321957756717, 'trees': 0.9223845600488075, 'cars': 0.9083651136355994, 'clutter': 0.0}
[2026-04-16 08:44:02,893][train][INFO] -     F1: {'mean': 0.9039493445466441, 'roads': 0.9262846485915314, 'buildings': 0.9658691655189755, 'low veg.': 0.8106077286315048, 'trees': 0.9134302503572055, 'cars': 0.9035549296340032, 'clutter': 0.0}
[2026-04-16 08:44:02,893][train][INFO] -     MIoU: {'mean': 0.8285890209532949, 'roads': 0.8626910729891848, 'buildings': 0.9339912642714054, 'low veg.': 0.6815310206268895, 'trees': 0.8406549608596153, 'cars': 0.8240767860193796, 'clutter': 0.0}
[2026-04-16 08:44:02,894][train][INFO] - 
[2026-04-16 08:44:02,894][train][INFO] - Train (epoch 73/100)
[2026-04-16 08:54:23,188][train][INFO] -     Training Loss: 0.0584094043597579
[2026-04-16 08:54:23,188][train][INFO] -     Kappa: 0.8868229179700321
[2026-04-16 08:54:23,188][train][INFO] -     OA: {'total': 91.59757717007469, 'roads': 0.9339246705860191, 'buildings': 0.9665731566249863, 'low veg.': 0.7889227652779643, 'trees': 0.9193074513517697, 'cars': 0.9108402779179026, 'clutter': 0.0}
[2026-04-16 08:54:23,188][train][INFO] -     F1: {'mean': 0.903483222344905, 'roads': 0.9257247100040716, 'buildings': 0.9665512338951922, 'low veg.': 0.8085182704593591, 'trees': 0.9131767961610501, 'cars': 0.9034451012048514, 'clutter': 0.0}
[2026-04-16 08:54:23,188][train][INFO] -     MIoU: {'mean': 0.8279379712811765, 'roads': 0.8617201927892992, 'buildings': 0.935267683891326, 'low veg.': 0.6785821808371935, 'trees': 0.8402257082250966, 'cars': 0.8238940906629676, 'clutter': 0.0}
[2026-04-16 08:54:23,188][train][INFO] - 
[2026-04-16 08:54:23,188][train][INFO] - Train (epoch 74/100)
[2026-04-16 09:04:40,551][train][INFO] -     Training Loss: 0.05793818317353725
[2026-04-16 09:04:40,551][train][INFO] -     Kappa: 0.8866466359625224
[2026-04-16 09:04:40,551][train][INFO] -     OA: {'total': 91.58589576966428, 'roads': 0.9333787087367426, 'buildings': 0.9647510846039985, 'low veg.': 0.7848627661736791, 'trees': 0.9245615512798332, 'cars': 0.9050828305655885, 'clutter': 0.0}
[2026-04-16 09:04:40,551][train][INFO] -     F1: {'mean': 0.9032214485371807, 'roads': 0.9254627889741714, 'buildings': 0.965813614631471, 'low veg.': 0.8087218881580477, 'trees': 0.9135091092201086, 'cars': 0.9025998417021048, 'clutter': 0.0}
[2026-04-16 09:04:40,552][train][INFO] -     MIoU: {'mean': 0.827460136161406, 'roads': 0.861266394014089, 'buildings': 0.9338873807425982, 'low veg.': 0.67886909036514, 'trees': 0.8407885578906095, 'cars': 0.8224892577945931, 'clutter': 0.0}
[2026-04-16 09:04:40,552][train][INFO] - 
[2026-04-16 09:04:40,552][train][INFO] - Train (epoch 75/100)
[2026-04-16 09:14:45,766][train][INFO] -     Training Loss: 0.05795580181106925
[2026-04-16 09:14:45,766][train][INFO] -     Kappa: 0.8875847642295839
[2026-04-16 09:14:45,766][train][INFO] -     OA: {'total': 91.65251086469233, 'roads': 0.9311376217252436, 'buildings': 0.9653776811759363, 'low veg.': 0.7944586265937693, 'trees': 0.9224291789216802, 'cars': 0.909508531918185, 'clutter': 0.0}
[2026-04-16 09:14:45,766][train][INFO] -     F1: {'mean': 0.9045609178066591, 'roads': 0.9260004827139953, 'buildings': 0.966101418105516, 'low veg.': 0.8114961571444809, 'trees': 0.9139600741180995, 'cars': 0.905246456951204, 'clutter': 0.0}
[2026-04-16 09:14:45,766][train][INFO] -     MIoU: {'mean': 0.829572013388128, 'roads': 0.8621982298967854, 'buildings': 0.9344257115966457, 'low veg.': 0.6827879960360639, 'trees': 0.8415529229976823, 'cars': 0.8268952064134629, 'clutter': 0.0}
[2026-04-16 09:14:45,766][train][INFO] - 
[2026-04-16 09:14:45,766][train][INFO] - Train (epoch 76/100)
[2026-04-16 09:24:42,532][train][INFO] -     Training Loss: 0.05765145625919103
[2026-04-16 09:24:42,532][train][INFO] -     Kappa: 0.8881809310686771
[2026-04-16 09:24:42,533][train][INFO] -     OA: {'total': 91.69716040146682, 'roads': 0.9317578910012041, 'buildings': 0.9671396382815469, 'low veg.': 0.7953591643670914, 'trees': 0.9209223813729864, 'cars': 0.9052240763534373, 'clutter': 0.0}
[2026-04-16 09:24:42,533][train][INFO] -     F1: {'mean': 0.9045677063401406, 'roads': 0.9270797166512879, 'buildings': 0.9666565726510172, 'low veg.': 0.8119461428639506, 'trees': 0.9136184420618635, 'cars': 0.9035376574725839, 'clutter': 0.0}
[2026-04-16 09:24:42,533][train][INFO] -     MIoU: {'mean': 0.8295967166719764, 'roads': 0.8640713863268215, 'buildings': 0.9354649645674439, 'low veg.': 0.6834253666085871, 'trees': 0.8409738138374115, 'cars': 0.8240480520196176, 'clutter': 0.0}
[2026-04-16 09:24:42,533][train][INFO] - 
[2026-04-16 09:24:42,533][train][INFO] - Train (epoch 77/100)
[2026-04-16 09:34:55,223][train][INFO] -     Training Loss: 0.05718050007149577
[2026-04-16 09:34:55,223][train][INFO] -     Kappa: 0.8846496919194128
[2026-04-16 09:34:55,223][train][INFO] -     OA: {'total': 91.4352764150263, 'roads': 0.9327494892665316, 'buildings': 0.9586805845603875, 'low veg.': 0.789588350196885, 'trees': 0.9234998042233129, 'cars': 0.9068584918985452, 'clutter': 0.0}
[2026-04-16 09:34:55,223][train][INFO] -     F1: {'mean': 0.9023743574651777, 'roads': 0.9226205421146054, 'buildings': 0.9628047242467107, 'low veg.': 0.8100847321938862, 'trees': 0.9138707665579834, 'cars': 0.9024910222127024, 'clutter': 0.0}
[2026-04-16 09:34:55,223][train][INFO] -     MIoU: {'mean': 0.8258270734368868, 'roads': 0.8563561662159968, 'buildings': 0.9282771978954969, 'low veg.': 0.6807919472177766, 'trees': 0.8414015003185813, 'cars': 0.8223085555365812, 'clutter': 0.0}
[2026-04-16 09:34:55,223][train][INFO] - 
[2026-04-16 09:34:55,223][train][INFO] - Train (epoch 78/100)
[2026-04-16 09:45:11,935][train][INFO] -     Training Loss: 0.057000721033662556
[2026-04-16 09:45:11,935][train][INFO] -     Kappa: 0.8876419863788156
[2026-04-16 09:45:11,935][train][INFO] -     OA: {'total': 91.65912938211615, 'roads': 0.9327097337525354, 'buildings': 0.9675311228378223, 'low veg.': 0.7882258303447468, 'trees': 0.9224432930549359, 'cars': 0.9093000262313606, 'clutter': 0.0}
[2026-04-16 09:45:11,935][train][INFO] -     F1: {'mean': 0.9037995353877314, 'roads': 0.9267715355588355, 'buildings': 0.9668085498433757, 'low veg.': 0.8098668935341183, 'trees': 0.9131637700373575, 'cars': 0.9023869279649703, 'clutter': 0.0}
[2026-04-16 09:45:11,935][train][INFO] -     MIoU: {'mean': 0.8284218918508971, 'roads': 0.8635361120816061, 'buildings': 0.9357496615915807, 'low veg.': 0.6804842997259613, 'trees': 0.8402036524571374, 'cars': 0.8221357333981999, 'clutter': 0.0}
[2026-04-16 09:45:11,935][train][INFO] - 
[2026-04-16 09:45:11,935][train][INFO] - Train (epoch 79/100)
[2026-04-16 09:55:28,926][train][INFO] -     Training Loss: 0.056942549977451566
[2026-04-16 09:55:28,927][train][INFO] -     Kappa: 0.8861225231299916
[2026-04-16 09:55:28,927][train][INFO] -     OA: {'total': 91.54591879305394, 'roads': 0.9331362209157714, 'buildings': 0.96235644567428, 'low veg.': 0.7866431713812265, 'trees': 0.9248340451105911, 'cars': 0.9099188173019365, 'clutter': 0.0}
[2026-04-16 09:55:28,927][train][INFO] -     F1: {'mean': 0.9032807699329034, 'roads': 0.9247247330456378, 'buildings': 0.9649002985957679, 'low veg.': 0.8096305528322392, 'trees': 0.9133811213125649, 'cars': 0.9037671438783077, 'clutter': 0.0}
[2026-04-16 09:55:28,927][train][INFO] -     MIoU: {'mean': 0.8274644311360827, 'roads': 0.8599888432892654, 'buildings': 0.932181023032631, 'low veg.': 0.6801506496647646, 'trees': 0.8405717397583501, 'cars': 0.8244298999354028, 'clutter': 0.0}
[2026-04-16 09:55:28,927][train][INFO] - 
[2026-04-16 09:55:28,927][train][INFO] - Train (epoch 80/100)
[2026-04-16 10:05:33,947][train][INFO] -     Training Loss: 0.05632351363822818
[2026-04-16 10:05:33,947][train][INFO] -     Kappa: 0.8853944758307725
[2026-04-16 10:05:33,948][train][INFO] -     OA: {'total': 91.49074751063135, 'roads': 0.9340768238882766, 'buildings': 0.9617645165995538, 'low veg.': 0.7902156949884763, 'trees': 0.919867691383094, 'cars': 0.9125015974226006, 'clutter': 0.0}
[2026-04-16 10:05:33,948][train][INFO] -     F1: {'mean': 0.903210603523297, 'roads': 0.9239072128813696, 'buildings': 0.9641250727054582, 'low veg.': 0.8096213541498456, 'trees': 0.9132551177612541, 'cars': 0.9051442601185572, 'clutter': 0.0}
[2026-04-16 10:05:33,948][train][INFO] -     MIoU: {'mean': 0.8273062976138572, 'roads': 0.8585757882043273, 'buildings': 0.930735021479401, 'low veg.': 0.6801376662562891, 'trees': 0.8403583331166974, 'cars': 0.8267246790125714, 'clutter': 0.0}
[2026-04-16 10:05:33,948][train][INFO] - 
[2026-04-16 10:05:33,948][train][INFO] - Train (epoch 81/100)
[2026-04-16 10:15:29,800][train][INFO] -     Training Loss: 0.05657827335968613
[2026-04-16 10:15:29,801][train][INFO] -     Kappa: 0.8854057206489838
[2026-04-16 10:15:29,801][train][INFO] -     OA: {'total': 91.49080407915633, 'roads': 0.933274844854627, 'buildings': 0.9605775236232256, 'low veg.': 0.7929197198480041, 'trees': 0.9206548957830613, 'cars': 0.9057285255957546, 'clutter': 0.0}
[2026-04-16 10:15:29,801][train][INFO] -     F1: {'mean': 0.9032471850286479, 'roads': 0.9236508801044161, 'buildings': 0.963861937937277, 'low veg.': 0.8107347637803873, 'trees': 0.9133550375310378, 'cars': 0.9046333057901207, 'clutter': 0.0}
[2026-04-16 10:15:29,801][train][INFO] -     MIoU: {'mean': 0.8272977263620296, 'roads': 0.8581331679762223, 'buildings': 0.9302446973315892, 'low veg.': 0.6817106387112749, 'trees': 0.8405275587490941, 'cars': 0.8258725690419679, 'clutter': 0.0}
[2026-04-16 10:15:29,801][train][INFO] - 
[2026-04-16 10:15:29,801][train][INFO] - Train (epoch 82/100)
[2026-04-16 10:25:38,733][train][INFO] -     Training Loss: 0.056836483526974915
[2026-04-16 10:25:38,734][train][INFO] -     Kappa: 0.8874378639598989
[2026-04-16 10:25:38,734][train][INFO] -     OA: {'total': 91.64397467427136, 'roads': 0.933021325398882, 'buildings': 0.967339713996836, 'low veg.': 0.7892665819182764, 'trees': 0.9210282373724037, 'cars': 0.9096834076555217, 'clutter': 0.0}
[2026-04-16 10:25:38,734][train][INFO] -     F1: {'mean': 0.9042140973907564, 'roads': 0.9268716212786313, 'buildings': 0.9662248830583636, 'low veg.': 0.8101029313302573, 'trees': 0.9129624293337191, 'cars': 0.9049086219528106, 'clutter': 0.0}
[2026-04-16 10:25:38,734][train][INFO] -     MIoU: {'mean': 0.829075746643, 'roads': 0.8637099154744169, 'buildings': 0.9346567422873204, 'low veg.': 0.6808176544513385, 'trees': 0.8398628106056486, 'cars': 0.8263316103962756, 'clutter': 0.0}
[2026-04-16 10:25:38,734][train][INFO] - 
[2026-04-16 10:25:38,734][train][INFO] - Train (epoch 83/100)
[2026-04-16 10:35:57,528][train][INFO] -     Training Loss: 0.05629682857915759
[2026-04-16 10:35:57,528][train][INFO] -     Kappa: 0.8854395431186787
[2026-04-16 10:35:57,528][train][INFO] -     OA: {'total': 91.49288014402346, 'roads': 0.9328531450045948, 'buildings': 0.960645567806582, 'low veg.': 0.7939649499950047, 'trees': 0.9204843879474408, 'cars': 0.9039730422324905, 'clutter': 0.0}
[2026-04-16 10:35:57,528][train][INFO] -     F1: {'mean': 0.9031972829379148, 'roads': 0.9236065351135563, 'buildings': 0.9639006974293447, 'low veg.': 0.8106249143746328, 'trees': 0.9136257886116808, 'cars': 0.9042284791603593, 'clutter': 0.0}
[2026-04-16 10:35:57,528][train][INFO] -     MIoU: {'mean': 0.8272226229511839, 'roads': 0.8580566170670628, 'buildings': 0.9303169059546904, 'low veg.': 0.6815553177225083, 'trees': 0.8409862633282904, 'cars': 0.8251980106833671, 'clutter': 0.0}
[2026-04-16 10:35:57,528][train][INFO] - 
[2026-04-16 10:35:57,528][train][INFO] - Train (epoch 84/100)
[2026-04-16 10:46:19,775][train][INFO] -     Training Loss: 0.05661053023673594
[2026-04-16 10:46:19,775][train][INFO] -     Kappa: 0.8865150277291127
[2026-04-16 10:46:19,775][train][INFO] -     OA: {'total': 91.57479702506127, 'roads': 0.9338553586165914, 'buildings': 0.9638023384702081, 'low veg.': 0.7886623190053433, 'trees': 0.922150993908158, 'cars': 0.9081297039891846, 'clutter': 0.0}
[2026-04-16 10:46:19,775][train][INFO] -     F1: {'mean': 0.903502455654246, 'roads': 0.9252851801989085, 'buildings': 0.9653311652710104, 'low veg.': 0.8095963667401257, 'trees': 0.913522280646206, 'cars': 0.9037772854149793, 'clutter': 0.0}
[2026-04-16 10:46:19,775][train][INFO] -     MIoU: {'mean': 0.827860898044262, 'roads': 0.8609587986980215, 'buildings': 0.932985640302831, 'low veg.': 0.680102398984685, 'trees': 0.8408108738663715, 'cars': 0.8244467783694006, 'clutter': 0.0}
[2026-04-16 10:46:19,775][train][INFO] - 
[2026-04-16 10:46:19,775][train][INFO] - Train (epoch 85/100)
[2026-04-16 10:56:28,768][train][INFO] -     Training Loss: 0.055986771121621134
[2026-04-16 10:56:28,768][train][INFO] -     Kappa: 0.8868822284923685
[2026-04-16 10:56:28,768][train][INFO] -     OA: {'total': 91.60107310491905, 'roads': 0.9336124545075155, 'buildings': 0.9640313652337005, 'low veg.': 0.7923133899011613, 'trees': 0.9209228366676077, 'cars': 0.9038721523840271, 'clutter': 0.0}
[2026-04-16 10:56:28,768][train][INFO] -     F1: {'mean': 0.9037268693858735, 'roads': 0.9255622734864974, 'buildings': 0.9655963124829382, 'low veg.': 0.8104552453569019, 'trees': 0.9136496384489656, 'cars': 0.9033708771540641, 'clutter': 0.0}
[2026-04-16 10:56:28,768][train][INFO] -     MIoU: {'mean': 0.8282065293925985, 'roads': 0.8614387326940776, 'buildings': 0.9334811197364485, 'low veg.': 0.6813154714805705, 'trees': 0.8410266805126334, 'cars': 0.8237706425392622, 'clutter': 0.0}
[2026-04-16 10:56:28,768][train][INFO] - 
[2026-04-16 10:56:28,768][train][INFO] - Train (epoch 86/100)
[2026-04-16 11:06:22,991][train][INFO] -     Training Loss: 0.055319985065609215
[2026-04-16 11:06:22,991][train][INFO] -     Kappa: 0.8862647590978788
[2026-04-16 11:06:22,991][train][INFO] -     OA: {'total': 91.553979807865, 'roads': 0.9325140783433399, 'buildings': 0.961749211268338, 'low veg.': 0.79514557086309, 'trees': 0.921045766215318, 'cars': 0.9076857886559454, 'clutter': 0.0}
[2026-04-16 11:06:22,991][train][INFO] -     F1: {'mean': 0.9036422197774996, 'roads': 0.9243864831623443, 'buildings': 0.9643263154011927, 'low veg.': 0.8116142056582181, 'trees': 0.9140585481590995, 'cars': 0.9038255465066438, 'clutter': 0.0}
[2026-04-16 11:06:22,991][train][INFO] -     MIoU: {'mean': 0.8279432579147201, 'roads': 0.8594039296568858, 'buildings': 0.9311101843576796, 'low veg.': 0.6829551560802286, 'trees': 0.8417199164923457, 'cars': 0.8245271029864607, 'clutter': 0.0}
[2026-04-16 11:06:22,991][train][INFO] - 
[2026-04-16 11:06:22,991][train][INFO] - Train (epoch 87/100)
[2026-04-16 11:16:31,560][train][INFO] -     Training Loss: 0.05606949871778488
[2026-04-16 11:16:31,561][train][INFO] -     Kappa: 0.8859842968352364
[2026-04-16 11:16:31,561][train][INFO] -     OA: {'total': 91.53411294188857, 'roads': 0.9318990126686878, 'buildings': 0.9629647864897075, 'low veg.': 0.7919871430490817, 'trees': 0.9214701008022291, 'cars': 0.9087283170900677, 'clutter': 0.0}
[2026-04-16 11:16:31,561][train][INFO] -     F1: {'mean': 0.9033206525600121, 'roads': 0.9244724300840809, 'buildings': 0.9645563288800016, 'low veg.': 0.8102511578432791, 'trees': 0.9135613220987642, 'cars': 0.9037620238939356, 'clutter': 0.0}
[2026-04-16 11:16:31,561][train][INFO] -     MIoU: {'mean': 0.8274834285431456, 'roads': 0.8595525172417037, 'buildings': 0.9315391612145152, 'low veg.': 0.6810270614548309, 'trees': 0.8408770238772856, 'cars': 0.8244213789273924, 'clutter': 0.0}
[2026-04-16 11:16:31,561][train][INFO] - 
[2026-04-16 11:16:31,561][train][INFO] - Train (epoch 88/100)
[2026-04-16 11:26:53,450][train][INFO] -     Training Loss: 0.05537091945484281
[2026-04-16 11:26:53,450][train][INFO] -     Kappa: 0.8863469754264296
[2026-04-16 11:26:53,450][train][INFO] -     OA: {'total': 91.55947261164152, 'roads': 0.9319491753853006, 'buildings': 0.9624628453864661, 'low veg.': 0.7961449817584257, 'trees': 0.9203824019523034, 'cars': 0.9065289183935645, 'clutter': 0.0}
[2026-04-16 11:26:53,450][train][INFO] -     F1: {'mean': 0.9037289015237032, 'roads': 0.9247840868756194, 'buildings': 0.9649244677384691, 'low veg.': 0.8110785042671523, 'trees': 0.913572865454262, 'cars': 0.9042845832830133, 'clutter': 0.0}
[2026-04-16 11:26:53,450][train][INFO] -     MIoU: {'mean': 0.828140512364014, 'roads': 0.8600915179802038, 'buildings': 0.9322261397003665, 'low veg.': 0.68219685418944, 'trees': 0.8408965833095188, 'cars': 0.8252914666405408, 'clutter': 0.0}
[2026-04-16 11:26:53,450][train][INFO] - 
[2026-04-16 11:26:53,450][train][INFO] - Train (epoch 89/100)
[2026-04-16 11:37:17,118][train][INFO] -     Training Loss: 0.05520651065371931
[2026-04-16 11:37:17,119][train][INFO] -     Kappa: 0.8869511258844212
[2026-04-16 11:37:17,119][train][INFO] -     OA: {'total': 91.60700148633799, 'roads': 0.9335989251441137, 'buildings': 0.9647588294703968, 'low veg.': 0.7897016925562664, 'trees': 0.9219401924985658, 'cars': 0.9057554295553448, 'clutter': 0.0}
[2026-04-16 11:37:17,119][train][INFO] -     F1: {'mean': 0.9037839416344248, 'roads': 0.9256123681053708, 'buildings': 0.9659588531463883, 'low veg.': 0.8097535334595272, 'trees': 0.9136392030899654, 'cars': 0.9039557503708726, 'clutter': 0.0}
[2026-04-16 11:37:17,119][train][INFO] -     MIoU: {'mean': 0.8283523250249955, 'roads': 0.861525524519581, 'buildings': 0.9341590091319049, 'low veg.': 0.6803242489877978, 'trees': 0.8410089959879389, 'cars': 0.8247438464977555, 'clutter': 0.0}
[2026-04-16 11:37:17,119][train][INFO] - 
[2026-04-16 11:37:17,119][train][INFO] - Train (epoch 90/100)
[2026-04-16 11:47:33,518][train][INFO] -     Training Loss: 0.05533383394032717
[2026-04-16 11:47:33,518][train][INFO] -     Kappa: 0.8856729151668794
[2026-04-16 11:47:33,518][train][INFO] -     OA: {'total': 91.51135542428516, 'roads': 0.932444766373912, 'buildings': 0.9623319202640188, 'low veg.': 0.7911961580729732, 'trees': 0.9213239512288401, 'cars': 0.9068786698682378, 'clutter': 0.0}
[2026-04-16 11:47:33,518][train][INFO] -     F1: {'mean': 0.9031304344175043, 'roads': 0.9242310083923003, 'buildings': 0.9641671983711414, 'low veg.': 0.8101223448545652, 'trees': 0.913431888566029, 'cars': 0.9036997319034853, 'clutter': 0.0}
[2026-04-16 11:47:33,518][train][INFO] -     MIoU: {'mean': 0.8271538541742357, 'roads': 0.8591352005889935, 'buildings': 0.9308135413890908, 'low veg.': 0.6808450779383253, 'trees': 0.8406577359982984, 'cars': 0.8243177149564707, 'clutter': 0.0}
[2026-04-16 11:47:33,518][train][INFO] - 
[2026-04-16 11:47:33,518][train][INFO] - Train (epoch 91/100)
[2026-04-16 11:57:31,386][train][INFO] -     Training Loss: 0.05569339302368462
[2026-04-16 11:57:31,386][train][INFO] -     Kappa: 0.8862266861480931
[2026-04-16 11:57:31,386][train][INFO] -     OA: {'total': 91.55239588916528, 'roads': 0.9325461325273996, 'buildings': 0.9633444693448046, 'low veg.': 0.791759424813364, 'trees': 0.9212841129494896, 'cars': 0.9056478137169838, 'clutter': 0.0}
[2026-04-16 11:57:31,386][train][INFO] -     F1: {'mean': 0.9034015660896465, 'roads': 0.924811434878373, 'buildings': 0.9649000143973135, 'low veg.': 0.8102265075531896, 'trees': 0.9135005301128236, 'cars': 0.9035693435065327, 'clutter': 0.0}
[2026-04-16 11:57:31,386][train][INFO] -     MIoU: {'mean': 0.8276372689169831, 'roads': 0.8601388304141394, 'buildings': 0.9321804925303917, 'low veg.': 0.6809922331408903, 'trees': 0.8407740228420754, 'cars': 0.8241007656574187, 'clutter': 0.0}
[2026-04-16 11:57:31,386][train][INFO] - 
[2026-04-16 11:57:31,386][train][INFO] - Train (epoch 92/100)
[2026-04-16 12:07:34,487][train][INFO] -     Training Loss: 0.05549785692244768
[2026-04-16 12:07:34,487][train][INFO] -     Kappa: 0.8868533950376352
[2026-04-16 12:07:34,487][train][INFO] -     OA: {'total': 91.59920634359439, 'roads': 0.9336478389964127, 'buildings': 0.9647237931700237, 'low veg.': 0.7912836625084835, 'trees': 0.9205695280415958, 'cars': 0.9057957854947302, 'clutter': 0.0}
[2026-04-16 12:07:34,487][train][INFO] -     F1: {'mean': 0.9036967602315265, 'roads': 0.9255761527568925, 'buildings': 0.9659241299447879, 'low veg.': 0.8099478070019229, 'trees': 0.9134096932299992, 'cars': 0.9036260182240294, 'clutter': 0.0}
[2026-04-16 12:07:34,487][train][INFO] -     MIoU: {'mean': 0.828194119061466, 'roads': 0.8614627785225103, 'buildings': 0.9340940620664658, 'low veg.': 0.6805985584224133, 'trees': 0.8406201376351328, 'cars': 0.8241950586608078, 'clutter': 0.0}
[2026-04-16 12:07:34,487][train][INFO] - 
[2026-04-16 12:07:34,487][train][INFO] - Train (epoch 93/100)
[2026-04-16 12:17:46,611][train][INFO] -     Training Loss: 0.05531837629154324
[2026-04-16 12:17:46,611][train][INFO] -     Kappa: 0.886754970364735
[2026-04-16 12:17:46,611][train][INFO] -     OA: {'total': 91.59214659167566, 'roads': 0.9328835340362358, 'buildings': 0.9646655222704555, 'low veg.': 0.7906060198917563, 'trees': 0.9216189821433449, 'cars': 0.9064482065147939, 'clutter': 0.0}
[2026-04-16 12:17:46,611][train][INFO] -     F1: {'mean': 0.9037139885350151, 'roads': 0.9254157612182772, 'buildings': 0.9656268850778987, 'low veg.': 0.8099342142413463, 'trees': 0.913601292439336, 'cars': 0.9039917896982177, 'clutter': 0.0}
[2026-04-16 12:17:46,612][train][INFO] -     MIoU: {'mean': 0.8282102338022364, 'roads': 0.8611849381556527, 'buildings': 0.9335382669440515, 'low veg.': 0.6805793628669209, 'trees': 0.8409447526780317, 'cars': 0.8248038483665251, 'clutter': 0.0}
[2026-04-16 12:17:46,612][train][INFO] - 
[2026-04-16 12:17:46,612][train][INFO] - Train (epoch 94/100)
[2026-04-16 12:28:09,346][train][INFO] -     Training Loss: 0.05511658597737551
[2026-04-16 12:28:09,346][train][INFO] -     Kappa: 0.8871128430520047
[2026-04-16 12:28:09,346][train][INFO] -     OA: {'total': 91.6186885436009, 'roads': 0.9328410726495593, 'buildings': 0.9650732341658511, 'low veg.': 0.7909439799359909, 'trees': 0.9220437720248773, 'cars': 0.9053585961513886, 'clutter': 0.0}
[2026-04-16 12:28:09,346][train][INFO] -     F1: {'mean': 0.9039342659921186, 'roads': 0.9258391271757315, 'buildings': 0.9660297429986003, 'low veg.': 0.810245978513605, 'trees': 0.9135143303392708, 'cars': 0.9040421509333852, 'clutter': 0.0}
[2026-04-16 12:28:09,346][train][INFO] -     MIoU: {'mean': 0.8285829928676882, 'roads': 0.8619184989874397, 'buildings': 0.9342916166661965, 'low veg.': 0.6810197434771775, 'trees': 0.8407974038208241, 'cars': 0.8248877013868036, 'clutter': 0.0}
[2026-04-16 12:28:09,346][train][INFO] - 
[2026-04-16 12:28:09,346][train][INFO] - Train (epoch 95/100)
[2026-04-16 12:37:49,755][train][INFO] -     Training Loss: 0.054873451527208086
[2026-04-16 12:37:49,756][train][INFO] -     Kappa: 0.8875615304898586
[2026-04-16 12:37:49,756][train][INFO] -     OA: {'total': 91.65204134593492, 'roads': 0.9333183469615651, 'buildings': 0.9660415268672181, 'low veg.': 0.7913670328761744, 'trees': 0.9213913348327702, 'cars': 0.905291336252413, 'clutter': 0.0}
[2026-04-16 12:37:49,756][train][INFO] -     F1: {'mean': 0.9041479940152908, 'roads': 0.9263392273809558, 'buildings': 0.9665760630913802, 'low veg.': 0.8103304647396862, 'trees': 0.9135799348105706, 'cars': 0.9039142800538604, 'clutter': 0.0}
[2026-04-16 12:37:49,756][train][INFO] -     MIoU: {'mean': 0.8289644871427629, 'roads': 0.8627857615783816, 'buildings': 0.935314180918619, 'low veg.': 0.6811391236999074, 'trees': 0.840908562059076, 'cars': 0.8246748074578306, 'clutter': 0.0}
[2026-04-16 12:37:49,756][train][INFO] - 
[2026-04-16 12:37:49,756][train][INFO] - Train (epoch 96/100)
[2026-04-16 12:45:48,977][train][INFO] -     Training Loss: 0.055281756669282915
[2026-04-16 12:45:48,978][train][INFO] -     Kappa: 0.8869915045471057
[2026-04-16 12:45:48,978][train][INFO] -     OA: {'total': 91.60896441415514, 'roads': 0.9330816871740594, 'buildings': 0.9644567796808635, 'low veg.': 0.7928143011186098, 'trees': 0.9208855025086734, 'cars': 0.9062127968683791, 'clutter': 0.0}
[2026-04-16 12:45:48,978][train][INFO] -     F1: {'mean': 0.903937083072381, 'roads': 0.9256123281317089, 'buildings': 0.9658086222024349, 'low veg.': 0.8106057043667305, 'trees': 0.91355606579309, 'cars': 0.9041026948679407, 'clutter': 0.0}
[2026-04-16 12:45:48,978][train][INFO] -     MIoU: {'mean': 0.8285576591730817, 'roads': 0.8615254552596723, 'buildings': 0.9338780451440627, 'low veg.': 0.681528158780297, 'trees': 0.8408681175618824, 'cars': 0.824988519119493, 'clutter': 0.0}
[2026-04-16 12:45:48,978][train][INFO] - 
[2026-04-16 12:45:48,978][train][INFO] - Train (epoch 97/100)
[2026-04-16 12:54:03,032][train][INFO] -     Training Loss: 0.05552708649262786
[2026-04-16 12:54:03,032][train][INFO] -     Kappa: 0.8865524036519375
[2026-04-16 12:54:03,033][train][INFO] -     OA: {'total': 91.57651105136846, 'roads': 0.9329074706022544, 'buildings': 0.9636839526552629, 'low veg.': 0.7923085668220388, 'trees': 0.9210878809677743, 'cars': 0.9053384181816959, 'clutter': 0.0}
[2026-04-16 12:54:03,033][train][INFO] -     F1: {'mean': 0.9037070569800685, 'roads': 0.9251159251560711, 'buildings': 0.9652275665003686, 'low veg.': 0.8104437431470952, 'trees': 0.9135954895078447, 'cars': 0.9041525605889623, 'clutter': 0.0}
[2026-04-16 12:54:03,033][train][INFO] -     MIoU: {'mean': 0.8281527155729076, 'roads': 0.8606657655528073, 'buildings': 0.93279211472221, 'low veg.': 0.6812992142895442, 'trees': 0.8409349194380408, 'cars': 0.8250715638619354, 'clutter': 0.0}
[2026-04-16 12:54:03,033][train][INFO] - 
[2026-04-16 12:54:03,033][train][INFO] - Train (epoch 98/100)
[2026-04-16 13:02:14,276][train][INFO] -     Training Loss: 0.05531942100822926
[2026-04-16 13:02:14,276][train][INFO] -     Kappa: 0.8862337681562906
[2026-04-16 13:02:14,276][train][INFO] -     OA: {'total': 91.55222052673781, 'roads': 0.9324614178980989, 'buildings': 0.9626710347713153, 'low veg.': 0.7934192530428462, 'trees': 0.9210742221291398, 'cars': 0.9065356443834621, 'clutter': 0.0}
[2026-04-16 13:02:14,276][train][INFO] -     F1: {'mean': 0.9036105806725032, 'roads': 0.9247218873975646, 'buildings': 0.964750882235104, 'low veg.': 0.8106731227673468, 'trees': 0.9135975163871101, 'cars': 0.904309494575391, 'clutter': 0.0}
[2026-04-16 13:02:14,276][train][INFO] -     MIoU: {'mean': 0.8279561745179201, 'roads': 0.859983920959306, 'buildings': 0.9319021534816685, 'low veg.': 0.6816234781926693, 'trees': 0.8409383540332974, 'cars': 0.82533296592266, 'clutter': 0.0}
[2026-04-16 13:02:14,276][train][INFO] - 
[2026-04-16 13:02:14,276][train][INFO] - Train (epoch 99/100)
[2026-04-16 13:10:47,826][train][INFO] -     Training Loss: 0.054779952578246596
[2026-04-16 13:10:47,826][train][INFO] -     Kappa: 0.8864088717133931
[2026-04-16 13:10:47,826][train][INFO] -     OA: {'total': 91.56561029660291, 'roads': 0.9327501136986885, 'buildings': 0.9631353579520507, 'low veg.': 0.792469450961343, 'trees': 0.9213694806909551, 'cars': 0.9060110171714522, 'clutter': 0.0}
[2026-04-16 13:10:47,826][train][INFO] -     F1: {'mean': 0.9036227568752624, 'roads': 0.9249427002745247, 'buildings': 0.9650537391030247, 'low veg.': 0.810480786610401, 'trees': 0.9135774435009135, 'cars': 0.9040591148874482, 'clutter': 0.0}
[2026-04-16 13:10:47,827][train][INFO] -     MIoU: {'mean': 0.8280010607465386, 'roads': 0.860365954922325, 'buildings': 0.9324674870235528, 'low veg.': 0.6813515725407179, 'trees': 0.8409043406138832, 'cars': 0.8249159486322133, 'clutter': 0.0}
[2026-04-16 13:10:47,827][train][INFO] - 
[2026-04-16 13:10:47,827][train][INFO] - Train (epoch 100/100)
[2026-04-16 13:19:04,939][train][INFO] -     Training Loss: 0.05524578207358718
[2026-04-16 13:19:04,940][train][INFO] -     Kappa: 0.8862473770120025
[2026-04-16 13:19:04,940][train][INFO] -     OA: {'total': 91.55339715205761, 'roads': 0.9326104490395714, 'buildings': 0.9626053878085108, 'low veg.': 0.7927708934065063, 'trees': 0.9214644096194647, 'cars': 0.9066432602218232, 'clutter': 0.0}
[2026-04-16 13:19:04,940][train][INFO] -     F1: {'mean': 0.9035973781304488, 'roads': 0.924722228413728, 'buildings': 0.9648362041424414, 'low veg.': 0.8105704589536658, 'trees': 0.9135685664155265, 'cars': 0.9042894327268824, 'clutter': 0.0}
[2026-04-16 13:19:04,940][train][INFO] -     MIoU: {'mean': 0.8279426147890423, 'roads': 0.8599845108390538, 'buildings': 0.9320613877759742, 'low veg.': 0.681478331402978, 'trees': 0.8408892988316631, 'cars': 0.8252995450955422, 'clutter': 0.0}
[2026-04-16 13:19:04,940][train][INFO] - 
[2026-04-16 13:19:04,940][train][INFO] - Best epoch 23, MIoU best: 0.8357142599579606
[2026-04-16 13:19:05,162][train][INFO] - End of training !
[2026-04-16 13:19:05,167][__main__][INFO] - Training time: 16.78 hours
[2026-04-16 13:19:05,167][__main__][INFO] - 
[2026-04-16 13:19:05,167][__main__][INFO] - Start testing...
[2026-04-16 13:22:29,426][__main__][INFO] - Final model result:
[2026-04-16 13:22:29,427][__main__][INFO] -     Kappa: 0.8862473770120025
[2026-04-16 13:22:29,427][__main__][INFO] -     OA: {'total': 91.55339715205761, 'roads': 0.9326104490395714, 'buildings': 0.9626053878085108, 'low veg.': 0.7927708934065063, 'trees': 0.9214644096194647, 'cars': 0.9066432602218232, 'clutter': 0.0}
[2026-04-16 13:22:29,427][__main__][INFO] -     F1: {'mean': 0.9035973781304488, 'roads': 0.924722228413728, 'buildings': 0.9648362041424414, 'low veg.': 0.8105704589536658, 'trees': 0.9135685664155265, 'cars': 0.9042894327268824, 'clutter': 0.0}
[2026-04-16 13:22:29,427][__main__][INFO] -     MIoU: {'mean': 0.8279426147890423, 'roads': 0.8599845108390538, 'buildings': 0.9320613877759742, 'low veg.': 0.681478331402978, 'trees': 0.8408892988316631, 'cars': 0.8252995450955422, 'clutter': 0.0}
[2026-04-16 13:22:31,241][__main__][INFO] - Testing time: 0.06 hours
