[2026-04-15 20:35:26,716][__main__][INFO] - Loaded configuration:
[2026-04-15 20:35:26,716][__main__][INFO] - --- training configuration:
[2026-04-15 20:35:26,717][__main__][INFO] - 
epochs: 100
save_epoch: 1
batch_size: 10
learning_rate: 0.0001
weight_decay: 0.0005
momentum: 0.9
milestones:
- 25
- 35
- 45
window_size:
- 256
- 256
num_workers: 0
cache: true
augmentation: true
alpha: 0.01
beta: 0.05
gamma: 0.5
distill:
  enable: false
  teacher_ckpt: ''
  teacher_backbone: mit_b4
  T: 4.0
  lambda_kd: 1.0
  lambda_edge: 1.0
  edge_k: 3
  edge_boost: 1.0

[2026-04-15 20:35:26,717][__main__][INFO] - --- model configuration:
[2026-04-15 20:35:26,718][__main__][INFO] - 
pretrained: true
model_dim: 512
num_heads: 8
ffn_dim: 2048
dropout: 0.5
num_layers: 1
backbone: mit_b3
decoder_embed_dim: 512
pretrained_backbone: /home/wsj/CAF-Net-KD/pretrained/mit_b3.pth
bn_eps: 0.01
bn_momentum: 0.01

[2026-04-15 20:35:26,718][__main__][INFO] - Using GPUs: 1 1
[2026-04-15 20:35:26,718][__main__][INFO] - Using model: Baseline
[2026-04-15 20:35:26,718][__main__][INFO] - Using dataset: Vaihingen
[2026-04-15 20:35:26,719][__main__][INFO] - Real Training Configuration:
[2026-04-15 20:35:26,719][__main__][INFO] - batch size: 10
[2026-04-15 20:35:26,719][__main__][INFO] - learning rate: 0.000100
[2026-04-15 20:35:27,010][py.warnings][WARNING] - /home/wsj/.conda/envs/FDMF-Net/lib/python3.9/site-packages/timm/models/layers/__init__.py:48: FutureWarning: Importing from timm.models.layers is deprecated, please import via timm.layers
  warnings.warn(f"Importing from {__name__} is deprecated, please import via timm.layers", FutureWarning)

[2026-04-15 20:35:31,419][py.warnings][WARNING] - /home/wsj/CAF-Net-KD/models/encoder.py:482: FutureWarning: You are using `torch.load` with `weights_only=False` (the current default value), which uses the default pickle module implicitly. It is possible to construct malicious pickle data which will execute arbitrary code during unpickling (See https://github.com/pytorch/pytorch/blob/main/SECURITY.md#untrusted-models for more details). In a future release, the default value for `weights_only` will be flipped to `True`. This limits the functions that could be executed during unpickling. Arbitrary objects will no longer be allowed to be loaded via this mode unless they are explicitly allowlisted by the user via `torch.serialization.add_safe_globals`. We recommend you start setting `weights_only=True` for any use case where you don't have full control of the loaded file. Please open an issue on GitHub for any issues related to this experimental feature.
  raw_state_dict = torch.load(model_file, map_location=torch.device('cpu'))

[2026-04-15 20:35:32,243][__main__][INFO] - All Params: 128805136
[2026-04-15 20:35:32,244][__main__][INFO] - training : ['1', '3', '23', '26', '7', '11', '13', '28', '17', '32', '34', '37']
[2026-04-15 20:35:32,244][__main__][INFO] - testing : ['5', '21', '15', '30']
[2026-04-15 20:35:32,273][__main__][INFO] - Experiment output directory: /home/wsj/CAF-Net-KD/Baseline_Vaihingen_42/2026-04-15_20-35-26
[2026-04-15 20:35:32,273][__main__][INFO] - Start training...
[2026-04-15 20:35:32,273][train][INFO] - Train (epoch 1/100)
[2026-04-15 20:52:10,352][train][INFO] -     Training Loss: 0.45728441600501535
[2026-04-15 20:52:10,352][train][INFO] -     Kappa: 0.8851293140431967
[2026-04-15 20:52:10,352][train][INFO] -     OA: {'total': 91.50129188368946, 'roads': 0.9380217781121959, 'buildings': 0.988796128746971, 'low veg.': 0.7276620812964437, 'trees': 0.9277527112794689, 'cars': 0.799895074557598, 'clutter': 0.0}
[2026-04-15 20:52:10,352][train][INFO] -     F1: {'mean': 0.8927918667003866, 'roads': 0.9266622519320633, 'buildings': 0.9695838594026385, 'low veg.': 0.7898279999237168, 'trees': 0.9121345898159021, 'cars': 0.8657506324276121, 'clutter': 0.0}
[2026-04-15 20:52:10,352][train][INFO] -     MIoU: {'mean': 0.8117421598087351, 'roads': 0.8633463731244924, 'buildings': 0.9409633847937815, 'low veg.': 0.6526576386446967, 'trees': 0.8384627190798748, 'cars': 0.7632806834008306, 'clutter': 0.0}
[2026-04-15 20:52:10,353][train][INFO] - 
[2026-04-15 20:52:10,353][train][INFO] - Train (epoch 2/100)
[2026-04-15 21:08:29,511][train][INFO] -     Training Loss: 0.2676563660055399
[2026-04-15 21:08:29,513][train][INFO] -     Kappa: 0.8971543347663449
[2026-04-15 21:08:29,513][train][INFO] -     OA: {'total': 92.34862050580746, 'roads': 0.9251601408302658, 'buildings': 0.9823448394387775, 'low veg.': 0.8445859214320411, 'trees': 0.9029509920869795, 'cars': 0.9082978537366236, 'clutter': 0.0}
[2026-04-15 21:08:29,513][train][INFO] -     F1: {'mean': 0.9107800349939128, 'roads': 0.9392224823069321, 'buildings': 0.976227560980504, 'low veg.': 0.8204639077445466, 'trees': 0.9123381204985552, 'cars': 0.9056481034390257, 'clutter': 0.0}
[2026-04-15 21:08:29,513][train][INFO] -     MIoU: {'mean': 0.8401845877586626, 'roads': 0.8854094912847621, 'buildings': 0.9535591346017016, 'low veg.': 0.6955818589456589, 'trees': 0.8388067447180798, 'cars': 0.8275657092431105, 'clutter': 0.0}
[2026-04-15 21:08:29,513][train][INFO] - 
[2026-04-15 21:08:29,513][train][INFO] - Train (epoch 3/100)
[2026-04-15 21:25:00,141][train][INFO] -     Training Loss: 0.2080614607334137
[2026-04-15 21:25:00,141][train][INFO] -     Kappa: 0.8833890062431643
[2026-04-15 21:25:00,141][train][INFO] -     OA: {'total': 91.34354489490275, 'roads': 0.9091902884148061, 'buildings': 0.9811217037525906, 'low veg.': 0.8027081589273471, 'trees': 0.9112391753703821, 'cars': 0.8466541563254572, 'clutter': 0.0}
[2026-04-15 21:25:00,141][train][INFO] -     F1: {'mean': 0.9001119131265842, 'roads': 0.9253575842519298, 'buildings': 0.9618504522833271, 'low veg.': 0.8088124749961165, 'trees': 0.9102206381530424, 'cars': 0.8943184159485056, 'clutter': 0.0}
[2026-04-15 21:25:00,141][train][INFO] -     MIoU: {'mean': 0.8221317123498416, 'roads': 0.8610841808321686, 'buildings': 0.9265047163954755, 'low veg.': 0.6789967641689999, 'trees': 0.835233873956285, 'cars': 0.8088390263962784, 'clutter': 0.0}
[2026-04-15 21:25:00,141][train][INFO] - 
[2026-04-15 21:25:00,141][train][INFO] - Train (epoch 4/100)
[2026-04-15 21:41:18,580][train][INFO] -     Training Loss: 0.17519981826096773
[2026-04-15 21:41:18,581][train][INFO] -     Kappa: 0.8902036106391019
[2026-04-15 21:41:18,581][train][INFO] -     OA: {'total': 91.85863525605036, 'roads': 0.9106318941212834, 'buildings': 0.9873192564854497, 'low veg.': 0.75542923681663, 'trees': 0.9521626494504594, 'cars': 0.9002871997686259, 'clutter': 0.0027348777348777348}
[2026-04-15 21:41:18,581][train][INFO] -     F1: {'mean': 0.90523129024456, 'roads': 0.9345993161095362, 'buildings': 0.9743324618500885, 'low veg.': 0.7997815984274211, 'trees': 0.9078721670792037, 'cars': 0.9095709077565499, 'clutter': 0.003190391292108473}
[2026-04-15 21:41:18,581][train][INFO] -     MIoU: {'mean': 0.8317937587104464, 'roads': 0.8772280046758674, 'buildings': 0.9499495943954503, 'low veg.': 0.6663633863466117, 'trees': 0.8312874552891693, 'cars': 0.8341403528451332, 'clutter': 0.0015977443609022557}
[2026-04-15 21:41:18,581][train][INFO] - 
[2026-04-15 21:41:18,581][train][INFO] - Train (epoch 5/100)
[2026-04-15 21:57:36,849][train][INFO] -     Training Loss: 0.14980735713988544
[2026-04-15 21:57:36,849][train][INFO] -     Kappa: 0.8932020116896423
[2026-04-15 21:57:36,849][train][INFO] -     OA: {'total': 92.07055226436735, 'roads': 0.9255916234507578, 'buildings': 0.9799177458308186, 'low veg.': 0.8010414405848328, 'trees': 0.9225983208734372, 'cars': 0.9212722882490231, 'clutter': 0.015283140283140283}
[2026-04-15 21:57:36,849][train][INFO] -     F1: {'mean': 0.9092205343766961, 'roads': 0.9331102229736173, 'buildings': 0.9701218877137516, 'low veg.': 0.8161030402518094, 'trees': 0.914733535739585, 'cars': 0.9120339852047169, 'clutter': 0.021274213413951405}
[2026-04-15 21:57:36,849][train][INFO] -     MIoU: {'mean': 0.8374159170682761, 'roads': 0.8746078958356566, 'buildings': 0.9419773817312783, 'low veg.': 0.6893362074562559, 'trees': 0.8428653845513927, 'cars': 0.8382927157667969, 'clutter': 0.010751471253961068}
[2026-04-15 21:57:36,849][train][INFO] - 
[2026-04-15 21:57:36,850][train][INFO] - Train (epoch 6/100)
[2026-04-15 22:13:56,195][train][INFO] -     Training Loss: 0.14398512557893992
[2026-04-15 22:13:56,197][train][INFO] -     Kappa: 0.8957156625584168
[2026-04-15 22:13:56,197][train][INFO] -     OA: {'total': 92.24956336169774, 'roads': 0.92321607538145, 'buildings': 0.981928460669079, 'low veg.': 0.8271883860254727, 'trees': 0.9126480845755288, 'cars': 0.915514840896709, 'clutter': 0.14752252252252251}
[2026-04-15 22:13:56,197][train][INFO] -     F1: {'mean': 0.9125874826105873, 'roads': 0.9345589972805827, 'buildings': 0.9735197208301054, 'low veg.': 0.8215799693757966, 'trees': 0.9137779402659272, 'cars': 0.9195007853005253, 'clutter': 0.2322695035460993}
[2026-04-15 22:13:56,197][train][INFO] -     MIoU: {'mean': 0.8429981496992698, 'roads': 0.8771569658903936, 'buildings': 0.9484056738210129, 'low veg.': 0.6971877157761903, 'trees': 0.8412441379524523, 'cars': 0.8509962550562992, 'clutter': 0.13139418254764293}
[2026-04-15 22:13:56,197][train][INFO] - 
[2026-04-15 22:13:56,197][train][INFO] - Train (epoch 7/100)
[2026-04-15 22:30:05,954][train][INFO] -     Training Loss: 0.12459090624749661
[2026-04-15 22:30:05,955][train][INFO] -     Kappa: 0.8931447544584382
[2026-04-15 22:30:05,955][train][INFO] -     OA: {'total': 92.06574959659571, 'roads': 0.9310558211126757, 'buildings': 0.9828890085040477, 'low veg.': 0.8041154645141954, 'trees': 0.9103181143517971, 'cars': 0.9340651210341883, 'clutter': 0.0}
[2026-04-15 22:30:05,955][train][INFO] -     F1: {'mean': 0.910495021300197, 'roads': 0.9340882665437122, 'buildings': 0.9712113450220898, 'low veg.': 0.8143352284135386, 'trees': 0.9131449022832339, 'cars': 0.9196953642384106, 'clutter': 0.0}
[2026-04-15 22:30:05,955][train][INFO] -     MIoU: {'mean': 0.8397361263023422, 'roads': 0.8763279709051243, 'buildings': 0.9440338793811285, 'low veg.': 0.6868174275971186, 'trees': 0.8401717066070191, 'cars': 0.851329647021321, 'clutter': 0.0}
[2026-04-15 22:30:05,955][train][INFO] - 
[2026-04-15 22:30:05,955][train][INFO] - Train (epoch 8/100)
[2026-04-15 22:46:31,053][train][INFO] -     Training Loss: 0.11316849368065596
[2026-04-15 22:46:31,054][train][INFO] -     Kappa: 0.8946378070503439
[2026-04-15 22:46:31,054][train][INFO] -     OA: {'total': 92.18274461997972, 'roads': 0.924741146852914, 'buildings': 0.987485402309851, 'low veg.': 0.7925459312160016, 'trees': 0.9245035012156366, 'cars': 0.9061657149390961, 'clutter': 0.24324324324324326}
[2026-04-15 22:46:31,054][train][INFO] -     F1: {'mean': 0.9096393539867422, 'roads': 0.9329161648921259, 'buildings': 0.9723070973259236, 'low veg.': 0.8161020928009627, 'trees': 0.9154428724792124, 'cars': 0.9114285424354868, 'clutter': 0.3133029423953585}
[2026-04-15 22:46:31,054][train][INFO] -     MIoU: {'mean': 0.8382098937251184, 'roads': 0.8742669827791133, 'buildings': 0.9461066577340002, 'low veg.': 0.6893348555128067, 'trees': 0.8440706803263033, 'cars': 0.8372702922733685, 'clutter': 0.18574938574938574}
[2026-04-15 22:46:31,054][train][INFO] - 
[2026-04-15 22:46:31,054][train][INFO] - Train (epoch 9/100)
[2026-04-15 23:02:51,693][train][INFO] -     Training Loss: 0.11319399873167277
[2026-04-15 23:02:51,693][train][INFO] -     Kappa: 0.8899076198868859
[2026-04-15 23:02:51,693][train][INFO] -     OA: {'total': 91.82276515435429, 'roads': 0.9110856481553754, 'buildings': 0.9738374725034192, 'low veg.': 0.8089381991311567, 'trees': 0.9301987816315938, 'cars': 0.9179631012194219, 'clutter': 0.5051480051480052}
[2026-04-15 23:02:51,693][train][INFO] -     F1: {'mean': 0.9090883812146474, 'roads': 0.927090934988343, 'buildings': 0.9658784706288809, 'low veg.': 0.8207123426330107, 'trees': 0.9134697067518435, 'cars': 0.9182904510711595, 'clutter': 0.548903067913644}
[2026-04-15 23:02:51,693][train][INFO] -     MIoU: {'mean': 0.8367371128937581, 'roads': 0.8640908770570135, 'buildings': 0.9340086664826146, 'low veg.': 0.695939059063355, 'trees': 0.8407218026301387, 'cars': 0.8489251592356688, 'clutter': 0.37826767859294064}
[2026-04-15 23:02:51,693][train][INFO] - 
[2026-04-15 23:02:51,693][train][INFO] - Train (epoch 10/100)
[2026-04-15 23:19:03,162][train][INFO] -     Training Loss: 0.10946965085715056
[2026-04-15 23:19:03,165][train][INFO] -     Kappa: 0.8974023530442835
[2026-04-15 23:19:03,165][train][INFO] -     OA: {'total': 92.37400280297041, 'roads': 0.9254850536959619, 'buildings': 0.9831984343568174, 'low veg.': 0.8246459343165524, 'trees': 0.9143369999726824, 'cars': 0.9390894354876679, 'clutter': 0.25466537966537967}
[2026-04-15 23:19:03,165][train][INFO] -     F1: {'mean': 0.9131847522729213, 'roads': 0.9365400258738316, 'buildings': 0.9749378987894264, 'low veg.': 0.8214335901970498, 'trees': 0.9151293707285547, 'cars': 0.9178828757757442, 'clutter': 0.26400933955970646}
[2026-04-15 23:19:03,166][train][INFO] -     MIoU: {'mean': 0.844099708490692, 'roads': 0.8806537609874548, 'buildings': 0.9511013017045975, 'low veg.': 0.6969769232897014, 'trees': 0.8435377878587406, 'cars': 0.8482287686129657, 'clutter': 0.15207993082909022}
[2026-04-15 23:19:03,166][train][INFO] - 
[2026-04-15 23:19:03,166][train][INFO] - Train (epoch 11/100)
[2026-04-15 23:35:54,724][train][INFO] -     Training Loss: 0.09199074343219399
[2026-04-15 23:35:54,724][train][INFO] -     Kappa: 0.8915692928979801
[2026-04-15 23:35:54,724][train][INFO] -     OA: {'total': 91.94885073970417, 'roads': 0.9326941229486103, 'buildings': 0.9747862186372096, 'low veg.': 0.8005580991556166, 'trees': 0.9164734699824256, 'cars': 0.9046389152323493, 'clutter': 0.4934041184041184}
[2026-04-15 23:35:54,724][train][INFO] -     F1: {'mean': 0.9085769424245885, 'roads': 0.9305232284379005, 'buildings': 0.9694411900279973, 'low veg.': 0.8143693940192007, 'trees': 0.9144902313831688, 'cars': 0.9140606682546748, 'clutter': 0.48356326369728025}
[2026-04-15 23:35:54,724][train][INFO] -     MIoU: {'mean': 0.8363619794349134, 'roads': 0.8700733416386027, 'buildings': 0.9406946800584183, 'low veg.': 0.6868660356026514, 'trees': 0.8424523277652511, 'cars': 0.8417235121096439, 'clutter': 0.31888126429611147}
[2026-04-15 23:35:54,724][train][INFO] - 
[2026-04-15 23:35:54,724][train][INFO] - Train (epoch 12/100)
[2026-04-15 23:52:36,900][train][INFO] -     Training Loss: 0.09279843100532889
[2026-04-15 23:52:36,901][train][INFO] -     Kappa: 0.8842609585451676
[2026-04-15 23:52:36,901][train][INFO] -     OA: {'total': 91.41895639556672, 'roads': 0.9255610262750644, 'buildings': 0.9720148472776887, 'low veg.': 0.743081809757089, 'trees': 0.9432500295941504, 'cars': 0.9296057897321038, 'clutter': 0.6748712998712999}
[2026-04-15 23:52:36,901][train][INFO] -     F1: {'mean': 0.9017015042544763, 'roads': 0.9268034542852852, 'buildings': 0.967004137003405, 'low veg.': 0.7959454936542477, 'trees': 0.9091094789615433, 'cars': 0.9096449573678997, 'clutter': 0.46017990346643267}
[2026-04-15 23:52:36,901][train][INFO] -     MIoU: {'mean': 0.8256783080313816, 'roads': 0.863591536877398, 'buildings': 0.9361161759140487, 'low veg.': 0.6610543704287144, 'trees': 0.833364541563832, 'cars': 0.8342649153729145, 'clutter': 0.29885303127448887}
[2026-04-15 23:52:36,901][train][INFO] - 
[2026-04-15 23:52:36,901][train][INFO] - Train (epoch 13/100)
[2026-04-16 00:09:12,492][train][INFO] -     Training Loss: 0.0903106462918222
[2026-04-16 00:09:12,492][train][INFO] -     Kappa: 0.8896343856082272
[2026-04-16 00:09:12,492][train][INFO] -     OA: {'total': 91.7981691596887, 'roads': 0.9285878570841308, 'buildings': 0.9658574940894683, 'low veg.': 0.8151589376823727, 'trees': 0.9164295340514848, 'cars': 0.91137163111981, 'clutter': 0.2232947232947233}
[2026-04-16 00:09:12,492][train][INFO] -     F1: {'mean': 0.907681334182937, 'roads': 0.9278187568598152, 'buildings': 0.9664939284522793, 'low veg.': 0.8178689098030757, 'trees': 0.9143627905582248, 'cars': 0.9118622852412902, 'clutter': 0.24903561496366736}
[2026-04-16 00:09:12,492][train][INFO] -     MIoU: {'mean': 0.8345230155100971, 'roads': 0.8653562658328516, 'buildings': 0.9351603779210628, 'low veg.': 0.6918597409250371, 'trees': 0.8422360458963836, 'cars': 0.8380026469751506, 'clutter': 0.14222768726303925}
[2026-04-16 00:09:12,492][train][INFO] - 
[2026-04-16 00:09:12,492][train][INFO] - Train (epoch 14/100)
[2026-04-16 00:25:49,061][train][INFO] -     Training Loss: 0.08239298321679235
[2026-04-16 00:25:49,061][train][INFO] -     Kappa: 0.888686084222428
[2026-04-16 00:25:49,061][train][INFO] -     OA: {'total': 91.7323686514205, 'roads': 0.9350879876945236, 'buildings': 0.9628235348787292, 'low veg.': 0.8018196788518316, 'trees': 0.9189136215044755, 'cars': 0.9263638626014784, 'clutter': 0.08992921492921493}
[2026-04-16 00:25:49,061][train][INFO] -     F1: {'mean': 0.9075555498745642, 'roads': 0.9267886127539202, 'buildings': 0.9650224836847737, 'low veg.': 0.8166535642562267, 'trees': 0.9144528959799628, 'cars': 0.9148601926979372, 'clutter': 0.1122940940136601}
[2026-04-16 00:25:49,062][train][INFO] -     MIoU: {'mean': 0.8343132934813072, 'roads': 0.8635657651118588, 'buildings': 0.932409128191007, 'low veg.': 0.6901221312615289, 'trees': 0.8423889599940231, 'cars': 0.8430804828481183, 'clutter': 0.059487070341598385}
[2026-04-16 00:25:49,062][train][INFO] - 
[2026-04-16 00:25:49,062][train][INFO] - Train (epoch 15/100)
[2026-04-16 00:42:31,921][train][INFO] -     Training Loss: 0.07767344896867871
[2026-04-16 00:42:31,921][train][INFO] -     Kappa: 0.8902277234716396
[2026-04-16 00:42:31,922][train][INFO] -     OA: {'total': 91.84237746196827, 'roads': 0.9156548263922496, 'buildings': 0.9706471407520672, 'low veg.': 0.8152044124283859, 'trees': 0.9260651617661789, 'cars': 0.921843997390316, 'clutter': 0.21685971685971686}
[2026-04-16 00:42:31,922][train][INFO] -     F1: {'mean': 0.9090577999349696, 'roads': 0.927937670897835, 'buildings': 0.9663929564767109, 'low veg.': 0.8190130767512174, 'trees': 0.9150534036571931, 'cars': 0.9168918918918919, 'clutter': 0.23360194090633393}
[2026-04-16 00:42:31,922][train][INFO] -     MIoU: {'mean': 0.8367959612986265, 'roads': 0.8655631726888192, 'buildings': 0.9349713341566797, 'low veg.': 0.6934988530594314, 'trees': 0.8434087048539547, 'cars': 0.8465377417342483, 'clutter': 0.13224762091631512}
[2026-04-16 00:42:31,922][train][INFO] - 
[2026-04-16 00:42:31,922][train][INFO] - Train (epoch 16/100)
[2026-04-16 00:59:11,036][train][INFO] -     Training Loss: 0.0769860278069973
[2026-04-16 00:59:11,037][train][INFO] -     Kappa: 0.8898293104859633
[2026-04-16 00:59:11,037][train][INFO] -     OA: {'total': 91.83003986666799, 'roads': 0.9347283147720875, 'buildings': 0.9742689722027524, 'low veg.': 0.7662398241643155, 'trees': 0.9333696810205884, 'cars': 0.9048474209191738, 'clutter': 0.074002574002574}
[2026-04-16 00:59:11,037][train][INFO] -     F1: {'mean': 0.905583885122558, 'roads': 0.9293066749110276, 'buildings': 0.969823976715747, 'low veg.': 0.8065578526332585, 'trees': 0.9137723229707353, 'cars': 0.9084585983820213, 'clutter': 0.09557448576771245}
[2026-04-16 00:59:11,037][train][INFO] -     MIoU: {'mean': 0.8317390152235727, 'roads': 0.8679485088167558, 'buildings': 0.941415791860404, 'low veg.': 0.6758248436364344, 'trees': 0.841234616180855, 'cars': 0.8322713156234147, 'clutter': 0.05018546803403884}
[2026-04-16 00:59:11,037][train][INFO] - 
[2026-04-16 00:59:11,037][train][INFO] - Train (epoch 17/100)
[2026-04-16 01:15:47,647][train][INFO] -     Training Loss: 0.07589696698263287
[2026-04-16 01:15:47,648][train][INFO] -     Kappa: 0.8915234729379766
[2026-04-16 01:15:47,648][train][INFO] -     OA: {'total': 91.94887902396667, 'roads': 0.9333539395945146, 'buildings': 0.9765966733586, 'low veg.': 0.7888628212945833, 'trees': 0.9215381673480909, 'cars': 0.9108402779179026, 'clutter': 0.13867438867438867}
[2026-04-16 01:15:47,648][train][INFO] -     F1: {'mean': 0.9072960376036106, 'roads': 0.931135103134704, 'buildings': 0.9702823511909887, 'low veg.': 0.8112967323183857, 'trees': 0.9143967197247388, 'cars': 0.9093692816492354, 'clutter': 0.1659607239122064}
[2026-04-16 01:15:47,648][train][INFO] -     MIoU: {'mean': 0.8344048902953357, 'roads': 0.8711438703483314, 'buildings': 0.9422800049248778, 'low veg.': 0.6825056802449085, 'trees': 0.8422936226693125, 'cars': 0.8338012732892485, 'clutter': 0.09048918748687802}
[2026-04-16 01:15:47,648][train][INFO] - 
[2026-04-16 01:15:47,648][train][INFO] - Train (epoch 18/100)
[2026-04-16 01:32:33,748][train][INFO] -     Training Loss: 0.07082333109900356
[2026-04-16 01:32:33,748][train][INFO] -     Kappa: 0.889323607668787
[2026-04-16 01:32:33,749][train][INFO] -     OA: {'total': 91.78121557274925, 'roads': 0.9315399641784086, 'buildings': 0.9645286962974191, 'low veg.': 0.7923991718084136, 'trees': 0.9283994572888116, 'cars': 0.9293972840452793, 'clutter': 0.35682110682110685}
[2026-04-16 01:32:33,749][train][INFO] -     F1: {'mean': 0.9069838420047877, 'roads': 0.9262632290743624, 'buildings': 0.9667536955227147, 'low veg.': 0.8137329924301522, 'trees': 0.916111155725953, 'cars': 0.9120581372707561, 'clutter': 0.3905273351527423}
[2026-04-16 01:32:33,749][train][INFO] -     MIoU: {'mean': 0.8335606143587156, 'roads': 0.8626539149589313, 'buildings': 0.935646894001514, 'low veg.': 0.6859610755736535, 'trees': 0.8452076618055185, 'cars': 0.8383335254539608, 'clutter': 0.2426430368668636}
[2026-04-16 01:32:33,749][train][INFO] - 
[2026-04-16 01:32:33,749][train][INFO] - Train (epoch 19/100)
[2026-04-16 01:49:09,128][train][INFO] -     Training Loss: 0.07323778952658176
[2026-04-16 01:49:09,129][train][INFO] -     Kappa: 0.8916261979659602
[2026-04-16 01:49:09,129][train][INFO] -     OA: {'total': 91.95512984597805, 'roads': 0.9131163015299628, 'buildings': 0.9878488578258279, 'low veg.': 0.7980190925032126, 'trees': 0.923995392418434, 'cars': 0.9154408550078358, 'clutter': 0.019305019305019305}
[2026-04-16 01:49:09,129][train][INFO] -     F1: {'mean': 0.9070253273039084, 'roads': 0.929561459428002, 'buildings': 0.9702658162026117, 'low veg.': 0.8130743758604011, 'trees': 0.9156651566091543, 'cars': 0.9065598284193734, 'clutter': 0.02278769464489176}
[2026-04-16 01:49:09,129][train][INFO] -     MIoU: {'mean': 0.833841149044648, 'roads': 0.8683931157143154, 'buildings': 0.9422488167038673, 'low veg.': 0.6850255477884706, 'trees': 0.8444487071408302, 'cars': 0.8290895578757569, 'clutter': 0.01152516327314637}
[2026-04-16 01:49:09,129][train][INFO] - 
[2026-04-16 01:49:09,129][train][INFO] - Train (epoch 20/100)
[2026-04-16 02:05:47,687][train][INFO] -     Training Loss: 0.06661783172935247
[2026-04-16 02:05:47,687][train][INFO] -     Kappa: 0.8923035997691443
[2026-04-16 02:05:47,687][train][INFO] -     OA: {'total': 92.0050063144616, 'roads': 0.9329284931515404, 'buildings': 0.9739536454993936, 'low veg.': 0.7918283259436871, 'trees': 0.9247810032872271, 'cars': 0.9299891711562649, 'clutter': 0.23503861003861004}
[2026-04-16 02:05:47,687][train][INFO] -     F1: {'mean': 0.9091116985286909, 'roads': 0.9291735941523038, 'buildings': 0.9707343310607751, 'low veg.': 0.8137108692600622, 'trees': 0.9165243225181863, 'cars': 0.9154153756521278, 'clutter': 0.2959287016406725}
[2026-04-16 02:05:47,687][train][INFO] -     MIoU: {'mean': 0.8373428288687288, 'roads': 0.8677163628746566, 'buildings': 0.9431329153931921, 'low veg.': 0.6859296339944688, 'trees': 0.8459113033790924, 'cars': 0.8440239287022342, 'clutter': 0.17365981219541185}
[2026-04-16 02:05:47,687][train][INFO] - 
[2026-04-16 02:05:47,687][train][INFO] - Train (epoch 21/100)
[2026-04-16 02:22:23,734][train][INFO] -     Training Loss: 0.062376278411597014
[2026-04-16 02:22:23,734][train][INFO] -     Kappa: 0.8942547073279972
[2026-04-16 02:22:23,734][train][INFO] -     OA: {'total': 92.1466199599212, 'roads': 0.9313634580220279, 'buildings': 0.9777218918053229, 'low veg.': 0.803682420910115, 'trees': 0.9204657208679736, 'cars': 0.9160730980582067, 'clutter': 0.03137065637065637}
[2026-04-16 02:22:23,734][train][INFO] -     F1: {'mean': 0.9087377063923455, 'roads': 0.9334322405765714, 'buildings': 0.9729561006402411, 'low veg.': 0.8154833887946134, 'trees': 0.9148000233485959, 'cars': 0.9070167786017055, 'clutter': 0.05392699115044248}
[2026-04-16 02:22:23,734][train][INFO] -     MIoU: {'mean': 0.8367590653742655, 'roads': 0.8751738765112979, 'buildings': 0.9473364295788765, 'low veg.': 0.6884524717342393, 'trees': 0.8429782925091738, 'cars': 0.8298542565377398, 'clutter': 0.02771067216143243}
[2026-04-16 02:22:23,734][train][INFO] - 
[2026-04-16 02:22:23,734][train][INFO] - Train (epoch 22/100)
[2026-04-16 02:39:03,844][train][INFO] -     Training Loss: 0.06113018637150526
[2026-04-16 02:39:03,844][train][INFO] -     Kappa: 0.8905603202133031
[2026-04-16 02:39:03,844][train][INFO] -     OA: {'total': 91.87586602876226, 'roads': 0.9364727700747133, 'buildings': 0.973145413370258, 'low veg.': 0.7912636811806898, 'trees': 0.9181851501106366, 'cars': 0.9071208055045501, 'clutter': 0.0}
[2026-04-16 02:39:03,844][train][INFO] -     F1: {'mean': 0.9072247554752579, 'roads': 0.928690647612694, 'buildings': 0.9708609228881429, 'low veg.': 0.8094481057268722, 'trees': 0.9149077145584344, 'cars': 0.9122163865901458, 'clutter': 0.0}
[2026-04-16 02:39:03,844][train][INFO] -     MIoU: {'mean': 0.834380333902236, 'roads': 0.8668743958439264, 'buildings': 0.9433719353197003, 'low veg.': 0.6798931735949802, 'trees': 0.8431612009720661, 'cars': 0.8386009637805067, 'clutter': 0.0}
[2026-04-16 02:39:03,844][train][INFO] - 
[2026-04-16 02:39:03,844][train][INFO] - Train (epoch 23/100)
[2026-04-16 02:55:41,739][train][INFO] -     Training Loss: 0.060342651423066856
[2026-04-16 02:55:41,739][train][INFO] -     Kappa: 0.8861583647701097
[2026-04-16 02:55:41,739][train][INFO] -     OA: {'total': 91.53009657661428, 'roads': 0.9316683890586998, 'buildings': 0.9654175119174132, 'low veg.': 0.8386073703539106, 'trees': 0.8870443639078848, 'cars': 0.9243258876625168, 'clutter': 0.10891248391248391}
[2026-04-16 02:55:41,739][train][INFO] -     F1: {'mean': 0.9069478108321911, 'roads': 0.9256075076346865, 'buildings': 0.9663292345524652, 'low veg.': 0.814290256535314, 'trees': 0.910327898802123, 'cars': 0.918184156636367, 'clutter': 0.1488075612704693}
[2026-04-16 02:55:41,739][train][INFO] -     MIoU: {'mean': 0.8334561236636253, 'roads': 0.8615171031183664, 'buildings': 0.93485205043415, 'low veg.': 0.686753449588707, 'trees': 0.8354145231408596, 'cars': 0.8487434920360432, 'clutter': 0.08038470672049394}
[2026-04-16 02:55:41,739][train][INFO] - 
[2026-04-16 02:55:41,739][train][INFO] - Train (epoch 24/100)
[2026-04-16 03:12:17,137][train][INFO] -     Training Loss: 0.05841980906575918
[2026-04-16 03:12:17,137][train][INFO] -     Kappa: 0.8924733480010647
[2026-04-16 03:12:17,137][train][INFO] -     OA: {'total': 92.01518864895978, 'roads': 0.933364138653079, 'buildings': 0.9741164720953386, 'low veg.': 0.7970899607608063, 'trees': 0.921337382420164, 'cars': 0.929895007297699, 'clutter': 0.024613899613899613}
[2026-04-16 03:12:17,137][train][INFO] -     F1: {'mean': 0.9092165946820036, 'roads': 0.9321322227706508, 'buildings': 0.970598265095164, 'low veg.': 0.8127080861736029, 'trees': 0.9152792901589498, 'cars': 0.9153651092116502, 'clutter': 0.03357472021066491}
[2026-04-16 03:12:17,137][train][INFO] -     MIoU: {'mean': 0.8376007751932019, 'roads': 0.8728910476062187, 'buildings': 0.9428760727558827, 'low veg.': 0.6845057030283415, 'trees': 0.8437925835241686, 'cars': 0.8439384690513979, 'clutter': 0.017073987278205558}
[2026-04-16 03:12:17,137][train][INFO] - 
[2026-04-16 03:12:17,137][train][INFO] - Train (epoch 25/100)
[2026-04-16 03:28:59,830][train][INFO] -     Training Loss: 0.05611238838359713
[2026-04-16 03:28:59,831][train][INFO] -     Kappa: 0.8907449149436627
[2026-04-16 03:28:59,831][train][INFO] -     OA: {'total': 91.89258768474927, 'roads': 0.9393742981642735, 'buildings': 0.969892016278234, 'low veg.': 0.7851328586045454, 'trees': 0.9233516058241288, 'cars': 0.9182792227446075, 'clutter': 0.01624839124839125}
[2026-04-16 03:28:59,831][train][INFO] -     F1: {'mean': 0.9081914942006788, 'roads': 0.9290748050744962, 'buildings': 0.968009529045128, 'low veg.': 0.8122259443587416, 'trees': 0.9160683291607239, 'cars': 0.9155788633643048, 'clutter': 0.026091449237923017}
[2026-04-16 03:28:59,831][train][INFO] -     MIoU: {'mean': 0.8357610164829772, 'roads': 0.8675440726176258, 'buildings': 0.9380023908064344, 'low veg.': 0.683821927664715, 'trees': 0.845134756927457, 'cars': 0.8443019343986543, 'clutter': 0.013218165161628059}
[2026-04-16 03:28:59,831][train][INFO] - 
[2026-04-16 03:28:59,831][train][INFO] - Train (epoch 26/100)
[2026-04-16 03:45:37,227][train][INFO] -     Training Loss: 0.05473197994753718
[2026-04-16 03:45:37,228][train][INFO] -     Kappa: 0.8892946507426162
[2026-04-16 03:45:37,228][train][INFO] -     OA: {'total': 91.78743811049813, 'roads': 0.9325109561825549, 'buildings': 0.9735132945241766, 'low veg.': 0.7703804375910787, 'trees': 0.9314879483513782, 'cars': 0.9312603832469044, 'clutter': 0.0}
[2026-04-16 03:45:37,228][train][INFO] -     F1: {'mean': 0.9058683664685212, 'roads': 0.9307445357135363, 'buildings': 0.9683763675057055, 'low veg.': 0.8062756491659221, 'trees': 0.912795196217473, 'cars': 0.9111500837399685, 'clutter': 0.0}
[2026-04-16 03:45:37,228][train][INFO] -     MIoU: {'mean': 0.832192167268138, 'roads': 0.8704603967908094, 'buildings': 0.9386915314884097, 'low veg.': 0.6754286687731234, 'trees': 0.8395798041378586, 'cars': 0.8368004351504895, 'clutter': 0.0}
[2026-04-16 03:45:37,228][train][INFO] - 
[2026-04-16 03:45:37,228][train][INFO] - Train (epoch 27/100)
[2026-04-16 04:02:14,618][train][INFO] -     Training Loss: 0.05322180516459048
[2026-04-16 04:02:14,618][train][INFO] -     Kappa: 0.889164831824836
[2026-04-16 04:02:14,619][train][INFO] -     OA: {'total': 91.77430855584798, 'roads': 0.9392589863592795, 'buildings': 0.9687247542710633, 'low veg.': 0.7816437053649865, 'trees': 0.9222520693140531, 'cars': 0.9251195544704292, 'clutter': 0.0027348777348777348}
[2026-04-16 04:02:14,619][train][INFO] -     F1: {'mean': 0.9072033162745656, 'roads': 0.9268045971534585, 'buildings': 0.9689330867476942, 'low veg.': 0.8083362250601919, 'trees': 0.9153645799500092, 'cars': 0.9165780924614744, 'clutter': 0.004014167650531287}
[2026-04-16 04:02:14,619][train][INFO] -     MIoU: {'mean': 0.834319615026857, 'roads': 0.8635935214549034, 'buildings': 0.9397383179442522, 'low veg.': 0.6783257509871201, 'trees': 0.843937569278182, 'cars': 0.8460029154698273, 'clutter': 0.0020111203123151546}
[2026-04-16 04:02:14,619][train][INFO] - 
[2026-04-16 04:02:14,619][train][INFO] - Train (epoch 28/100)
[2026-04-16 04:18:55,016][train][INFO] -     Training Loss: 0.053567127088084816
[2026-04-16 04:18:55,016][train][INFO] -     Kappa: 0.8915492694501641
[2026-04-16 04:18:55,016][train][INFO] -     OA: {'total': 91.94584129417471, 'roads': 0.9326337611734329, 'buildings': 0.9712374102125653, 'low veg.': 0.8015423518022813, 'trees': 0.9197053788506543, 'cars': 0.9383226726393457, 'clutter': 0.001287001287001287}
[2026-04-16 04:18:55,016][train][INFO] -     F1: {'mean': 0.9078416805873883, 'roads': 0.9299256841960204, 'buildings': 0.9683118228774988, 'low veg.': 0.8165772576436379, 'trees': 0.9153815121503647, 'cars': 0.9090121260694203, 'clutter': 0.002137894174238375}
[2026-04-16 04:18:55,016][train][INFO] -     MIoU: {'mean': 0.8349559523187896, 'roads': 0.8690290669179727, 'buildings': 0.9385702427823043, 'low veg.': 0.6900131528803621, 'trees': 0.8439663553635345, 'cars': 0.8332009436497746, 'clutter': 0.001070090957731407}
[2026-04-16 04:18:55,016][train][INFO] - 
[2026-04-16 04:18:55,016][train][INFO] - Train (epoch 29/100)
[2026-04-16 04:35:32,902][train][INFO] -     Training Loss: 0.05360060920938849
[2026-04-16 04:35:32,902][train][INFO] -     Kappa: 0.8878163352334696
[2026-04-16 04:35:32,902][train][INFO] -     OA: {'total': 91.66266491492802, 'roads': 0.9272846671724567, 'buildings': 0.9625502517358182, 'low veg.': 0.8135242583654585, 'trees': 0.9171586883872553, 'cars': 0.9310720555297726, 'clutter': 0.03909266409266409}
[2026-04-16 04:35:32,903][train][INFO] -     F1: {'mean': 0.9073284214813311, 'roads': 0.9255731419670996, 'buildings': 0.964424967789276, 'low veg.': 0.8174801253243931, 'trees': 0.9140881167532914, 'cars': 0.9150757555725958, 'clutter': 0.053231106243154434}
[2026-04-16 04:35:32,903][train][INFO] -     MIoU: {'mean': 0.8338543913586308, 'roads': 0.8614575622780618, 'buildings': 0.9312941484601474, 'low veg.': 0.6913034975827761, 'trees': 0.8417700651919466, 'cars': 0.8434466832802228, 'clutter': 0.027343310453471364}
[2026-04-16 04:35:32,903][train][INFO] - 
[2026-04-16 04:35:32,903][train][INFO] - Train (epoch 30/100)
[2026-04-16 04:52:04,772][train][INFO] -     Training Loss: 0.052776919515803454
[2026-04-16 04:52:04,772][train][INFO] -     Kappa: 0.8898543608214392
[2026-04-16 04:52:04,772][train][INFO] -     OA: {'total': 91.82477333699143, 'roads': 0.9318063885653983, 'buildings': 0.9717100314644418, 'low veg.': 0.7893017214947411, 'trees': 0.923704231508209, 'cars': 0.9245142153796485, 'clutter': 0.005791505791505791}
[2026-04-16 04:52:04,772][train][INFO] -     F1: {'mean': 0.9075979723536962, 'roads': 0.9279045220115586, 'buildings': 0.9675325444335636, 'low veg.': 0.8132848131854206, 'trees': 0.9149256309262785, 'cars': 0.9143423512116596, 'clutter': 0.008190194517119782}
[2026-04-16 04:52:04,772][train][INFO] -     MIoU: {'mean': 0.8346659798182557, 'roads': 0.8655054900078242, 'buildings': 0.9371070625201954, 'low veg.': 0.685324349280864, 'trees': 0.8431916346040952, 'cars': 0.8422013626783, 'clutter': 0.004111936036550542}
[2026-04-16 04:52:04,772][train][INFO] - 
[2026-04-16 04:52:04,772][train][INFO] - Train (epoch 31/100)
[2026-04-16 05:08:45,917][train][INFO] -     Training Loss: 0.048049837473779916
[2026-04-16 05:08:45,917][train][INFO] -     Kappa: 0.8886430448858621
[2026-04-16 05:08:45,917][train][INFO] -     OA: {'total': 91.72748113086138, 'roads': 0.9323082238755798, 'buildings': 0.9677323049625969, 'low veg.': 0.805564455284889, 'trees': 0.9131466321856874, 'cars': 0.928617069217162, 'clutter': 0.08976833976833977}
[2026-04-16 05:08:45,917][train][INFO] -     F1: {'mean': 0.9079384672909455, 'roads': 0.9264141591251086, 'buildings': 0.967325428534985, 'low veg.': 0.8134534723413226, 'trees': 0.9141144853056293, 'cars': 0.9183847911476817, 'clutter': 0.1236154186973859}
[2026-04-16 05:08:45,917][train][INFO] -     MIoU: {'mean': 0.8352198895372419, 'roads': 0.8629157761340732, 'buildings': 0.9367185512883099, 'low veg.': 0.6855639061592038, 'trees': 0.8418147888849155, 'cars': 0.8490864252197069, 'clutter': 0.06587957497048406}
[2026-04-16 05:08:45,917][train][INFO] - 
[2026-04-16 05:08:45,917][train][INFO] - Train (epoch 32/100)
[2026-04-16 05:25:23,914][train][INFO] -     Training Loss: 0.04795147433690727
[2026-04-16 05:25:23,914][train][INFO] -     Kappa: 0.8907506964820008
[2026-04-16 05:25:23,914][train][INFO] -     OA: {'total': 91.88927842603736, 'roads': 0.936843890920028, 'buildings': 0.967404438951736, 'low veg.': 0.7940279945292502, 'trees': 0.9229479871424799, 'cars': 0.9251733623896097, 'clutter': 0.01463963963963964}
[2026-04-16 05:25:23,914][train][INFO] -     F1: {'mean': 0.9093448958175119, 'roads': 0.928675492193224, 'buildings': 0.9676456836041792, 'low veg.': 0.8153201442354546, 'trees': 0.9155349377914193, 'cars': 0.9195482212632824, 'clutter': 0.019624757386241105}
[2026-04-16 05:25:23,914][train][INFO] -     MIoU: {'mean': 0.8375383809873549, 'roads': 0.8668479862319363, 'buildings': 0.9373193565775423, 'low veg.': 0.6882198091477459, 'trees': 0.844227232112831, 'cars': 0.8510775208667191, 'clutter': 0.009909615594032452}
[2026-04-16 05:25:23,914][train][INFO] - 
[2026-04-16 05:25:23,914][train][INFO] - Train (epoch 33/100)
[2026-04-16 05:41:58,686][train][INFO] -     Training Loss: 0.04660758875310421
[2026-04-16 05:41:58,687][train][INFO] -     Kappa: 0.8882047192440904
[2026-04-16 05:41:58,687][train][INFO] -     OA: {'total': 91.69333071232501, 'roads': 0.933075234708437, 'buildings': 0.9628425282415631, 'low veg.': 0.8059540911768658, 'trees': 0.9168670721824093, 'cars': 0.9275476368234495, 'clutter': 0.006113256113256113}
[2026-04-16 05:41:58,687][train][INFO] -     F1: {'mean': 0.9070588325688773, 'roads': 0.9260890367491026, 'buildings': 0.9665109570550966, 'low veg.': 0.8141210770774269, 'trees': 0.9141746567938448, 'cars': 0.9143984351689156, 'clutter': 0.008261767583432982}
[2026-04-16 05:41:58,687][train][INFO] -     MIoU: {'mean': 0.833654050205061, 'roads': 0.8623517856132927, 'buildings': 0.9351922631913404, 'low veg.': 0.6865128145384715, 'trees': 0.8419168538602431, 'cars': 0.8422965338219576, 'clutter': 0.0041480187752428775}
[2026-04-16 05:41:58,687][train][INFO] - 
[2026-04-16 05:41:58,687][train][INFO] - Train (epoch 34/100)
[2026-04-16 05:58:42,682][train][INFO] -     Training Loss: 0.04583946125581861
[2026-04-16 05:58:42,682][train][INFO] -     Kappa: 0.8857776032759646
[2026-04-16 05:58:42,682][train][INFO] -     OA: {'total': 91.50883246807061, 'roads': 0.9362640015902206, 'buildings': 0.9583501369273939, 'low veg.': 0.8168800879178423, 'trees': 0.9041302051557563, 'cars': 0.9322558297517437, 'clutter': 0.0}
[2026-04-16 05:58:42,682][train][INFO] -     F1: {'mean': 0.9064707407054611, 'roads': 0.9237260081781248, 'buildings': 0.9642557499127045, 'low veg.': 0.8148822618805623, 'trees': 0.9124503038914882, 'cars': 0.917039379664426, 'clutter': 0.0}
[2026-04-16 05:58:42,682][train][INFO] -     MIoU: {'mean': 0.8325246342888262, 'roads': 0.8582628728345251, 'buildings': 0.9309786173869024, 'low veg.': 0.687596038494563, 'trees': 0.8389964221004639, 'cars': 0.8467892206276767, 'clutter': 0.0}
[2026-04-16 05:58:42,682][train][INFO] - 
[2026-04-16 05:58:42,683][train][INFO] - Train (epoch 35/100)
[2026-04-16 06:15:20,583][train][INFO] -     Training Loss: 0.044962499625980853
[2026-04-16 06:15:20,583][train][INFO] -     Kappa: 0.8914281984335207
[2026-04-16 06:15:20,583][train][INFO] -     OA: {'total': 91.93737298598373, 'roads': 0.9383579307567181, 'buildings': 0.9744791900049917, 'low veg.': 0.798243365682414, 'trees': 0.911381682586802, 'cars': 0.9350740195188226, 'clutter': 0.008526383526383526}
[2026-04-16 06:15:20,583][train][INFO] -     F1: {'mean': 0.9081005148936507, 'roads': 0.9301424579250699, 'buildings': 0.9712166367343458, 'low veg.': 0.8117537176827767, 'trees': 0.9143499959289706, 'cars': 0.9130397661970906, 'clutter': 0.011653474054529463}
[2026-04-16 06:15:20,583][train][INFO] -     MIoU: {'mean': 0.8357624899733, 'roads': 0.869407768179219, 'buildings': 0.9440438788312293, 'low veg.': 0.6831527518855427, 'trees': 0.8422143347306142, 'cars': 0.8399937162398946, 'clutter': 0.005860886873825058}
[2026-04-16 06:15:20,583][train][INFO] - 
[2026-04-16 06:15:20,583][train][INFO] - Train (epoch 36/100)
[2026-04-16 06:31:54,378][train][INFO] -     Training Loss: 0.04414466287009418
[2026-04-16 06:31:54,379][train][INFO] -     Kappa: 0.8890312712773446
[2026-04-16 06:31:54,379][train][INFO] -     OA: {'total': 91.75901808354322, 'roads': 0.9390285708933439, 'buildings': 0.9668632203117604, 'low veg.': 0.7943545858869815, 'trees': 0.9152867445523999, 'cars': 0.9386455201544287, 'clutter': 0.03314028314028314}
[2026-04-16 06:31:54,379][train][INFO] -     F1: {'mean': 0.9071637949700918, 'roads': 0.9276460752293291, 'buildings': 0.9683967235644401, 'low veg.': 0.8108704233648516, 'trees': 0.9138810010280674, 'cars': 0.9150247516637707, 'clutter': 0.047031963470319633}
[2026-04-16 06:31:54,379][train][INFO] -     MIoU: {'mean': 0.8340934085476743, 'roads': 0.8650558866819196, 'buildings': 0.9387297866196065, 'low veg.': 0.68190249346867, 'trees': 0.8414188517953398, 'cars': 0.8433600241728357, 'clutter': 0.02408230067804536}
[2026-04-16 06:31:54,379][train][INFO] - 
[2026-04-16 06:31:54,379][train][INFO] - Train (epoch 37/100)
[2026-04-16 06:48:34,961][train][INFO] -     Training Loss: 0.04399019068852067
[2026-04-16 06:48:34,961][train][INFO] -     Kappa: 0.8914701061979261
[2026-04-16 06:48:34,961][train][INFO] -     OA: {'total': 91.94181927204794, 'roads': 0.9356857774128319, 'buildings': 0.9700494952283325, 'low veg.': 0.7942167836263354, 'trees': 0.9225109043061765, 'cars': 0.9384033845181164, 'clutter': 0.0006435006435006435}
[2026-04-16 06:48:34,961][train][INFO] -     F1: {'mean': 0.910023206195909, 'roads': 0.9303107557485603, 'buildings': 0.9691515513668412, 'low veg.': 0.8138482429166748, 'trees': 0.9148412707550387, 'cars': 0.9219642101924297, 'clutter': 0.0010065425264217413}
[2026-04-16 06:48:34,961][train][INFO] -     MIoU: {'mean': 0.8388500998429578, 'roads': 0.8697018884204865, 'buildings': 0.9401494008667095, 'low veg.': 0.6861248892113755, 'trees': 0.8430483450025537, 'cars': 0.855225975713664, 'clutter': 0.0005035246727089627}
[2026-04-16 06:48:34,962][train][INFO] - 
[2026-04-16 06:48:34,962][train][INFO] - Train (epoch 38/100)
[2026-04-16 07:05:11,711][train][INFO] -     Training Loss: 0.04857189917564392
[2026-04-16 07:05:11,712][train][INFO] -     Kappa: 0.8869364131111405
[2026-04-16 07:05:11,712][train][INFO] -     OA: {'total': 91.60860237559521, 'roads': 0.9368613750204241, 'buildings': 0.9639568669950122, 'low veg.': 0.779745134718935, 'trees': 0.9249902111656453, 'cars': 0.9355650167813448, 'clutter': 0.004665379665379665}
[2026-04-16 07:05:11,712][train][INFO] -     F1: {'mean': 0.9063159858540006, 'roads': 0.9241133686627047, 'buildings': 0.9657200400661661, 'low veg.': 0.8088714569699136, 'trees': 0.9152760451792614, 'cars': 0.9175990183919571, 'clutter': 0.006002897950734837}
[2026-04-16 07:05:11,712][train][INFO] -     MIoU: {'mean': 0.8326510762392203, 'roads': 0.8589319187971124, 'buildings': 0.9337124158607367, 'low veg.': 0.6790799042664554, 'trees': 0.8437870677710994, 'cars': 0.8477440745006979, 'clutter': 0.00301048479186131}
[2026-04-16 07:05:11,712][train][INFO] - 
[2026-04-16 07:05:11,712][train][INFO] - Train (epoch 39/100)
[2026-04-16 07:21:46,500][train][INFO] -     Training Loss: 0.04166991877928376
[2026-04-16 07:21:46,500][train][INFO] -     Kappa: 0.8875449132898541
[2026-04-16 07:21:46,500][train][INFO] -     OA: {'total': 91.64869814610802, 'roads': 0.9362359021431552, 'buildings': 0.9619714151733366, 'low veg.': 0.7957439771799456, 'trees': 0.9193522978719529, 'cars': 0.9294847219139477, 'clutter': 0.019144144144144143}
[2026-04-16 07:21:46,500][train][INFO] -     F1: {'mean': 0.9072846834765625, 'roads': 0.9242947633004746, 'buildings': 0.9653570513892857, 'low veg.': 0.8127558759768371, 'trees': 0.9156891327707001, 'cars': 0.9183265939455156, 'clutter': 0.02618838028169014}
[2026-04-16 07:21:46,500][train][INFO] -     MIoU: {'mean': 0.8340658659035645, 'roads': 0.8592453878317001, 'buildings': 0.9330340023923582, 'low veg.': 0.6845735089618185, 'trees': 0.8444894913859226, 'cars': 0.8489869389460233, 'clutter': 0.013267922845356227}
[2026-04-16 07:21:46,501][train][INFO] - 
[2026-04-16 07:21:46,501][train][INFO] - Train (epoch 40/100)
[2026-04-16 07:38:27,695][train][INFO] -     Training Loss: 0.04075705031864345
[2026-04-16 07:38:27,695][train][INFO] -     Kappa: 0.8892563081808107
[2026-04-16 07:38:27,695][train][INFO] -     OA: {'total': 91.77388994876306, 'roads': 0.931057902553199, 'buildings': 0.9678894151095336, 'low veg.': 0.800841627306896, 'trees': 0.9194852439013286, 'cars': 0.9265118343792248, 'clutter': 0.015283140283140283}
[2026-04-16 07:38:27,695][train][INFO] -     F1: {'mean': 0.9074470292832725, 'roads': 0.9276563039845441, 'buildings': 0.9678357847396786, 'low veg.': 0.812551033248511, 'trees': 0.9145471895764917, 'cars': 0.9146448348671368, 'clutter': 0.021200624860522203}
[2026-04-16 07:38:27,695][train][INFO] -     MIoU: {'mean': 0.8344593074777448, 'roads': 0.8650736768738123, 'buildings': 0.9376761666704182, 'low veg.': 0.6842829089922167, 'trees': 0.8425490088506614, 'cars': 0.842714776001615, 'clutter': 0.010713882936731702}
[2026-04-16 07:38:27,695][train][INFO] - 
[2026-04-16 07:38:27,695][train][INFO] - Train (epoch 41/100)
[2026-04-16 07:55:02,670][train][INFO] -     Training Loss: 0.04049188173189759
[2026-04-16 07:55:02,670][train][INFO] -     Kappa: 0.8908295932548603
[2026-04-16 07:55:02,670][train][INFO] -     OA: {'total': 91.88977057220477, 'roads': 0.9336855130698855, 'buildings': 0.9685246785557742, 'low veg.': 0.8065810914628054, 'trees': 0.9161813984829583, 'cars': 0.942243924749625, 'clutter': 0.004021879021879022}
[2026-04-16 07:55:02,670][train][INFO] -     F1: {'mean': 0.9087150429983598, 'roads': 0.9286971413641463, 'buildings': 0.9680512695464593, 'low veg.': 0.8170144770351635, 'trees': 0.9150523625681531, 'cars': 0.914759964477877, 'clutter': 0.005061753391374772}
[2026-04-16 07:55:02,670][train][INFO] -     MIoU: {'mean': 0.8363842911413231, 'roads': 0.8668857119887697, 'buildings': 0.938080779576134, 'low veg.': 0.6906377645159473, 'trees': 0.8434069359643488, 'cars': 0.8429102636614159, 'clutter': 0.0025372982847863593}
[2026-04-16 07:55:02,670][train][INFO] - 
[2026-04-16 07:55:02,671][train][INFO] - Train (epoch 42/100)
[2026-04-16 08:11:37,443][train][INFO] -     Training Loss: 0.04127743645757437
[2026-04-16 08:11:37,443][train][INFO] -     Kappa: 0.889013096660739
[2026-04-16 08:11:37,443][train][INFO] -     OA: {'total': 91.75368367163668, 'roads': 0.931484389716435, 'buildings': 0.9714417271642153, 'low veg.': 0.805926186219085, 'trees': 0.9099434068785911, 'cars': 0.9424255264768592, 'clutter': 0.0}
[2026-04-16 08:11:37,443][train][INFO] -     F1: {'mean': 0.9079172818280627, 'roads': 0.9268530807954607, 'buildings': 0.9695511465262445, 'low veg.': 0.8114749876121347, 'trees': 0.9135634412168068, 'cars': 0.9181437529896664, 'clutter': 0.0}
[2026-04-16 08:11:37,443][train][INFO] -     MIoU: {'mean': 0.8353785136683353, 'roads': 0.863677716637795, 'buildings': 0.9409017665047439, 'low veg.': 0.6827580228890602, 'trees': 0.8408806145477984, 'cars': 0.8486744477622788, 'clutter': 0.0}
[2026-04-16 08:11:37,443][train][INFO] - 
[2026-04-16 08:11:37,443][train][INFO] - Train (epoch 43/100)
[2026-04-16 08:28:16,396][train][INFO] -     Training Loss: 0.041028451908379795
[2026-04-16 08:28:16,396][train][INFO] -     Kappa: 0.8877041840626269
[2026-04-16 08:28:16,396][train][INFO] -     OA: {'total': 91.66733747509217, 'roads': 0.9337725172837618, 'buildings': 0.9698662000569064, 'low veg.': 0.7775533897633591, 'trees': 0.9248652327921398, 'cars': 0.9362107118115108, 'clutter': 0.0033783783783783786}
[2026-04-16 08:28:16,396][train][INFO] -     F1: {'mean': 0.906238179352599, 'roads': 0.9252272369869476, 'buildings': 0.9676726326712344, 'low veg.': 0.808781231931746, 'trees': 0.9136940728792013, 'cars': 0.9158157222938653, 'clutter': 0.004556797222523598}
[2026-04-16 08:28:16,396][train][INFO] -     MIoU: {'mean': 0.8325975938715443, 'roads': 0.8608584705785955, 'buildings': 0.9373699306017327, 'low veg.': 0.6789527277540381, 'trees': 0.8411019861604762, 'cars': 0.8447048542628791, 'clutter': 0.0022836015658982164}
[2026-04-16 08:28:16,396][train][INFO] - 
[2026-04-16 08:28:16,396][train][INFO] - Train (epoch 44/100)
[2026-04-16 08:44:52,189][train][INFO] -     Training Loss: 0.0398681083843112
[2026-04-16 08:44:52,189][train][INFO] -     Kappa: 0.8917681117926384
[2026-04-16 08:44:52,189][train][INFO] -     OA: {'total': 91.96835556712068, 'roads': 0.9282156955185544, 'buildings': 0.9781301569054612, 'low veg.': 0.7835812051496704, 'trees': 0.9288700042797694, 'cars': 0.9363923135387451, 'clutter': 0.0}
[2026-04-16 08:44:52,189][train][INFO] -     F1: {'mean': 0.9088072116880754, 'roads': 0.9309373759868602, 'buildings': 0.9707685872647507, 'low veg.': 0.8116351877521184, 'trees': 0.9137905955759024, 'cars': 0.9169043118607454, 'clutter': 0.0}
[2026-04-16 08:44:52,189][train][INFO] -     MIoU: {'mean': 0.8369609523126158, 'roads': 0.8707977952612606, 'buildings': 0.943197589242705, 'low veg.': 0.6829848707964091, 'trees': 0.8412655900916169, 'cars': 0.8465589161710874, 'clutter': 0.0}
[2026-04-16 08:44:52,189][train][INFO] - 
[2026-04-16 08:44:52,189][train][INFO] - Train (epoch 45/100)
[2026-04-16 09:01:28,863][train][INFO] -     Training Loss: 0.03764420759305358
[2026-04-16 09:01:28,863][train][INFO] -     Kappa: 0.8899747525852966
[2026-04-16 09:01:28,863][train][INFO] -     OA: {'total': 91.83157287369521, 'roads': 0.9320197362190424, 'buildings': 0.9725057242860754, 'low veg.': 0.7902280971919344, 'trees': 0.9217528387619629, 'cars': 0.9364932033872085, 'clutter': 0.0}
[2026-04-16 09:01:28,863][train][INFO] -     F1: {'mean': 0.9072922442297078, 'roads': 0.9279475265356163, 'buildings': 0.9695393304469367, 'low veg.': 0.8112425809490867, 'trees': 0.9143110888111778, 'cars': 0.9134206944057206, 'clutter': 0.0}
[2026-04-16 09:01:28,863][train][INFO] -     MIoU: {'mean': 0.8343351921457545, 'roads': 0.8655803232624556, 'buildings': 0.9408795105857368, 'low veg.': 0.6824290372015269, 'trees': 0.8421483165099414, 'cars': 0.8406387731691118, 'clutter': 0.0}
[2026-04-16 09:01:28,863][train][INFO] - 
[2026-04-16 09:01:28,863][train][INFO] - Train (epoch 46/100)
[2026-04-16 09:18:07,513][train][INFO] -     Training Loss: 0.037589514266699556
[2026-04-16 09:18:07,514][train][INFO] -     Kappa: 0.8894647550763212
[2026-04-16 09:18:07,514][train][INFO] -     OA: {'total': 91.79410753959444, 'roads': 0.9355523570752846, 'buildings': 0.9699722309659305, 'low veg.': 0.7885245167446971, 'trees': 0.9206218869230279, 'cars': 0.9368765848113696, 'clutter': 0.0}
[2026-04-16 09:18:07,514][train][INFO] -     F1: {'mean': 0.9074276711862626, 'roads': 0.9274410495991495, 'buildings': 0.9687261650603669, 'low veg.': 0.8104488887149941, 'trees': 0.9147450628327669, 'cars': 0.9157771897240348, 'clutter': 0.0}
[2026-04-16 09:18:07,514][train][INFO] -     MIoU: {'mean': 0.8345758453967397, 'roads': 0.8646993708388098, 'buildings': 0.9393491158602627, 'low veg.': 0.6813064869818929, 'trees': 0.842884958644338, 'cars': 0.8446392946583956, 'clutter': 0.0}
[2026-04-16 09:18:07,514][train][INFO] - 
[2026-04-16 09:18:07,514][train][INFO] - Train (epoch 47/100)
[2026-04-16 09:34:46,463][train][INFO] -     Training Loss: 0.03694879434257746
[2026-04-16 09:34:46,463][train][INFO] -     Kappa: 0.8901047513802881
[2026-04-16 09:34:46,463][train][INFO] -     OA: {'total': 91.84095759199103, 'roads': 0.9333814146094229, 'buildings': 0.9706504599805235, 'low veg.': 0.7931395144537347, 'trees': 0.9210450832733862, 'cars': 0.9353901410440082, 'clutter': 0.0}
[2026-04-16 09:34:46,463][train][INFO] -     F1: {'mean': 0.9073163600333171, 'roads': 0.9277425817708913, 'buildings': 0.9681328970917864, 'low veg.': 0.8136921289096739, 'trees': 0.9152436052580591, 'cars': 0.9117705871361745, 'clutter': 0.0}
[2026-04-16 09:34:46,463][train][INFO] -     MIoU: {'mean': 0.8341881084753204, 'roads': 0.8652237475802299, 'buildings': 0.9382340946457167, 'low veg.': 0.6859030010159302, 'trees': 0.8437319288408454, 'cars': 0.8378477702938802, 'clutter': 0.0}
[2026-04-16 09:34:46,464][train][INFO] - 
[2026-04-16 09:34:46,464][train][INFO] - Train (epoch 48/100)
[2026-04-16 09:51:21,060][train][INFO] -     Training Loss: 0.036817090166732666
[2026-04-16 09:51:21,060][train][INFO] -     Kappa: 0.8898240751173672
[2026-04-16 09:51:21,060][train][INFO] -     OA: {'total': 91.82024219813974, 'roads': 0.9298937528684852, 'buildings': 0.9705934798920218, 'low veg.': 0.7910793706570757, 'trees': 0.9254145457525564, 'cars': 0.9365268333366963, 'clutter': 0.0032175032175032173}
[2026-04-16 09:51:21,060][train][INFO] -     F1: {'mean': 0.907887874684852, 'roads': 0.9281373998082252, 'buildings': 0.967834953769061, 'low veg.': 0.8130629749419885, 'trees': 0.9145894046305835, 'cars': 0.9158146402744024, 'clutter': 0.004170141784820684}
[2026-04-16 09:51:21,060][train][INFO] -     MIoU: {'mean': 0.8351836904454816, 'roads': 0.8659107983076983, 'buildings': 0.9376746066951346, 'low veg.': 0.6850093625668557, 'trees': 0.8426206714144941, 'cars': 0.8447030132432252, 'clutter': 0.002089427496865859}
[2026-04-16 09:51:21,060][train][INFO] - 
[2026-04-16 09:51:21,060][train][INFO] - Train (epoch 49/100)
[2026-04-16 10:07:57,260][train][INFO] -     Training Loss: 0.03633139486983419
[2026-04-16 10:07:57,260][train][INFO] -     Kappa: 0.8871534001532616
[2026-04-16 10:07:57,260][train][INFO] -     OA: {'total': 91.62019326636563, 'roads': 0.9353335976762798, 'buildings': 0.9666000792557995, 'low veg.': 0.7928787236754619, 'trees': 0.9150017301195603, 'cars': 0.9412013963155027, 'clutter': 0.0}
[2026-04-16 10:07:57,260][train][INFO] -     F1: {'mean': 0.9065541660372277, 'roads': 0.9248917204741155, 'buildings': 0.9667450122036821, 'low veg.': 0.8094828676236151, 'trees': 0.9140476810439027, 'cars': 0.9176035488408235, 'clutter': 0.0}
[2026-04-16 10:07:57,260][train][INFO] -     MIoU: {'mean': 0.8330607772444365, 'roads': 0.86027773954265, 'buildings': 0.9356306271170437, 'low veg.': 0.6799422247774046, 'trees': 0.8417014864175225, 'cars': 0.847751808367562, 'clutter': 0.0}
[2026-04-16 10:07:57,260][train][INFO] - 
[2026-04-16 10:07:57,260][train][INFO] - Train (epoch 50/100)
[2026-04-16 10:24:36,741][train][INFO] -     Training Loss: 0.036089329905807974
[2026-04-16 10:24:36,741][train][INFO] -     Kappa: 0.8909445776118585
[2026-04-16 10:24:36,741][train][INFO] -     OA: {'total': 91.9018988639626, 'roads': 0.9323702508031758, 'buildings': 0.9730458365165656, 'low veg.': 0.7969466464097343, 'trees': 0.9188257496425937, 'cars': 0.9443895155269477, 'clutter': 0.00016087516087516087}
[2026-04-16 10:24:36,741][train][INFO] -     F1: {'mean': 0.9082590689049276, 'roads': 0.9297746657846555, 'buildings': 0.9689343023822161, 'low veg.': 0.8141171758891201, 'trees': 0.9143540579891049, 'cars': 0.9141151424795412, 'clutter': 0.00021708455443395202}
[2026-04-16 10:24:36,741][train][INFO] -     MIoU: {'mean': 0.8358100665164683, 'roads': 0.8687653301221251, 'buildings': 0.9397406049109007, 'low veg.': 0.686507266432084, 'trees': 0.8422212275721183, 'cars': 0.8418159035451128, 'clutter': 0.00010855405992184108}
[2026-04-16 10:24:36,741][train][INFO] - 
[2026-04-16 10:24:36,741][train][INFO] - Train (epoch 51/100)
[2026-04-16 10:41:12,214][train][INFO] -     Training Loss: 0.03521771877259016
[2026-04-16 10:41:12,215][train][INFO] -     Kappa: 0.888713073069067
[2026-04-16 10:41:12,215][train][INFO] -     OA: {'total': 91.732385621978, 'roads': 0.926475194952923, 'buildings': 0.9692279861853712, 'low veg.': 0.8034960433525912, 'trees': 0.9190058186652583, 'cars': 0.9391432434068484, 'clutter': 0.006274131274131274}
[2026-04-16 10:41:12,215][train][INFO] -     F1: {'mean': 0.9073219316611179, 'roads': 0.9269613110209398, 'buildings': 0.9671583754427573, 'low veg.': 0.8132997642726626, 'trees': 0.9141122520422184, 'cars': 0.9150779555270108, 'clutter': 0.008306709265175719}
[2026-04-16 10:41:12,215][train][INFO] -     MIoU: {'mean': 0.8341756004221906, 'roads': 0.8638656933263931, 'buildings': 0.9364053040148896, 'low veg.': 0.6853455824706945, 'trees': 0.8418110009633871, 'cars': 0.8434504213355886, 'clutter': 0.004170676932948348}
[2026-04-16 10:41:12,215][train][INFO] - 
[2026-04-16 10:41:12,215][train][INFO] - Train (epoch 52/100)
[2026-04-16 10:57:45,765][train][INFO] -     Training Loss: 0.034750418407842515
[2026-04-16 10:57:45,765][train][INFO] -     Kappa: 0.8894760639818997
[2026-04-16 10:57:45,765][train][INFO] -     OA: {'total': 91.79913648146604, 'roads': 0.9361461920565985, 'buildings': 0.9715081117333435, 'low veg.': 0.7806287917153281, 'trees': 0.9238649505094747, 'cars': 0.9259804811773172, 'clutter': 0.0}
[2026-04-16 10:57:45,765][train][INFO] -     F1: {'mean': 0.9074355427080871, 'roads': 0.9282020124305436, 'buildings': 0.9678335919887368, 'low veg.': 0.8099921983426169, 'trees': 0.9147874846199561, 'cars': 0.9163624261585822, 'clutter': 0.0}
[2026-04-16 10:57:45,765][train][INFO] -     MIoU: {'mean': 0.834589821061873, 'roads': 0.8660232834878249, 'buildings': 0.9376720502399604, 'low veg.': 0.6806612504678545, 'trees': 0.842956998426797, 'cars': 0.8456355226869283, 'clutter': 0.0}
[2026-04-16 10:57:45,765][train][INFO] - 
[2026-04-16 10:57:45,765][train][INFO] - Train (epoch 53/100)
[2026-04-16 11:14:25,763][train][INFO] -     Training Loss: 0.03426199577189982
[2026-04-16 11:14:25,764][train][INFO] -     Kappa: 0.8890534558844856
[2026-04-16 11:14:25,764][train][INFO] -     OA: {'total': 91.76636067808691, 'roads': 0.9292630763899079, 'buildings': 0.9725684208235854, 'low veg.': 0.7806305142435862, 'trees': 0.9286286981305603, 'cars': 0.9298546513583137, 'clutter': 0.0028957528957528956}
[2026-04-16 11:14:25,764][train][INFO] -     F1: {'mean': 0.9065007267154398, 'roads': 0.927420633894343, 'buildings': 0.9682140929267162, 'low veg.': 0.8091420311466676, 'trees': 0.9146986159028339, 'cars': 0.9130282597066379, 'clutter': 0.0036533387456870307}
[2026-04-16 11:14:25,764][train][INFO] -     MIoU: {'mean': 0.8330584472123699, 'roads': 0.8646638777526001, 'buildings': 0.938386622931406, 'low veg.': 0.679461407077608, 'trees': 0.8428060899081481, 'cars': 0.8399742383920868, 'clutter': 0.0018300122000813339}
[2026-04-16 11:14:25,764][train][INFO] - 
[2026-04-16 11:14:25,764][train][INFO] - Train (epoch 54/100)
[2026-04-16 11:31:06,060][train][INFO] -     Training Loss: 0.0337844478841871
[2026-04-16 11:31:06,060][train][INFO] -     Kappa: 0.8893827034803878
[2026-04-16 11:31:06,061][train][INFO] -     OA: {'total': 91.78627845573584, 'roads': 0.9335416855297214, 'buildings': 0.9695816684175597, 'low veg.': 0.7935157146252985, 'trees': 0.919849479598248, 'cars': 0.931112411469158, 'clutter': 0.025096525096525095}
[2026-04-16 11:31:06,061][train][INFO] -     F1: {'mean': 0.9071462424371319, 'roads': 0.9274501100669459, 'buildings': 0.9684028946792624, 'low veg.': 0.8118284278782228, 'trees': 0.9144502230465478, 'cars': 0.9135995565146805, 'clutter': 0.03283864856330913}
[2026-04-16 11:31:06,061][train][INFO] -     MIoU: {'mean': 0.8340082655208441, 'roads': 0.8647151230651238, 'buildings': 0.9387413842908883, 'low veg.': 0.68325858565064, 'trees': 0.8423844235065039, 'cars': 0.8409418110910648, 'clutter': 0.016693418940609953}
[2026-04-16 11:31:06,061][train][INFO] - 
[2026-04-16 11:31:06,061][train][INFO] - Train (epoch 55/100)
[2026-04-16 11:47:34,566][train][INFO] -     Training Loss: 0.03346205268241465
[2026-04-16 11:47:34,566][train][INFO] -     Kappa: 0.8887227046888816
[2026-04-16 11:47:34,566][train][INFO] -     OA: {'total': 91.73945103074924, 'roads': 0.9315010412406218, 'buildings': 0.9712320625667188, 'low veg.': 0.7867206851528399, 'trees': 0.9222459228366676, 'cars': 0.9440599420219671, 'clutter': 0.0006435006435006435}
[2026-04-16 11:47:34,566][train][INFO] -     F1: {'mean': 0.9067659691457898, 'roads': 0.9272861087691504, 'buildings': 0.9676529784558346, 'low veg.': 0.8100912071044414, 'trees': 0.9141459350770351, 'cars': 0.9146536163224878, 'clutter': 0.0009178522257916476}
[2026-04-16 11:47:34,566][train][INFO] -     MIoU: {'mean': 0.8334323991019534, 'roads': 0.8644300370764911, 'buildings': 0.9373330462158329, 'low veg.': 0.6808010932780334, 'trees': 0.8418681336721693, 'cars': 0.8427296852672407, 'clutter': 0.0004591368227731864}
[2026-04-16 11:47:34,566][train][INFO] - 
[2026-04-16 11:47:34,566][train][INFO] - Train (epoch 56/100)
[2026-04-16 12:04:09,141][train][INFO] -     Training Loss: 0.03297383914329111
[2026-04-16 12:04:09,141][train][INFO] -     Kappa: 0.8880948269006197
[2026-04-16 12:04:09,141][train][INFO] -     OA: {'total': 91.68982346377564, 'roads': 0.932987189774299, 'buildings': 0.9675351796726024, 'low veg.': 0.792994133068753, 'trees': 0.9191287482129686, 'cars': 0.9413762720528394, 'clutter': 0.0033783783783783786}
[2026-04-16 12:04:09,141][train][INFO] -     F1: {'mean': 0.906480606932664, 'roads': 0.9262871565798382, 'buildings': 0.9672308993773426, 'low veg.': 0.8107029046555071, 'trees': 0.9140435957315479, 'cars': 0.914138478319084, 'clutter': 0.004887699290119865}
[2026-04-16 12:04:09,141][train][INFO] -     MIoU: {'mean': 0.8328904679503555, 'roads': 0.8626954238800759, 'buildings': 0.9365412838108715, 'low veg.': 0.6816655887153901, 'trees': 0.8416945580308888, 'cars': 0.8418554853145507, 'clutter': 0.00244983667755483}
[2026-04-16 12:04:09,141][train][INFO] - 
[2026-04-16 12:04:09,141][train][INFO] - Train (epoch 57/100)
[2026-04-16 12:20:44,225][train][INFO] -     Training Loss: 0.03255826909467578
[2026-04-16 12:20:44,225][train][INFO] -     Kappa: 0.8877775988182582
[2026-04-16 12:20:44,225][train][INFO] -     OA: {'total': 91.66476360720513, 'roads': 0.930767749744243, 'buildings': 0.9651305830575146, 'low veg.': 0.7983415497931243, 'trees': 0.9201825276136187, 'cars': 0.9354910308924717, 'clutter': 0.0028957528957528956}
[2026-04-16 12:20:44,225][train][INFO] -     F1: {'mean': 0.9067275888883655, 'roads': 0.9259652002170923, 'buildings': 0.9657127231544014, 'low veg.': 0.8130969665625042, 'trees': 0.9140402493827278, 'cars': 0.914822805125102, 'clutter': 0.004123711340206186}
[2026-04-16 12:20:44,225][train][INFO] -     MIoU: {'mean': 0.8331198555163383, 'roads': 0.8621370558982405, 'buildings': 0.9336987360993766, 'low veg.': 0.6850576194144702, 'trees': 0.8416888829104178, 'cars': 0.8430169832591856, 'clutter': 0.002066115702479339}
[2026-04-16 12:20:44,225][train][INFO] - 
[2026-04-16 12:20:44,225][train][INFO] - Train (epoch 58/100)
[2026-04-16 12:37:25,887][train][INFO] -     Training Loss: 0.03206690588593483
[2026-04-16 12:37:25,887][train][INFO] -     Kappa: 0.8881666559888296
[2026-04-16 12:37:25,887][train][INFO] -     OA: {'total': 91.69750546946926, 'roads': 0.9328760408503517, 'buildings': 0.9675949257848178, 'low veg.': 0.7863217476082696, 'trees': 0.9239767253389668, 'cars': 0.9390961614775655, 'clutter': 0.0}
[2026-04-16 12:37:25,887][train][INFO] -     F1: {'mean': 0.9062849324942148, 'roads': 0.9261276202516318, 'buildings': 0.9671226842401617, 'low veg.': 0.8099601294608171, 'trees': 0.9146998131638944, 'cars': 0.913514415354569, 'clutter': 0.0}
[2026-04-16 12:37:25,887][train][INFO] -     MIoU: {'mean': 0.8325957442129581, 'roads': 0.8624186986433562, 'buildings': 0.9363383912916085, 'low veg.': 0.6806159604499978, 'trees': 0.8428081228203326, 'cars': 0.8407975478594957, 'clutter': 0.0}
[2026-04-16 12:37:25,887][train][INFO] - 
[2026-04-16 12:37:25,887][train][INFO] - Train (epoch 59/100)
[2026-04-16 12:53:43,567][train][INFO] -     Training Loss: 0.032018695252016185
[2026-04-16 12:53:43,567][train][INFO] -     Kappa: 0.8884329610035676
[2026-04-16 12:53:43,567][train][INFO] -     OA: {'total': 91.70945839879961, 'roads': 0.9332176052402347, 'buildings': 0.9679701830019729, 'low veg.': 0.8088648194273627, 'trees': 0.9088010726741275, 'cars': 0.9367891469427013, 'clutter': 0.0011261261261261261}
[2026-04-16 12:53:43,567][train][INFO] -     F1: {'mean': 0.9068764077147309, 'roads': 0.9275976094208036, 'buildings': 0.9677721830515593, 'low veg.': 0.812046608895229, 'trees': 0.9130554409449323, 'cars': 0.9139101962611303, 'clutter': 0.001699854298203011}
[2026-04-16 12:53:43,567][train][INFO] -     MIoU: {'mean': 0.8335169419281037, 'roads': 0.8649715979463783, 'buildings': 0.9375567749303341, 'low veg.': 0.683567735043917, 'trees': 0.8400202506544534, 'cars': 0.8414683510654366, 'clutter': 0.0008506501397496658}
[2026-04-16 12:53:43,567][train][INFO] - 
[2026-04-16 12:53:43,567][train][INFO] - Train (epoch 60/100)
[2026-04-16 13:10:16,602][train][INFO] -     Training Loss: 0.031530868070200085
[2026-04-16 13:10:16,602][train][INFO] -     Kappa: 0.8888007720595603
[2026-04-16 13:10:16,602][train][INFO] -     OA: {'total': 91.74337122953104, 'roads': 0.9364979555050459, 'buildings': 0.9698721009074955, 'low veg.': 0.793373778296833, 'trees': 0.9147057886158133, 'cars': 0.9297604874997478, 'clutter': 0.00016087516087516087}
[2026-04-16 13:10:16,602][train][INFO] -     F1: {'mean': 0.9064097511552289, 'roads': 0.9274517410650421, 'buildings': 0.9683222879923721, 'low veg.': 0.8103843365777788, 'trees': 0.9137497623571983, 'cars': 0.9121406277837532, 'clutter': 0.00024169184290030211}
[2026-04-16 13:10:16,602][train][INFO] -     MIoU: {'mean': 0.8328384836727551, 'roads': 0.8647179586921367, 'buildings': 0.9385899072182463, 'low veg.': 0.681215254216231, 'trees': 0.8411963751005155, 'cars': 0.838472923136646, 'clutter': 0.00012086052695189751}
[2026-04-16 13:10:16,603][train][INFO] - 
[2026-04-16 13:10:16,603][train][INFO] - Train (epoch 61/100)
[2026-04-16 13:26:14,907][train][INFO] -     Training Loss: 0.030988449560478328
[2026-04-16 13:26:14,907][train][INFO] -     Kappa: 0.8880642920986458
[2026-04-16 13:26:14,907][train][INFO] -     OA: {'total': 91.687786996876, 'roads': 0.9360485724960531, 'buildings': 0.964086501306393, 'low veg.': 0.7902963093109543, 'trees': 0.9216597310119379, 'cars': 0.943414246991801, 'clutter': 0.010456885456885457}
[2026-04-16 13:26:14,907][train][INFO] -     F1: {'mean': 0.90640145202889, 'roads': 0.9256218606462427, 'buildings': 0.9671818523467783, 'low veg.': 0.8109480770746775, 'trees': 0.9144864595523553, 'cars': 0.9137690105243956, 'clutter': 0.01588077204984119}
[2026-04-16 13:26:14,908][train][INFO] -     MIoU: {'mean': 0.8327357106296202, 'roads': 0.8615419718079967, 'buildings': 0.9364493202839409, 'low veg.': 0.6820123338933523, 'trees': 0.8424459258013851, 'cars': 0.8412290013614255, 'clutter': 0.008003940401428395}
[2026-04-16 13:26:14,908][train][INFO] - 
[2026-04-16 13:26:14,908][train][INFO] - Train (epoch 62/100)
[2026-04-16 13:41:20,816][train][INFO] -     Training Loss: 0.03072052619047463
[2026-04-16 13:41:20,817][train][INFO] -     Kappa: 0.889573903648465
[2026-04-16 13:41:20,817][train][INFO] -     OA: {'total': 91.80306799395282, 'roads': 0.9371419532029727, 'buildings': 0.9679419695600935, 'low veg.': 0.7858942160946151, 'trees': 0.9235196095393329, 'cars': 0.9359551241954035, 'clutter': 0.0}
[2026-04-16 13:41:20,817][train][INFO] -     F1: {'mean': 0.9067117323888351, 'roads': 0.9278542659634627, 'buildings': 0.9679649060723681, 'low veg.': 0.8113866864851877, 'trees': 0.9148830416478358, 'cars': 0.9114697617753208, 'clutter': 0.0}
[2026-04-16 13:41:20,817][train][INFO] -     MIoU: {'mean': 0.8332857619650944, 'roads': 0.865418045800705, 'buildings': 0.9379185957607014, 'low veg.': 0.6826330121491412, 'trees': 0.8431192919859608, 'cars': 0.8373398641289631, 'clutter': 0.0}
[2026-04-16 13:41:20,817][train][INFO] - 
[2026-04-16 13:41:20,817][train][INFO] - Train (epoch 63/100)
[2026-04-16 13:56:27,582][train][INFO] -     Training Loss: 0.030400187481194735
[2026-04-16 13:56:27,582][train][INFO] -     Kappa: 0.8877411311074436
[2026-04-16 13:56:27,582][train][INFO] -     OA: {'total': 91.6615844561007, 'roads': 0.9353019597803248, 'buildings': 0.964998367124001, 'low veg.': 0.8011175763338397, 'trees': 0.9136030650433896, 'cars': 0.9303321966410406, 'clutter': 0.0}
[2026-04-16 13:56:27,582][train][INFO] -     F1: {'mean': 0.9058353206089846, 'roads': 0.925681308745633, 'buildings': 0.9660139118659186, 'low veg.': 0.8130356343701052, 'trees': 0.9142307615204895, 'cars': 0.9102149865427769, 'clutter': 0.0}
[2026-04-16 13:56:27,582][train][INFO] -     MIoU: {'mean': 0.8316227839742025, 'roads': 0.8616449814019469, 'buildings': 0.9342620011543631, 'low veg.': 0.6849705500119591, 'trees': 0.842012030844381, 'cars': 0.8352243564583622, 'clutter': 0.0}
[2026-04-16 13:56:27,582][train][INFO] - 
[2026-04-16 13:56:27,582][train][INFO] - Train (epoch 64/100)
[2026-04-16 14:11:45,526][train][INFO] -     Training Loss: 0.030242462661117315
[2026-04-16 14:11:45,527][train][INFO] -     Kappa: 0.8879321005446296
[2026-04-16 14:11:45,527][train][INFO] -     OA: {'total': 91.68047268659481, 'roads': 0.9359357584196871, 'buildings': 0.9660391296466663, 'low veg.': 0.7914114741052327, 'trees': 0.9190533969531683, 'cars': 0.922812539935565, 'clutter': 0.0}
[2026-04-16 14:11:45,527][train][INFO] -     F1: {'mean': 0.9062197903968767, 'roads': 0.9255577385614323, 'buildings': 0.9655152394828534, 'low veg.': 0.8124830013415014, 'trees': 0.9151748892890915, 'cars': 0.9123680833095047, 'clutter': 0.0}
[2026-04-16 14:11:45,527][train][INFO] -     MIoU: {'mean': 0.8322838857520676, 'roads': 0.8614308760735134, 'buildings': 0.9333295920185284, 'low veg.': 0.6841864177601992, 'trees': 0.8436151415128641, 'cars': 0.8388574013952322, 'clutter': 0.0}
[2026-04-16 14:11:45,527][train][INFO] - 
[2026-04-16 14:11:45,527][train][INFO] - Train (epoch 65/100)
[2026-04-16 14:26:52,508][train][INFO] -     Training Loss: 0.029764988794922828
[2026-04-16 14:26:52,509][train][INFO] -     Kappa: 0.887734120037248
[2026-04-16 14:26:52,509][train][INFO] -     OA: {'total': 91.66981517648672, 'roads': 0.9399183867170792, 'buildings': 0.9667287915592758, 'low veg.': 0.7772674500725184, 'trees': 0.9226948433331209, 'cars': 0.9247967069553461, 'clutter': 0.0011261261261261261}
[2026-04-16 14:26:52,509][train][INFO] -     F1: {'mean': 0.904756299237061, 'roads': 0.9261121902088746, 'buildings': 0.9668814116177689, 'low veg.': 0.8086791224030313, 'trees': 0.9140769139693404, 'cars': 0.9080318579862899, 'clutter': 0.001732458854102215}
[2026-04-16 14:26:52,509][train][INFO] -     MIoU: {'mean': 0.8300786547678459, 'roads': 0.8623919386784048, 'buildings': 0.9358861823711994, 'low veg.': 0.6788088227197279, 'trees': 0.8417510648111709, 'cars': 0.831555265258727, 'clutter': 0.0008669804310131286}
[2026-04-16 14:26:52,509][train][INFO] - 
[2026-04-16 14:26:52,509][train][INFO] - Train (epoch 66/100)
[2026-04-16 14:42:15,987][train][INFO] -     Training Loss: 0.029469365421682596
[2026-04-16 14:42:15,987][train][INFO] -     Kappa: 0.8856117759074303
[2026-04-16 14:42:15,988][train][INFO] -     OA: {'total': 91.51374261603972, 'roads': 0.9411366538554002, 'buildings': 0.9639625834440204, 'low veg.': 0.7703997299075691, 'trees': 0.9229718901100903, 'cars': 0.9265925462579955, 'clutter': 0.002574002574002574}
[2026-04-16 14:42:15,988][train][INFO] -     F1: {'mean': 0.9034385725856428, 'roads': 0.9230574193198705, 'buildings': 0.9657999900233343, 'low veg.': 0.8055064476622722, 'trees': 0.9142369433990344, 'cars': 0.908592062523702, 'clutter': 0.003972194637537239}
[2026-04-16 14:42:15,988][train][INFO] -     MIoU: {'mean': 0.8279677578164651, 'roads': 0.8571092237219605, 'buildings': 0.9338619036032744, 'low veg.': 0.6743497661296086, 'trees': 0.8420225184867663, 'cars': 0.8324953771407162, 'clutter': 0.001990049751243781}
[2026-04-16 14:42:15,988][train][INFO] - 
[2026-04-16 14:42:15,988][train][INFO] - Train (epoch 67/100)
[2026-04-16 14:58:10,799][train][INFO] -     Training Loss: 0.02928032406233251
[2026-04-16 14:58:10,799][train][INFO] -     Kappa: 0.8885536901484666
[2026-04-16 14:58:10,799][train][INFO] -     OA: {'total': 91.72351002040709, 'roads': 0.9364761003795506, 'buildings': 0.9664667569128004, 'low veg.': 0.7982251068828784, 'trees': 0.9152801427803932, 'cars': 0.9193822850878078, 'clutter': 0.0}
[2026-04-16 14:58:10,799][train][INFO] -     F1: {'mean': 0.9061747679117108, 'roads': 0.9274877397081731, 'buildings': 0.9670593384338102, 'low veg.': 0.812636925482901, 'trees': 0.9134693243254296, 'cars': 0.9102205116082398, 'clutter': 0.0}
[2026-04-16 14:58:10,799][train][INFO] -     MIoU: {'mean': 0.8322719509744998, 'roads': 0.8647805475489921, 'buildings': 0.9362196439895323, 'low veg.': 0.6844047477334603, 'trees': 0.8407211547509269, 'cars': 0.835233660849587, 'clutter': 0.0}
[2026-04-16 14:58:10,799][train][INFO] - 
[2026-04-16 14:58:10,799][train][INFO] - Train (epoch 68/100)
[2026-04-16 15:13:25,670][train][INFO] -     Training Loss: 0.02880994738638401
[2026-04-16 15:13:25,670][train][INFO] -     Kappa: 0.8880887686072734
[2026-04-16 15:13:25,670][train][INFO] -     OA: {'total': 91.69400387777239, 'roads': 0.9362558839721795, 'buildings': 0.9684073991503144, 'low veg.': 0.7829183762759628, 'trees': 0.9217535217038946, 'cars': 0.9282135098233082, 'clutter': 0.0}
[2026-04-16 15:13:25,670][train][INFO] -     F1: {'mean': 0.9056305650950728, 'roads': 0.9264729265909469, 'buildings': 0.96732928826001, 'low veg.': 0.8093827907970653, 'trees': 0.914014250709093, 'cars': 0.9109535691182489, 'clutter': 0.0}
[2026-04-16 15:13:25,670][train][INFO] -     MIoU: {'mean': 0.8315316696196844, 'roads': 0.8630177566448078, 'buildings': 0.9367257899956478, 'low veg.': 0.6798010179433834, 'trees': 0.8416447925821287, 'cars': 0.8364689909324541, 'clutter': 0.0}
[2026-04-16 15:13:25,670][train][INFO] - 
[2026-04-16 15:13:25,671][train][INFO] - Train (epoch 69/100)
[2026-04-16 15:29:01,836][train][INFO] -     Training Loss: 0.028788768867030738
[2026-04-16 15:29:01,836][train][INFO] -     Kappa: 0.8877659719146896
[2026-04-16 15:29:01,836][train][INFO] -     OA: {'total': 91.67342990523358, 'roads': 0.9386437125405751, 'buildings': 0.96696224396071, 'low veg.': 0.7719534503963538, 'trees': 0.9274488021198517, 'cars': 0.9251061024906341, 'clutter': 0.0}
[2026-04-16 15:29:01,836][train][INFO] -     F1: {'mean': 0.9049532057476517, 'roads': 0.9263507343337126, 'buildings': 0.9672164907950656, 'low veg.': 0.8070389641120447, 'trees': 0.9142167018468857, 'cars': 0.9099431376505496, 'clutter': 0.0}
[2026-04-16 15:29:01,836][train][INFO] -     MIoU: {'mean': 0.8305151064855887, 'roads': 0.8628057261873466, 'buildings': 0.9365142667117679, 'low veg.': 0.676500690159878, 'trees': 0.8419881788584718, 'cars': 0.8347666705104785, 'clutter': 0.0}
[2026-04-16 15:29:01,836][train][INFO] - 
[2026-04-16 15:29:01,836][train][INFO] - Train (epoch 70/100)
[2026-04-16 15:44:36,639][train][INFO] -     Training Loss: 0.028546779822558165
[2026-04-16 15:44:36,639][train][INFO] -     Kappa: 0.8887966196385502
[2026-04-16 15:44:36,639][train][INFO] -     OA: {'total': 91.74480807006577, 'roads': 0.9363684899044931, 'buildings': 0.9681896208832578, 'low veg.': 0.786577370801768, 'trees': 0.9215012884837779, 'cars': 0.9289399167322451, 'clutter': 0.0}
[2026-04-16 15:44:36,639][train][INFO] -     F1: {'mean': 0.9055078126362085, 'roads': 0.9273532512050691, 'buildings': 0.9678601561386766, 'low veg.': 0.8101672313906332, 'trees': 0.9143510390465657, 'cars': 0.9078073854000973, 'clutter': 0.0}
[2026-04-16 15:44:36,639][train][INFO] -     MIoU: {'mean': 0.8313144178816871, 'roads': 0.8645467412705139, 'buildings': 0.9377219200431495, 'low veg.': 0.6809084879529139, 'trees': 0.8422161047743904, 'cars': 0.8311788353674683, 'clutter': 0.0}
[2026-04-16 15:44:36,639][train][INFO] - 
[2026-04-16 15:44:36,639][train][INFO] - Train (epoch 71/100)
[2026-04-16 15:59:44,281][train][INFO] -     Training Loss: 0.028208999417722227
[2026-04-16 15:59:44,282][train][INFO] -     Kappa: 0.8879513253797324
[2026-04-16 15:59:44,282][train][INFO] -     OA: {'total': 91.6827693687094, 'roads': 0.934573039309045, 'buildings': 0.9679998716564997, 'low veg.': 0.7857664044978658, 'trees': 0.9218882889117548, 'cars': 0.9245142153796485, 'clutter': 0.0}
[2026-04-16 15:59:44,282][train][INFO] -     F1: {'mean': 0.90556323130157, 'roads': 0.9266034853884997, 'buildings': 0.9669139327182765, 'low veg.': 0.8098489130774409, 'trees': 0.9138810427806069, 'cars': 0.9105687825430263, 'clutter': 0.0}
[2026-04-16 15:59:44,282][train][INFO] -     MIoU: {'mean': 0.8313779332966627, 'roads': 0.8632443582359403, 'buildings': 0.9359471232270508, 'low veg.': 0.680458911457631, 'trees': 0.8414189225830861, 'cars': 0.8358203509796053, 'clutter': 0.0}
[2026-04-16 15:59:44,282][train][INFO] - 
[2026-04-16 15:59:44,282][train][INFO] - Train (epoch 72/100)
[2026-04-16 16:14:51,819][train][INFO] -     Training Loss: 0.02819995902106166
[2026-04-16 16:14:51,820][train][INFO] -     Kappa: 0.8885420861454789
[2026-04-16 16:14:51,820][train][INFO] -     OA: {'total': 91.72603863347415, 'roads': 0.9368026783976655, 'buildings': 0.9667369052288359, 'low veg.': 0.787726986161208, 'trees': 0.9214450595980659, 'cars': 0.9247967069553461, 'clutter': 0.0}
[2026-04-16 16:14:51,820][train][INFO] -     F1: {'mean': 0.9057374227386408, 'roads': 0.9270987910152984, 'buildings': 0.9669414216680807, 'low veg.': 0.8111918602072908, 'trees': 0.9143274650038836, 'cars': 0.9091275757986504, 'clutter': 0.0}
[2026-04-16 16:14:51,820][train][INFO] -     MIoU: {'mean': 0.8316062957873603, 'roads': 0.8641045263548749, 'buildings': 0.9359986373951824, 'low veg.': 0.6823572560234465, 'trees': 0.8421761033193625, 'cars': 0.8333949558439354, 'clutter': 0.0}
[2026-04-16 16:14:51,820][train][INFO] - 
[2026-04-16 16:14:51,820][train][INFO] - Train (epoch 73/100)
[2026-04-16 16:29:50,004][train][INFO] -     Training Loss: 0.027861452708020807
[2026-04-16 16:29:50,004][train][INFO] -     Kappa: 0.8871444523922327
[2026-04-16 16:29:50,004][train][INFO] -     OA: {'total': 91.62526180620472, 'roads': 0.9392267240311675, 'buildings': 0.9661237699723048, 'low veg.': 0.7789558722710846, 'trees': 0.9211645981114379, 'cars': 0.9285363573383912, 'clutter': 0.0}
[2026-04-16 16:29:50,004][train][INFO] -     F1: {'mean': 0.9047446573054474, 'roads': 0.9252394148445918, 'buildings': 0.9661061329739781, 'low veg.': 0.8084733911710866, 'trees': 0.9144768734102694, 'cars': 0.9094274741273114, 'clutter': 0.0}
[2026-04-16 16:29:50,004][train][INFO] -     MIoU: {'mean': 0.8300323649186943, 'roads': 0.8608795555252001, 'buildings': 0.9344345331624473, 'low veg.': 0.6785189564215366, 'trees': 0.8424296553526054, 'cars': 0.8338991241316823, 'clutter': 0.0}
[2026-04-16 16:29:50,004][train][INFO] - 
[2026-04-16 16:29:50,004][train][INFO] - Train (epoch 74/100)
[2026-04-16 16:44:48,399][train][INFO] -     Training Loss: 0.027481423705816268
[2026-04-16 16:44:48,399][train][INFO] -     Kappa: 0.8878626743336628
[2026-04-16 16:44:48,399][train][INFO] -     OA: {'total': 91.676654311158, 'roads': 0.9369229856599155, 'buildings': 0.9657606832594897, 'low veg.': 0.7832797627045072, 'trees': 0.923327930503829, 'cars': 0.9289937246514256, 'clutter': 0.0}
[2026-04-16 16:44:48,399][train][INFO] -     F1: {'mean': 0.9052106923923633, 'roads': 0.926220686381357, 'buildings': 0.966450821076551, 'low veg.': 0.8101095427310716, 'trees': 0.914337048053914, 'cars': 0.9089353637189224, 'clutter': 0.0}
[2026-04-16 16:44:48,399][train][INFO] -     MIoU: {'mean': 0.8307502218065311, 'roads': 0.8625801173799741, 'buildings': 0.9350796660524775, 'low veg.': 0.6808269935960818, 'trees': 0.8421923640434954, 'cars': 0.8330719679606263, 'clutter': 0.0}
[2026-04-16 16:44:48,399][train][INFO] - 
[2026-04-16 16:44:48,399][train][INFO] - Train (epoch 75/100)
[2026-04-16 16:59:42,374][train][INFO] -     Training Loss: 0.0275174967572093
[2026-04-16 16:59:42,374][train][INFO] -     Kappa: 0.8887880255658817
[2026-04-16 16:59:42,374][train][INFO] -     OA: {'total': 91.74226248644123, 'roads': 0.9356098048337294, 'buildings': 0.9660608890332139, 'low veg.': 0.7927426439430739, 'trees': 0.9207725894426283, 'cars': 0.9292358602877379, 'clutter': 0.0}
[2026-04-16 16:59:42,374][train][INFO] -     F1: {'mean': 0.9063659528444807, 'roads': 0.9272482207501348, 'buildings': 0.9669022787523892, 'low veg.': 0.8126157864366629, 'trees': 0.9142939229686473, 'cars': 0.9107695553145694, 'clutter': 0.0}
[2026-04-16 16:59:42,374][train][INFO] -     MIoU: {'mean': 0.832588432571282, 'roads': 0.8643641881428753, 'buildings': 0.9359252845749371, 'low veg.': 0.684374760211781, 'trees': 0.8421191907377014, 'cars': 0.8361587391891155, 'clutter': 0.0}
[2026-04-16 16:59:42,375][train][INFO] - 
[2026-04-16 16:59:42,375][train][INFO] - Train (epoch 76/100)
[2026-04-16 17:14:53,337][train][INFO] -     Training Loss: 0.02734061437472701
[2026-04-16 17:14:53,337][train][INFO] -     Kappa: 0.8885895547329808
[2026-04-16 17:14:53,337][train][INFO] -     OA: {'total': 91.73050754694835, 'roads': 0.9362542188197608, 'buildings': 0.965567983607437, 'low veg.': 0.783543998539296, 'trees': 0.9262411331372531, 'cars': 0.9304330864895041, 'clutter': 0.0}
[2026-04-16 17:14:53,337][train][INFO] -     F1: {'mean': 0.9060948733099601, 'roads': 0.9266826651937886, 'buildings': 0.9666924452598743, 'low veg.': 0.8112918043476361, 'trees': 0.9149093214950865, 'cars': 0.910898130253415, 'clutter': 0.0}
[2026-04-16 17:14:53,337][train][INFO] -     MIoU: {'mean': 0.832190422581613, 'roads': 0.8633818118302377, 'buildings': 0.9355321567381698, 'low veg.': 0.6824987051615292, 'trees': 0.8431639305534258, 'cars': 0.836375508624703, 'clutter': 0.0}
[2026-04-16 17:14:53,337][train][INFO] - 
[2026-04-16 17:14:53,337][train][INFO] - Train (epoch 77/100)
[2026-04-16 17:31:08,094][train][INFO] -     Training Loss: 0.026978907356038688
[2026-04-16 17:31:08,094][train][INFO] -     Kappa: 0.8881020930446422
[2026-04-16 17:31:08,094][train][INFO] -     OA: {'total': 91.69410004426487, 'roads': 0.9370803425634814, 'buildings': 0.9648360937327988, 'low veg.': 0.7851617970792811, 'trees': 0.9238046239721724, 'cars': 0.9275476368234495, 'clutter': 0.0}
[2026-04-16 17:31:08,094][train][INFO] -     F1: {'mean': 0.9057006466539365, 'roads': 0.9258319725594781, 'buildings': 0.9661147875661991, 'low veg.': 0.8111976098629459, 'trees': 0.915227001241224, 'cars': 0.9101318620398358, 'clutter': 0.0}
[2026-04-16 17:31:08,094][train][INFO] -     MIoU: {'mean': 0.8315020615508608, 'roads': 0.8619060974710893, 'buildings': 0.9344507261999927, 'low veg.': 0.682365392762564, 'trees': 0.8437037078618747, 'cars': 0.8350843834587832, 'clutter': 0.0}
[2026-04-16 17:31:08,094][train][INFO] - 
[2026-04-16 17:31:08,094][train][INFO] - Train (epoch 78/100)
[2026-04-16 17:46:32,500][train][INFO] -     Training Loss: 0.026811727615073323
[2026-04-16 17:46:32,500][train][INFO] -     Kappa: 0.8891840750541822
[2026-04-16 17:46:32,501][train][INFO] -     OA: {'total': 91.77303010718322, 'roads': 0.9352309826584783, 'buildings': 0.968262090704556, 'low veg.': 0.7900506767813525, 'trees': 0.9215283785137363, 'cars': 0.9279982781465862, 'clutter': 0.0}
[2026-04-16 17:46:32,501][train][INFO] -     F1: {'mean': 0.9062986418657164, 'roads': 0.9276075699304417, 'buildings': 0.9674330836094225, 'low veg.': 0.8119860000460292, 'trees': 0.9146490837021745, 'cars': 0.9098174720405149, 'clutter': 0.0}
[2026-04-16 17:46:32,501][train][INFO] -     MIoU: {'mean': 0.8325336807369187, 'roads': 0.8649889200264819, 'buildings': 0.9369204729037459, 'low veg.': 0.683481844555274, 'trees': 0.8427219896971924, 'cars': 0.8345551765018993, 'clutter': 0.0}
[2026-04-16 17:46:32,501][train][INFO] - 
[2026-04-16 17:46:32,501][train][INFO] - Train (epoch 79/100)
[2026-04-16 18:01:51,535][train][INFO] -     Training Loss: 0.02684308564290404
[2026-04-16 18:01:51,535][train][INFO] -     Kappa: 0.8887470326245194
[2026-04-16 18:01:51,535][train][INFO] -     OA: {'total': 91.74073513626651, 'roads': 0.9347312287888202, 'buildings': 0.968566906517803, 'low veg.': 0.7884697403460904, 'trees': 0.9213699359855763, 'cars': 0.9301774988733967, 'clutter': 0.0}
[2026-04-16 18:01:51,535][train][INFO] -     F1: {'mean': 0.9058107394992045, 'roads': 0.927464486579172, 'buildings': 0.9674741834331908, 'low veg.': 0.8108990808070304, 'trees': 0.9141005356400573, 'cars': 0.9091154110365728, 'clutter': 0.0}
[2026-04-16 18:01:51,535][train][INFO] -     MIoU: {'mean': 0.8317692715226329, 'roads': 0.8647401181346851, 'buildings': 0.9369975722738655, 'low veg.': 0.6819430274743873, 'trees': 0.8417911285911278, 'cars': 0.8333745111390987, 'clutter': 0.0}
[2026-04-16 18:01:51,535][train][INFO] - 
[2026-04-16 18:01:51,535][train][INFO] - Train (epoch 80/100)
[2026-04-16 18:17:07,517][train][INFO] -     Training Loss: 0.02658602536469698
[2026-04-16 18:17:07,517][train][INFO] -     Kappa: 0.8899783793116992
[2026-04-16 18:17:07,517][train][INFO] -     OA: {'total': 91.83244968583256, 'roads': 0.9352443038778278, 'buildings': 0.9694249270737848, 'low veg.': 0.7895177265383039, 'trees': 0.9228277893624964, 'cars': 0.9278166764193521, 'clutter': 0.0}
[2026-04-16 18:17:07,517][train][INFO] -     F1: {'mean': 0.9067944482758437, 'roads': 0.9284675276424514, 'buildings': 0.9681116350126655, 'low veg.': 0.8124177121404946, 'trees': 0.9148648232355061, 'cars': 0.910110543348101, 'clutter': 0.0}
[2026-04-16 18:17:07,517][train][INFO] -     MIoU: {'mean': 0.8333820972285537, 'roads': 0.8664856657117159, 'buildings': 0.9381941572958313, 'low veg.': 0.6840938269673875, 'trees': 0.8430883477239433, 'cars': 0.8350484884438902, 'clutter': 0.0}
[2026-04-16 18:17:07,517][train][INFO] - 
[2026-04-16 18:17:07,518][train][INFO] - Train (epoch 81/100)
[2026-04-16 18:32:28,973][train][INFO] -     Training Loss: 0.02659737068042159
[2026-04-16 18:32:28,973][train][INFO] -     Kappa: 0.8893565322649117
[2026-04-16 18:32:28,973][train][INFO] -     OA: {'total': 91.78886363732788, 'roads': 0.9369729402324761, 'buildings': 0.9686474900086613, 'low veg.': 0.7822696721339714, 'trees': 0.9250525865287428, 'cars': 0.9242653537534387, 'clutter': 0.0}
[2026-04-16 18:32:28,973][train][INFO] -     F1: {'mean': 0.9064795007359481, 'roads': 0.927807864403971, 'buildings': 0.9677848092986803, 'low veg.': 0.8107294541389493, 'trees': 0.9147706935450394, 'cars': 0.9113046822931, 'clutter': 0.0}
[2026-04-16 18:32:28,973][train][INFO] -     MIoU: {'mean': 0.8329221344669699, 'roads': 0.8653373155812273, 'buildings': 0.9375804754831564, 'low veg.': 0.6817031305117948, 'trees': 0.8429284835047941, 'cars': 0.8370612672538772, 'clutter': 0.0}
[2026-04-16 18:32:28,973][train][INFO] - 
[2026-04-16 18:32:28,973][train][INFO] - Train (epoch 82/100)
[2026-04-16 18:47:28,845][train][INFO] -     Training Loss: 0.026700501527637244
[2026-04-16 18:47:28,846][train][INFO] -     Kappa: 0.8890759852837045
[2026-04-16 18:47:28,846][train][INFO] -     OA: {'total': 91.76621359992194, 'roads': 0.936124753219208, 'buildings': 0.9675941881784941, 'low veg.': 0.7869232544759897, 'trees': 0.9232216192097906, 'cars': 0.9264042185408637, 'clutter': 0.0}
[2026-04-16 18:47:28,846][train][INFO] -     F1: {'mean': 0.9063037000436175, 'roads': 0.9276007997090242, 'buildings': 0.9671206992330068, 'low veg.': 0.8117739040815964, 'trees': 0.9146463154872597, 'cars': 0.9103767817072002, 'clutter': 0.0}
[2026-04-16 18:47:28,846][train][INFO] -     MIoU: {'mean': 0.8325414632385717, 'roads': 0.8649771460640188, 'buildings': 0.9363346699995289, 'low veg.': 0.6831813464374052, 'trees': 0.8427172898002202, 'cars': 0.835496863891686, 'clutter': 0.0}
[2026-04-16 18:47:28,846][train][INFO] - 
[2026-04-16 18:47:28,846][train][INFO] - Train (epoch 83/100)
[2026-04-16 19:02:25,750][train][INFO] -     Training Loss: 0.026385298198089005
[2026-04-16 19:02:25,750][train][INFO] -     Kappa: 0.8892148246186068
[2026-04-16 19:02:25,750][train][INFO] -     OA: {'total': 91.7753437598553, 'roads': 0.9365279282485823, 'buildings': 0.9669379029520296, 'low veg.': 0.7902432554406055, 'trees': 0.9217125451879912, 'cars': 0.9279377442375082, 'clutter': 0.0}
[2026-04-16 19:02:25,750][train][INFO] -     F1: {'mean': 0.9065214105465245, 'roads': 0.9272315173094632, 'buildings': 0.9672437033460565, 'low veg.': 0.8125965111282489, 'trees': 0.9149545710363055, 'cars': 0.9105807499125476, 'clutter': 0.0}
[2026-04-16 19:02:25,750][train][INFO] -     MIoU: {'mean': 0.8328658365947806, 'roads': 0.8643351592357912, 'buildings': 0.9365652927799684, 'low veg.': 0.6843474174902107, 'trees': 0.8432407958348441, 'cars': 0.8358405176330888, 'clutter': 0.0}
[2026-04-16 19:02:25,750][train][INFO] - 
[2026-04-16 19:02:25,750][train][INFO] - Train (epoch 84/100)
[2026-04-16 19:17:29,433][train][INFO] -     Training Loss: 0.026399859696626664
[2026-04-16 19:17:29,433][train][INFO] -     Kappa: 0.8891196400687731
[2026-04-16 19:17:29,433][train][INFO] -     OA: {'total': 91.77055240578865, 'roads': 0.9380180315192539, 'buildings': 0.9687898480291252, 'low veg.': 0.7836883464073228, 'trees': 0.921908549522396, 'cars': 0.9287246850555231, 'clutter': 0.0}
[2026-04-16 19:17:29,433][train][INFO] -     F1: {'mean': 0.9060660267623618, 'roads': 0.9272989305749232, 'buildings': 0.9679751024019019, 'low veg.': 0.8103929452116772, 'trees': 0.9147515240689846, 'cars': 0.9099116315543225, 'clutter': 0.0}
[2026-04-16 19:17:29,433][train][INFO] -     MIoU: {'mean': 0.8322454114023307, 'roads': 0.8644523222782997, 'buildings': 0.9379377422528625, 'low veg.': 0.6812274203904056, 'trees': 0.8428959306155539, 'cars': 0.8347136414745318, 'clutter': 0.0}
[2026-04-16 19:17:29,433][train][INFO] - 
[2026-04-16 19:17:29,433][train][INFO] - Train (epoch 85/100)
[2026-04-16 19:32:28,412][train][INFO] -     Training Loss: 0.026180075352080168
[2026-04-16 19:32:28,413][train][INFO] -     Kappa: 0.8894610782065593
[2026-04-16 19:32:28,413][train][INFO] -     OA: {'total': 91.79563488976916, 'roads': 0.9365735117960438, 'buildings': 0.9687122149635613, 'low veg.': 0.7847917980094463, 'trees': 0.9239603347326054, 'cars': 0.925893043308649, 'clutter': 0.0}
[2026-04-16 19:32:28,413][train][INFO] -     F1: {'mean': 0.9064145314136006, 'roads': 0.9277863776690807, 'buildings': 0.9678825549914322, 'low veg.': 0.8111349400859339, 'trees': 0.9148979142847868, 'cars': 0.9103708700367695, 'clutter': 0.0}
[2026-04-16 19:32:28,413][train][INFO] -     MIoU: {'mean': 0.8327944151074664, 'roads': 0.8652999349627142, 'buildings': 0.9377639721838028, 'low veg.': 0.6822767086321508, 'trees': 0.8431445541658495, 'cars': 0.835486905592814, 'clutter': 0.0}
[2026-04-16 19:32:28,413][train][INFO] - 
[2026-04-16 19:32:28,413][train][INFO] - Train (epoch 86/100)
[2026-04-16 19:47:37,533][train][INFO] -     Training Loss: 0.025867279840633275
[2026-04-16 19:47:37,533][train][INFO] -     Kappa: 0.8895887508894172
[2026-04-16 19:47:37,533][train][INFO] -     OA: {'total': 91.80404662943515, 'roads': 0.9357367727056541, 'buildings': 0.969232596224894, 'low veg.': 0.7885920398524138, 'trees': 0.9220628943989656, 'cars': 0.9258190574197758, 'clutter': 0.0}
[2026-04-16 19:47:37,533][train][INFO] -     F1: {'mean': 0.9065264645209868, 'roads': 0.9281974799254695, 'buildings': 0.9678214512855621, 'low veg.': 0.8120119596004314, 'trees': 0.9145320103058683, 'cars': 0.9100694214876033, 'clutter': 0.0}
[2026-04-16 19:47:37,533][train][INFO] -     MIoU: {'mean': 0.832937155874091, 'roads': 0.8660153923326519, 'buildings': 0.9376492589300256, 'low veg.': 0.6835186314900266, 'trees': 0.8425232424989053, 'cars': 0.834979254118846, 'clutter': 0.0}
[2026-04-16 19:47:37,533][train][INFO] - 
[2026-04-16 19:47:37,533][train][INFO] - Train (epoch 87/100)
[2026-04-16 20:02:36,664][train][INFO] -     Training Loss: 0.026057931629940866
[2026-04-16 20:02:36,664][train][INFO] -     Kappa: 0.889204948833994
[2026-04-16 20:02:36,664][train][INFO] -     OA: {'total': 91.77375418430309, 'roads': 0.9347029211977025, 'buildings': 0.9679694453956492, 'low veg.': 0.79241122950622, 'trees': 0.9209435525728699, 'cars': 0.9277897724597618, 'clutter': 0.0}
[2026-04-16 20:02:36,664][train][INFO] -     F1: {'mean': 0.9065062986968547, 'roads': 0.9276689864998373, 'buildings': 0.9673952105409234, 'low veg.': 0.8125070427709467, 'trees': 0.9144646133797631, 'cars': 0.9104956402928034, 'clutter': 0.0}
[2026-04-16 20:02:36,664][train][INFO] -     MIoU: {'mean': 0.8328543270294635, 'roads': 0.8650957351982774, 'buildings': 0.9368494320539489, 'low veg.': 0.6842205150141566, 'trees': 0.8424088469625164, 'cars': 0.8356971059184181, 'clutter': 0.0}
[2026-04-16 20:02:36,664][train][INFO] - 
[2026-04-16 20:02:36,664][train][INFO] - Train (epoch 88/100)
[2026-04-16 20:17:35,950][train][INFO] -     Training Loss: 0.02583906235732138
[2026-04-16 20:17:35,950][train][INFO] -     Kappa: 0.8885470092268455
[2026-04-16 20:17:35,950][train][INFO] -     OA: {'total': 91.72478846907187, 'roads': 0.9357109628431645, 'buildings': 0.9671990155906005, 'low veg.': 0.7919265100543974, 'trees': 0.9191241952667571, 'cars': 0.9283143996717717, 'clutter': 0.0}
[2026-04-16 20:17:35,950][train][INFO] -     F1: {'mean': 0.9060916931860727, 'roads': 0.9267877397991433, 'buildings': 0.9672007099473302, 'low veg.': 0.8115949039053936, 'trees': 0.914330411018094, 'cars': 0.910544701260403, 'clutter': 0.0}
[2026-04-16 20:17:35,950][train][INFO] -     MIoU: {'mean': 0.8321875245724664, 'roads': 0.8635642492806508, 'buildings': 0.9364846773839337, 'low veg.': 0.6829278219796393, 'trees': 0.8421811021486872, 'cars': 0.8357797720694208, 'clutter': 0.0}
[2026-04-16 20:17:35,950][train][INFO] - 
[2026-04-16 20:17:35,950][train][INFO] - Train (epoch 89/100)
[2026-04-16 20:32:37,699][train][INFO] -     Training Loss: 0.025923311182297765
[2026-04-16 20:32:37,699][train][INFO] -     Kappa: 0.889271156142882
[2026-04-16 20:32:37,699][train][INFO] -     OA: {'total': 91.77986358500199, 'roads': 0.9367781173994898, 'buildings': 0.9685337142332389, 'low veg.': 0.789157718132366, 'trees': 0.9203803531265081, 'cars': 0.9275745407830397, 'clutter': 0.0}
[2026-04-16 20:32:37,699][train][INFO] -     F1: {'mean': 0.9063092167959823, 'roads': 0.9276269923051643, 'buildings': 0.9679079501840336, 'low veg.': 0.8115361839593873, 'trees': 0.9145388930283943, 'cars': 0.9099360645029329, 'clutter': 0.0}
[2026-04-16 20:32:37,699][train][INFO] -     MIoU: {'mean': 0.8325937424165923, 'roads': 0.8650226979315562, 'buildings': 0.9378116519322308, 'low veg.': 0.6828446714204846, 'trees': 0.8425349256224595, 'cars': 0.8347547651762314, 'clutter': 0.0}
[2026-04-16 20:32:37,699][train][INFO] - 
[2026-04-16 20:32:37,699][train][INFO] - Train (epoch 90/100)
[2026-04-16 20:47:35,854][train][INFO] -     Training Loss: 0.025914734102785587
[2026-04-16 20:47:35,854][train][INFO] -     Kappa: 0.8889682068027682
[2026-04-16 20:47:35,854][train][INFO] -     OA: {'total': 91.75812995770089, 'roads': 0.9358029625142968, 'buildings': 0.9682950985875393, 'low veg.': 0.7872033375707529, 'trees': 0.9221881004197816, 'cars': 0.9266934361064589, 'clutter': 0.0}
[2026-04-16 20:47:35,854][train][INFO] -     F1: {'mean': 0.9061146610941876, 'roads': 0.9274248254324956, 'buildings': 0.9673001413827882, 'low veg.': 0.8113918265790823, 'trees': 0.9145713225254123, 'cars': 0.9098851895511595, 'clutter': 0.0}
[2026-04-16 20:47:35,854][train][INFO] -     MIoU: {'mean': 0.8322483389837412, 'roads': 0.8646711647101678, 'buildings': 0.9366711279286954, 'low veg.': 0.6826402886359312, 'trees': 0.8425899752835898, 'cars': 0.8346691383603221, 'clutter': 0.0}
[2026-04-16 20:47:35,854][train][INFO] - 
[2026-04-16 20:47:35,855][train][INFO] - Train (epoch 91/100)
[2026-04-16 21:02:38,586][train][INFO] -     Training Loss: 0.025932484375312925
[2026-04-16 21:02:38,586][train][INFO] -     Kappa: 0.8889806966316292
[2026-04-16 21:02:38,586][train][INFO] -     OA: {'total': 91.75840148662084, 'roads': 0.936129124244307, 'buildings': 0.9675628399097391, 'low veg.': 0.7890812378777073, 'trees': 0.9215031096622625, 'cars': 0.9267606960054346, 'clutter': 0.0}
[2026-04-16 21:02:38,586][train][INFO] -     F1: {'mean': 0.9063208774267398, 'roads': 0.9272613653021424, 'buildings': 0.9671931163387416, 'low veg.': 0.8118895583720835, 'trees': 0.9146867282996898, 'cars': 0.9105736188210415, 'clutter': 0.0}
[2026-04-16 21:02:38,586][train][INFO] -     MIoU: {'mean': 0.8325634141585148, 'roads': 0.8643870326934859, 'buildings': 0.9364704395753845, 'low veg.': 0.683345192438217, 'trees': 0.8427859053696933, 'cars': 0.8358285007157935, 'clutter': 0.0}
[2026-04-16 21:02:38,586][train][INFO] - 
[2026-04-16 21:02:38,586][train][INFO] - Train (epoch 92/100)
[2026-04-16 21:18:54,341][train][INFO] -     Training Loss: 0.025865866992622614
[2026-04-16 21:18:54,341][train][INFO] -     Kappa: 0.8894139939359633
[2026-04-16 21:18:54,341][train][INFO] -     OA: {'total': 91.79007986061515, 'roads': 0.9360918664589389, 'buildings': 0.9683347449274352, 'low veg.': 0.790340406034361, 'trees': 0.9210091149983154, 'cars': 0.9274871029143714, 'clutter': 0.0}
[2026-04-16 21:18:54,341][train][INFO] -     F1: {'mean': 0.9064833287230917, 'roads': 0.9277339162965129, 'buildings': 0.9678329767165272, 'low veg.': 0.8120886797699164, 'trees': 0.9146285400758624, 'cars': 0.9101325307566397, 'clutter': 0.0}
[2026-04-16 21:18:54,341][train][INFO] -     MIoU: {'mean': 0.8328559099233928, 'roads': 0.8652086738510125, 'buildings': 0.9376708951984443, 'low veg.': 0.6836273600058168, 'trees': 0.8426871111386978, 'cars': 0.8350855094229931, 'clutter': 0.0}
[2026-04-16 21:18:54,341][train][INFO] - 
[2026-04-16 21:18:54,341][train][INFO] - Train (epoch 93/100)
[2026-04-16 21:35:11,526][train][INFO] -     Training Loss: 0.025770797162316738
[2026-04-16 21:35:11,526][train][INFO] -     Kappa: 0.8893912269009605
[2026-04-16 21:35:11,526][train][INFO] -     OA: {'total': 91.78895980382035, 'roads': 0.9357186641731009, 'buildings': 0.9684844790111354, 'low veg.': 0.7892073269461986, 'trees': 0.9219506642748523, 'cars': 0.9270566395609274, 'clutter': 0.0}
[2026-04-16 21:35:11,526][train][INFO] -     F1: {'mean': 0.906495540030295, 'roads': 0.9277765807889065, 'buildings': 0.9675894990441165, 'low veg.': 0.8121522918492823, 'trees': 0.9146754426311, 'cars': 0.9102838858380692, 'clutter': 0.0}
[2026-04-16 21:35:11,526][train][INFO] -     MIoU: {'mean': 0.83286429507875, 'roads': 0.8652828917610602, 'buildings': 0.9372139261933594, 'low veg.': 0.6837175222686324, 'trees': 0.8427667432942857, 'cars': 0.8353403918764128, 'clutter': 0.0}
[2026-04-16 21:35:11,526][train][INFO] - 
[2026-04-16 21:35:11,526][train][INFO] - Train (epoch 94/100)
[2026-04-16 21:51:28,650][train][INFO] -     Training Loss: 0.02562003376800567
[2026-04-16 21:51:28,651][train][INFO] -     Kappa: 0.8894243890687732
[2026-04-16 21:51:28,651][train][INFO] -     OA: {'total': 91.79177125951234, 'roads': 0.9363185353319325, 'buildings': 0.9684772873494799, 'low veg.': 0.7880253280555067, 'trees': 0.9222145075078083, 'cars': 0.9265589163085077, 'clutter': 0.0}
[2026-04-16 21:51:28,651][train][INFO] -     F1: {'mean': 0.9064404251250553, 'roads': 0.9277556000485078, 'buildings': 0.9677976094555946, 'low veg.': 0.8118187770949751, 'trees': 0.9147043804944719, 'cars': 0.9101257585317271, 'clutter': 0.0}
[2026-04-16 21:51:28,651][train][INFO] -     MIoU: {'mean': 0.8327971589954746, 'roads': 0.8652463935372187, 'buildings': 0.9376045030714932, 'low veg.': 0.6832449136926533, 'trees': 0.8428158780473293, 'cars': 0.8350741066286788, 'clutter': 0.0}
[2026-04-16 21:51:28,651][train][INFO] - 
[2026-04-16 21:51:28,651][train][INFO] - Train (epoch 95/100)
[2026-04-16 22:07:47,349][train][INFO] -     Training Loss: 0.02570200482942164
[2026-04-16 22:07:47,349][train][INFO] -     Kappa: 0.8895055728367646
[2026-04-16 22:07:47,349][train][INFO] -     OA: {'total': 91.79810127745871, 'roads': 0.9363412230336371, 'buildings': 0.9687916920449342, 'low veg.': 0.7872526018789339, 'trees': 0.9225682714284413, 'cars': 0.9265185603691223, 'clutter': 0.0}
[2026-04-16 22:07:47,349][train][INFO] -     F1: {'mean': 0.9064926882966795, 'roads': 0.927847448165565, 'buildings': 0.9679232655881168, 'low veg.': 0.811649106780223, 'trees': 0.9147440029063275, 'cars': 0.9102996180431651, 'clutter': 0.0}
[2026-04-16 22:07:47,349][train][INFO] -     MIoU: {'mean': 0.8329002445521703, 'roads': 0.8654061836424616, 'buildings': 0.9378404079030775, 'low veg.': 0.6830045834198858, 'trees': 0.8428831587717754, 'cars': 0.8353668890236507, 'clutter': 0.0}
[2026-04-16 22:07:47,349][train][INFO] - 
[2026-04-16 22:07:47,349][train][INFO] - Train (epoch 96/100)
[2026-04-16 22:23:55,872][train][INFO] -     Training Loss: 0.02575224148388952
[2026-04-16 22:23:55,873][train][INFO] -     Kappa: 0.8893435974107526
[2026-04-16 22:23:55,873][train][INFO] -     OA: {'total': 91.78546386897598, 'roads': 0.9361149704487481, 'buildings': 0.9682919637606637, 'low veg.': 0.7888476630459123, 'trees': 0.9218577841721378, 'cars': 0.9268817638235908, 'clutter': 0.0}
[2026-04-16 22:23:55,873][train][INFO] -     F1: {'mean': 0.906416413580906, 'roads': 0.9276154035987024, 'buildings': 0.9676793737261304, 'low veg.': 0.8119511417174226, 'trees': 0.9147269801427783, 'cars': 0.9101091687194965, 'clutter': 0.0}
[2026-04-16 22:23:55,873][train][INFO] -     MIoU: {'mean': 0.8327436003474602, 'roads': 0.8650025435945173, 'buildings': 0.9373825816296438, 'low veg.': 0.6834324498162179, 'trees': 0.8428542527143258, 'cars': 0.8350461739825968, 'clutter': 0.0}
[2026-04-16 22:23:55,873][train][INFO] - 
[2026-04-16 22:23:55,873][train][INFO] - Train (epoch 97/100)
[2026-04-16 22:38:52,731][train][INFO] -     Training Loss: 0.025717811737209557
[2026-04-16 22:38:52,732][train][INFO] -     Kappa: 0.8891462566378074
[2026-04-16 22:38:52,732][train][INFO] -     OA: {'total': 91.7708974737911, 'roads': 0.9361405721671855, 'buildings': 0.967847002745924, 'low veg.': 0.7884728408969549, 'trees': 0.9220515120334368, 'cars': 0.9265589163085077, 'clutter': 0.0}
[2026-04-16 22:38:52,732][train][INFO] -     F1: {'mean': 0.9063151004631731, 'roads': 0.9274065486901939, 'buildings': 0.9674273282055673, 'low veg.': 0.8118500535538224, 'trees': 0.9147297343380788, 'cars': 0.9101618375282035, 'clutter': 0.0}
[2026-04-16 22:38:52,732][train][INFO] -     MIoU: {'mean': 0.8325664153828551, 'roads': 0.8646393911483274, 'buildings': 0.9369096768020655, 'low veg.': 0.683289222864598, 'trees': 0.8428589295037697, 'cars': 0.8351348565955151, 'clutter': 0.0}
[2026-04-16 22:38:52,732][train][INFO] - 
[2026-04-16 22:38:52,732][train][INFO] - Train (epoch 98/100)
[2026-04-16 22:53:51,304][train][INFO] -     Training Loss: 0.02553710219450295
[2026-04-16 22:53:51,304][train][INFO] -     Kappa: 0.8889129643942824
[2026-04-16 22:53:51,304][train][INFO] -     OA: {'total': 91.75338385845424, 'roads': 0.9359584461213917, 'buildings': 0.967381388754122, 'low veg.': 0.7888052888507636, 'trees': 0.9219003542192152, 'cars': 0.9265790942782004, 'clutter': 0.0}
[2026-04-16 22:53:51,304][train][INFO] -     F1: {'mean': 0.9062063321894497, 'roads': 0.9271322541257895, 'buildings': 0.9671416073417146, 'low veg.': 0.8118460647676211, 'trees': 0.9147270695210165, 'cars': 0.910184665191107, 'clutter': 0.0}
[2026-04-16 22:53:51,304][train][INFO] -     MIoU: {'mean': 0.8323695615735396, 'roads': 0.8641626684101026, 'buildings': 0.9363738671402626, 'low veg.': 0.6832835718452932, 'trees': 0.8428544044835827, 'cars': 0.835173295988457, 'clutter': 0.0}
[2026-04-16 22:53:51,304][train][INFO] - 
[2026-04-16 22:53:51,305][train][INFO] - Train (epoch 99/100)
[2026-04-16 23:08:49,321][train][INFO] -     Training Loss: 0.0254629167560488
[2026-04-16 23:08:49,321][train][INFO] -     Kappa: 0.889077649549616
[2026-04-16 23:08:49,322][train][INFO] -     OA: {'total': 91.7658798456245, 'roads': 0.9362408976004113, 'buildings': 0.9677011410954228, 'low veg.': 0.7882275528730048, 'trees': 0.9220806508891904, 'cars': 0.9265992722478931, 'clutter': 0.0}
[2026-04-16 23:08:49,322][train][INFO] -     F1: {'mean': 0.9062838417197974, 'roads': 0.927305260799019, 'buildings': 0.9673453621573616, 'low veg.': 0.8118048265926153, 'trees': 0.9147562660451577, 'cars': 0.9102074930048331, 'clutter': 0.0}
[2026-04-16 23:08:49,322][train][INFO] -     MIoU: {'mean': 0.8325120264827047, 'roads': 0.8644633248502194, 'buildings': 0.9367559363102099, 'low veg.': 0.6832251508517784, 'trees': 0.8429039831555675, 'cars': 0.8352117372457486, 'clutter': 0.0}
[2026-04-16 23:08:49,322][train][INFO] - 
[2026-04-16 23:08:49,322][train][INFO] - Train (epoch 100/100)
[2026-04-16 23:23:44,277][train][INFO] -     Training Loss: 0.02571745405998081
[2026-04-16 23:23:44,277][train][INFO] -     Kappa: 0.8891284428782067
[2026-04-16 23:23:44,277][train][INFO] -     OA: {'total': 91.76957377030634, 'roads': 0.9361740833596115, 'buildings': 0.9677929730827168, 'low veg.': 0.7884928222247486, 'trees': 0.9220166819949189, 'cars': 0.9265118343792248, 'clutter': 0.0}
[2026-04-16 23:23:44,277][train][INFO] -     F1: {'mean': 0.9063219310710142, 'roads': 0.9273869679850273, 'buildings': 0.9673908856095839, 'low veg.': 0.8118614118361915, 'trees': 0.914737530591393, 'cars': 0.9102328593328752, 'clutter': 0.0}
[2026-04-16 23:23:44,277][train][INFO] -     MIoU: {'mean': 0.8325757219378284, 'roads': 0.8646053518880626, 'buildings': 0.936841319845087, 'low veg.': 0.6833053146526206, 'trees': 0.8428721681399907, 'cars': 0.8352544551633813, 'clutter': 0.0}
[2026-04-16 23:23:44,277][train][INFO] - 
[2026-04-16 23:23:44,277][train][INFO] - Best epoch 10, MIoU best: 0.844099708490692
[2026-04-16 23:23:44,894][train][INFO] - End of training !
[2026-04-16 23:23:44,900][__main__][INFO] - Training time: 26.80 hours
[2026-04-16 23:23:44,901][__main__][INFO] - 
[2026-04-16 23:23:44,901][__main__][INFO] - Start testing...
[2026-04-16 23:29:45,981][__main__][INFO] - Final model result:
[2026-04-16 23:29:45,981][__main__][INFO] -     Kappa: 0.8891284428782067
[2026-04-16 23:29:45,982][__main__][INFO] -     OA: {'total': 91.76957377030634, 'roads': 0.9361740833596115, 'buildings': 0.9677929730827168, 'low veg.': 0.7884928222247486, 'trees': 0.9220166819949189, 'cars': 0.9265118343792248, 'clutter': 0.0}
[2026-04-16 23:29:45,982][__main__][INFO] -     F1: {'mean': 0.9063219310710142, 'roads': 0.9273869679850273, 'buildings': 0.9673908856095839, 'low veg.': 0.8118614118361915, 'trees': 0.914737530591393, 'cars': 0.9102328593328752, 'clutter': 0.0}
[2026-04-16 23:29:45,982][__main__][INFO] -     MIoU: {'mean': 0.8325757219378284, 'roads': 0.8646053518880626, 'buildings': 0.936841319845087, 'low veg.': 0.6833053146526206, 'trees': 0.8428721681399907, 'cars': 0.8352544551633813, 'clutter': 0.0}
[2026-04-16 23:29:47,676][__main__][INFO] - Testing time: 0.10 hours
